sgRNA_target,norm,additive_score,p_fit_adj_WT,num_barcodes,number_muts
"H141V,K261A,H265K,Q406E,S446I",2.1777967844945354,0.42907601949979945,0.10712056130183978,1,5
"H141V,K261A,Q406E,S446I",1.4446552849744596,0.9345258540561632,0.130932694522158,1,4
"H141V,K261E,H265A,S446A",1.5628140083221898,0.6239595958222788,0.02592428592322852,2,4
"H141V,K261E,S446A",0.6395096131346464,0.9018775759717668,0.03992797033557809,3,3
"H141V,M154A,K261A,H265A,Q406E,S446T",1.418682602514331,NA,0.00863979946305184,4,6
"H141V,M154A,K261A,Q406E,S446T",1.446833545811128,NA,0.03108754312926497,2,5
H265A,0.7220820198505121,NA,0.00959808819378025,8,1
H265K,0.4945501654436365,NA,0.00282377348279234,7,1
"M154K,H265A,Q406D,S446T",1.4735692703878471,0.6654502664467834,0.01785476191204011,3,4
"M154K,Q406D,S446T",1.2155339589730847,0.9433682465962712,0.19788535056203269,1,3
