sgRNA_target,norm,additive_score,p_fit_adj_WT,num_barcodes,number_muts
"H141V,H265A,S446T",1.0749708512049223,0.7620387555421209,0.3282020066160057,2,3
"H141V,H265A,V337S,S446T",1.1109787026805222,-0.2378513230939384,0.28709186821893423,1,4
"H141V,M154D,H265K,Q406E,S446I",0.7543172499640479,0.34746567986855925,0.130932694522158,1,5
"H141V,M154D,H265K,V337A,Q406E,S446I",1.230754692678388,-0.8310906509467865,0.16147336482772237,1,6
V337A,-0.17855633081534583,NA,0.00172237454415167,5,1
V337S,1.0992136394068332e-4,NA,8.060518742523123e-4,6,1
WT,1,NA,1,30,0
