id	id_ref	Pos	Pos_ref	fold_1	fold_2	fold_3	fold_4	fold_5	fold_6	fold_7	fold_8	fold_9	fold_10	n	mean	std	ci95	trait_name	mean_kcal/mol	std_kcal/mol	ci95_kcal/mol
WT	WT			0.20244446	0.17568736	0.19821088	0.11652879	0.118397936	0.104913026	0.19196045	0.15564258	0.2127413	0.1878246	10	0.16643512	0.03992347	0.15650001	Growth	0.100204095	0.024036363	0.094222546
K27F	K27F	27	27	1.824494	0.83270335	0.3761031	2.3984237	-0.6296611				0.41408354	0.63945687	7	0.83651483	0.9995505	3.9182382	Growth	0.50363296	0.60179037	2.3590183
K27G	K27G	27	27	-1.882135	-0.03565474	-0.15039274				2.740667	0.26825067	-0.36941886	-0.25276458	7	0.045507412	1.3744938	5.3880157	Growth	0.027398236	0.8275291	3.2439141
K27M	K27M	27	27	0.28994092	0.25676864	-0.3896448	-0.049967498	0.20150131				0.34976158	0.23764992	7	0.12800144	0.26109976	1.023511	Growth	0.07706467	0.15719797	0.61621606
K27N	K27N	27	27	0.6787166	-0.97785604	0.19640744	0.9663576	-1.9373907				0.6724041	0.97737455	7	0.08228766	1.1182392	4.3834977	Growth	0.04954219	0.6732482	2.639133
K27P	K27P	27	27	2.5018525	1.5750481	0.34690568	0.39992708	0.80223566				0.7545908	0.4293733	7	0.9728476	0.7950525	3.116606	Growth	0.58571357	0.4786701	1.8763868
K27V	K27V	27	27	-0.13599308	0.18652634				0.6967385	0.6894377	-0.52695984	0.70169	2.665956	7	0.6110565	1.0228801	4.00969	Growth	0.36789328	0.6158362	2.414078
K33E	K33E	33	33	2.513524				0.16756724	2.719127	0.3809675	-0.32597733	2.8957245	0.22488031	7	1.2251161	1.4095126	5.5252895	Growth	0.7375946	0.84861255	3.3265612
K33F	K33F	33	33	0.4171283	0.45990574				-0.15890597	0.8283863	0.17071281	0.22855547	0.27507973	7	0.31726605	0.30260792	1.186223	Growth	0.1910135	0.18218842	0.7141786
K33G	K33G	33	33	-1.8812003	0.3139305	-1.8901914	0.8975313	-0.2688218	1.4721909	-0.28940305				7	-0.2351377	1.2879046	5.0485864	Growth	-0.14156723	0.7753971	3.0395567
K33H	K33H	33	33	0.34659907	0.57016754	0.38701013	0.26918858	0.43133152	0.15681513	0.49766058				7	0.37982464	0.13898312	0.5448138	Growth	0.22867759	0.08367631	0.32801113
K33I	K33I	33	33	0.671874	0.99624723				0.84507185	0.10557144	0.87034476	-0.13689601	0.6523393	7	0.572079	0.42428014	1.6631782	Growth	0.34442645	0.2554425	1.0013347
K33L	K33L	33	33	0.97062725	2.2398093	-1.8828169	-1.8386309	-0.3365701				0.15049668	2.6807027	7	0.28337398	1.809439	7.093001	Growth	0.17060842	1.0893925	4.2704186
K33M	K33M	33	33	2.4903286	-1.8294915	-0.10439809	2.366888	2.6195686	0.411495	-1.9781673				7	0.5680319	1.9936492	7.815105	Growth	0.34198985	1.2002984	4.70517
K33P	K33P	33	33	-0.9246348	2.5200412	-1.836302	0.04473068	-1.8811903				2.844124	2.617317	7	0.48344082	2.137827	8.380281	Growth	0.29106084	1.2871021	5.04544
K33Q	K33Q	33	33	-0.4143403				2.6016011	2.6721187	1.5750396	0.6409981	2.8402257	-2.1382616	7	1.1110544	1.8694831	7.328374	Growth	0.6689225	1.1255429	4.412128
K33S	K33S	33	33	-0.32446006	0.19756687				-0.2893452	-0.18699111	1.1860448	-2.3668787	-0.36337185	7	-0.30677646	1.0602726	4.1562686	Growth	-0.18469813	0.63834876	2.5023272
K33T	K33T	33	33	0.27121812				0.9344254	0.5761887	2.723254	3.0790725	0.4676745	0.45180058	7	1.2148048	1.1738889	4.6016445	Growth	0.73138654	0.7067527	2.7704706
K33V	K33V	33	33	2.17972	0.2894544	2.7602537	0.5179603				0.24818167	2.9120705	-0.24634607	7	1.2373277	1.3296504	5.2122297	Growth	0.7449467	0.8005306	3.1380801
K33W	K33W	33	33	0.6499978	2.5623562				-0.05955022	2.72082	-2.556446	1.9599954	-0.22924802	7	0.72113216	1.8790027	7.3656907	Growth	0.43416554	1.1312742	4.434595
K43A	K43A	43	43	0.19886968	0.18283902	2.761018	2.389279	2.2650697	0.2663977	0.63530743				7	1.2426828	1.169056	4.5827	Growth	0.74817085	0.70384306	2.759065
K43C	K43C	43	43	0.6884922	0.19728464				-0.025921881	0.7218509	0.21811366	2.9161875	2.5140562	7	1.0328662	1.1859734	4.649016	Growth	0.62184846	0.7140283	2.798991
K43D	K43D	43	43	0.7788809				-1.9083965	-2.0662289	2.67267	2.9758239	-2.315239	2.626054	7	0.3947949	2.43865	9.559507	Growth	0.23769061	1.468216	5.7554064
K43E	K43E	43	43	0.14574677	0.8678676	1.1323192	2.391153	0.08541022	1.295027				0.16452663	7	0.86886436	0.8367774	3.2801673	Growth	0.5231093	0.50379103	1.9748609
K43F	K43F	43	43	1.357698	1.0072255	2.7664614	-1.8529313	-0.027060652	2.7333815				-1.6132456	7	0.62450415	1.883664	7.383963	Growth	0.3759896	1.1340806	4.445596
K43G	K43G	43	43	0.40800405	2.0221038	2.7332144	-0.35928863	0.6562087	2.0656843				0.91878384	7	1.2063873	1.0961413	4.296874	Growth	0.7263187	0.65994394	2.5869803
K43I	K43I	43	43	-1.8830622	1.8070945	-1.894947	-1.844871	-1.938585	0.18657102	0.37743917				7	-0.7414802	1.5216614	5.964913	Growth	-0.4464163	0.9161329	3.5912411
K43L	K43L	43	43	0.21972162	-0.15529208				-2.127333	2.1083748	-2.238694	0.49470812	-0.4497849	7	-0.30689994	1.5189176	5.954157	Growth	-0.18477248	0.914481	3.5847654
K43N	K43N	43	43	2.5092802	-1.8514463	0.649786	0.52656364	-0.1732254	-2.0830684	-1.9408797				7	-0.33756998	1.720579	6.74467	Growth	-0.20323771	1.0358934	4.0607023
K43Q	K43Q	43	43	-0.18924953	2.5287492	0.076958984				-0.00013279263	0.7886755	2.8759804	0.17045882	7	0.89306295	1.2764344	5.003623	Growth	0.53767836	0.7684913	3.012486
K43R	K43R	43	43	0.75496554	0.48909613	0.98534584				0.45470726	1.0913391	0.8854782	2.6448157	7	1.0436783	0.7452232	2.9212751	Growth	0.62835795	0.44866982	1.7587857
K43T	K43T	43	43	-1.9068309	0.078522585	2.7503536	0.25879338	-1.9647009	0.24914172	-2.0452855				7	-0.3685723	1.7525212	6.869883	Growth	-0.221903	1.0551246	4.136089
K43V	K43V	43	43	-1.8841959				0.07876571	-2.103693	0.28422374	-2.55371	-2.3645782	-0.4707417	7	-1.2877042	1.2103508	4.744575	Growth	-0.7752765	0.7287049	2.8565233
K43W	K43W	43	43	1.0693642	2.5309136	2.7356775	0.57670665	1.0458007	0.6046591				0.54059297	7	1.3005307	0.93785906	3.6764076	Growth	0.78299874	0.56464833	2.2134216
K43Y	K43Y	43	43	0.31233737	-0.14564179	0.2073614	1.70614	1.5726713	-0.069087766				0.05475048	7	0.5197902	0.7812887	3.0626516	Growth	0.31294537	0.47038344	1.8439031
I45A	I45A	45	45	0.8577542	0.27621013	0.79889154	-0.33007908	-1.9128695	-0.28645736				-0.26115695	7	-0.12252956	0.93661183	3.6715186	Growth	-0.07377026	0.56389743	2.210478
I45C	I45C	45	45	1.0158541	0.41748086	2.5261266	1.8552582	0.093767	0.20948172	0.959197				7	1.0110236	0.89880484	3.523315	Growth	0.6086979	0.5411353	2.1212504
I45D	I45D	45	45	-0.1193782	0.7356231	0.85997146	0.10628002	0.64077634	0.14401719				0.3376567	7	0.38642097	0.36659202	1.4370407	Growth	0.23264898	0.22071075	0.86518615
I45E	I45E	45	45	0.22886187	-1.2109478	-1.8811291	-0.9713554	2.652514	-2.086809	-1.8113804				7	-0.72574943	1.682541	6.595561	Growth	-0.4369454	1.0129923	3.9709299
I45H	I45H	45	45	0.81977797	-0.1322627	0.21474011	-0.13447389				-0.062093813	0.15739518	-0.29963803	7	0.080492124	0.3712108	1.4551464	Growth	0.048461165	0.22349155	0.8760869
I45K	I45K	45	45	0.52377677	2.552064	1.2675283	-1.8529607				0.28296447	-0.3115342	0.47441664	7	0.41946507	1.3538834	5.307223	Growth	0.25254354	0.81512034	3.1952717
I45M	I45M	45	45	-0.05039797	0.73287475	1.061712	0.28765795	1.2309115				0.11281598	0.186395	7	0.5088528	0.49995345	1.9598175	Growth	0.3063604	0.30100247	1.1799297
I45P	I45P	45	45	1.6820602				0.27886727	0.2828495	1.1039102	0.8992156	-0.611704	-2.1536872	7	0.21164449	1.2723535	4.987626	Growth	0.12742288	0.7660344	3.002855
I45R	I45R	45	45	0.76975656	0.5936358				-0.76726466	-2.0127137	0.8501553	2.9181616	-2.1737587	7	0.025424616	1.8047979	7.0748076	Growth	0.015307169	1.0865984	4.2594657
I45S	I45S	45	45	-0.18462238	0.18965174	0.2143712	0.7542637	-0.4996339				-2.2727134	0.2046173	7	-0.22772369	0.98138034	3.847011	Growth	-0.13710354	0.59085083	2.3161354
I45T	I45T	45	45	2.5199304	0.006255904	0.74550015	-1.8239322	2.6522336	2.7267077	-1.9895058				7	0.6910271	2.0541573	8.052297	Growth	0.41604045	1.236728	4.847974
I45W	I45W	45	45	-1.8733262	-0.39163744	0.5047509	0.6047357				0.27425066	-2.333297	2.6397188	7	-0.082114935	1.6695116	6.5444856	Growth	-0.049438197	1.0051477	3.940179
T91A	T91A	91	91	2.5419118	0.78723073				0.28836077	-0.51927346	-0.27248934	-0.4217056	0.074898235	7	0.35413334	1.0656507	4.177351	Growth	0.21320987	0.6415867	2.51502
T91D	T91D	91	91	-1.872982	1.011806	2.728082	-0.1084172				-2.5123093	2.8717349	0.19071078	7	0.32980356	2.074429	8.131762	Growth	0.19856185	1.2489327	4.8958163
T91E	T91E	91	91	-0.39268342	0.5624118				0.85426307	0.3920021	3.097982	2.9595838	0.30089328	7	1.110636	1.3642162	5.347728	Growth	0.6686706	0.82134134	3.2196581
T91F	T91F	91	91	2.5308795	0.18800707	0.6666168	0.78757286	-0.7336948	0.9556586				2.6905608	7	1.0122287	1.2263637	4.807346	Growth	0.6094234	0.7383457	2.8943152
T91G	T91G	91	91	0.8141974	-1.8693435	-1.9000788				0.94835335	0.64819896	-0.36253887	0.40854988	7	-0.18752308	1.2341928	4.838036	Growth	-0.11290033	0.74305934	2.9127927
T91H	T91H	91	91	2.5269153	2.5632832	0.21921018				1.931841	0.8778846	-0.36674917	0.50368154	7	1.1794382	1.1659864	4.570667	Growth	0.71009374	0.7019949	2.75182
T91I	T91I	91	91	0.792521	2.576097	0.9359888	-1.838343	-1.9286014	0.12333222				0.23720334	7	0.128314	1.5914184	6.2383604	Growth	0.07725286	0.9581309	3.7558732
T91L	T91L	91	91	2.5287466	2.3264894	1.201503	2.402047	0.17998597				-0.34558117	2.6772048	7	1.5671995	1.2347065	4.8400497	Growth	0.94354963	0.7433686	2.914005
T91P	T91P	91	91	0.3629034	2.5590017	-1.8586998				-1.985567	3.024541	2.9043024	2.6650798	7	1.0959374	2.249272	8.817147	Growth	0.6598211	1.3541989	5.3084598
T91Q	T91Q	91	91	2.5278997	0.4962458	2.7742422				2.7225568	3.052498	-0.4491754	-1.7371483	7	1.3410169	1.9014982	7.453873	Growth	0.80737394	1.1448178	4.487686
T91R	T91R	91	91	2.5204089	-1.8164353	-0.24368311	0.4817336	0.3359477				-2.2948105	0.5255359	7	-0.07018613	1.6105934	6.3135266	Growth	-0.04225633	0.9696755	3.801128
T91S	T91S	91	91	-1.844494	0.41924372	-1.841056	-1.8131294				-0.29553962	0.21769495	2.6230836	7	-0.36202812	1.6508937	6.4715033	Growth	-0.21796301	0.9939387	3.8962398
T91W	T91W	91	91	-0.0044702273				0.9588611	0.8783844	1.7306472	0.43753502	2.9344783	1.4463274	7	1.1973946	0.96127665	3.7682045	Growth	0.7209046	0.57874715	2.268689
T91Y	T91Y	91	91	2.5046055	-0.5267564	0.9818249				0.14429112	2.9420712	2.9134426	0.91805476	7	1.4110762	1.3894917	5.4468074	Growth	0.8495539	0.8365587	3.2793102
V98C	V98C	98	98	0.053461265	0.14746358	0.4574619	2.2383559	0.77535146	0.8224443	0.7223575				7	0.74527085	0.7252007	2.8427868	Growth	0.4486985	0.43661505	1.711531
V98D	V98D	98	98	1.9340504	0.6352593	1.0657562	2.4198525				3.1037128	0.43238544	2.296181	7	1.698171	1.0034581	3.933556	Growth	1.0224025	0.60414296	2.3682404
V98E	V98E	98	98	0.6892531	2.5749452	1.0846801				-1.9947048	-2.335148	2.9304209	2.6868057	7	0.8051788	2.1977947	8.6153555	Growth	0.48476675	1.3232064	5.1869693
V98F	V98F	98	98	0.7112784	0.42209256				0.3676822	2.743695	3.0976043	0.12721618	0.39997426	7	1.1242204	1.2430706	4.872837	Growth	0.6768492	0.7484043	2.933745
V98K	V98K	98	98	1.97879	0.8791064				0.9228321	0.5609859	0.08391746	-0.068553954	0.49225092	7	0.69276124	0.67692786	2.6535573	Growth	0.41708452	0.40755185	1.5976033
V98L	V98L	98	98	0.6319384	2.541564	-1.8668493	2.3789694	0.6925498	0.82978237	0.68812627				7	0.84229726	1.4536703	5.6983876	Growth	0.5071143	0.8751981	3.4307768
V98M	V98M	98	98	2.5081804	0.6838207	0.33272097				0.32448548	0.5621351	2.9054623	0.649621	7	1.1380608	1.0868924	4.260618	Growth	0.685182	0.6543755	2.565152
V98P	V98P	98	98	0.42278054	-1.8434747				-2.0726376	-0.12670097	3.0134068	2.892455	0.6007473	7	0.41236806	2.0209942	7.9222975	Growth	0.24827072	1.2167617	4.769706
V98S	V98S	98	98	0.4869749				0.41867745	0.38721055	0.34747452	0.18703176	0.69944084	0.5246416	7	0.43592167	0.15935245	0.6246616	Growth	0.2624514	0.09593989	0.3760844
V98T	V98T	98	98	0.10410799	0.28869542				1.4273793	-0.748895	2.3768134	2.8222048	0.604039	7	0.98204935	1.2858485	5.0405264	Growth	0.5912536	0.7741592	3.0347042
V98Y	V98Y	98	98	0.6568033	2.5580106	2.765884	0.15898666	-0.21622093	-0.36360404				0.26399624	7	0.8319794	1.2944448	5.0742235	Growth	0.5009023	0.7793347	3.0549922
K99A	K99A	99	99	0.56026036				0.4893768	-0.12024535	2.671238	2.9635053	1.0682443	2.622714	7	1.4650134	1.2570894	4.9277906	Growth	0.8820274	0.75684446	2.9668303
K99C	K99C	99	99	0.6995198	2.553163	1.0997024	2.3866615	2.1368265	2.7279825	0.7390448				7	1.7632716	0.8854082	3.4708004	Growth	1.061597	0.53306973	2.0896335
K99D	K99D	99	99	-0.108824074	-0.1928234	2.7716827	2.4013045	-1.8965969				0.10448042	-1.9880499	7	0.15588187	1.8658223	7.3140235	Growth	0.09385039	1.1233388	4.403488
K99E	K99E	99	99	1.0379736	1.9877167	2.729418				0.47429582	2.997511	2.875974	2.6340568	7	2.105278	0.9892987	3.878051	Growth	1.2675058	0.5956181	2.3348231
K99F	K99F	99	99	0.09989983	2.5686576	-0.17398277				2.7259822	0.60515743	-0.2936455	2.6840594	7	1.1737326	1.4190556	5.562698	Growth	0.7066586	0.85435796	3.3490832
K99G	K99G	99	99	0.6563658	0.027884977	2.7211173				2.6687725	0.7375358	2.8590937	-2.0730324	7	1.085391	1.8132725	7.1080284	Growth	0.6534716	1.0917006	4.279466
K99H	K99H	99	99	0.35712266	0.7360052	0.29052106	2.3835802	0.83960754	0.33226663	2.707909				7	1.0924304	1.0189359	3.9942288	Growth	0.65770966	0.61346155	2.4047694
K99I	K99I	99	99	2.5180464	1.881689	0.48747376	2.3905005	0.49313518	0.4439446				0.06612589	7	1.1829879	1.0393791	4.074366	Growth	0.71223086	0.6257696	2.453017
K99L	K99L	99	99	1.0755196				0.48197982	0.32103556	2.7156155	3.0546768	-0.20322116	0.34503508	7	1.1129487	1.2706621	4.980995	Growth	0.67006296	0.765016	2.9988627
K99N	K99N	99	99	0.12180121				0.7258071	-0.26986712	1.107649	-0.3181145	2.9156942	0.21466228	7	0.6425189	1.125469	4.4118385	Growth	0.38683555	0.6776009	2.6561956
K99P	K99P	99	99	-1.887269	-1.867129	2.751553	2.3799274	0.18937308				0.24701035	-2.1823766	7	-0.05270156	2.046267	8.021367	Growth	-0.031729553	1.2319775	4.829352
K99R	K99R	99	99	0.3225053				2.6441054	-2.119612	0.11683412	0.23093246	-2.1246028	0.5484004	7	-0.05449101	1.6557442	6.490517	Growth	-0.03280691	0.99685895	3.9076872
K99S	K99S	99	99	0.6767396				-1.9324199	0.24848576	-2.013507	3.0155916	2.8897705	2.6450186	7	0.7899542	2.1748822	8.525538	Growth	0.4756006	1.3094116	5.1328936
K99V	K99V	99	99	2.512464	0.84261733	-0.054889504	-1.7936051	2.6408834	-2.0220058				2.6434135	7	0.6812683	2.0430384	8.008711	Growth	0.41016504	1.2300336	4.821732
K99W	K99W	99	99	1.7812557	2.5316834	0.49485967	0.08439421	2.625225	2.699019	-0.01113641				7	1.4579	1.233736	4.8362455	Growth	0.87774473	0.7427843	2.9117146
F104A	F104A	104	104	2.503385	0.34780136	-1.821218	2.3809807				-2.437781	-0.011320264	2.6325777	7	0.51348937	2.0976763	8.222891	Growth	0.30915192	1.262929	4.9506817
F104C	F104C	104	104	0.8862146	0.7953543				1.5738497	1.6249566	3.1255138	0.63571495	1.4957975	7	1.4482001	0.843094	3.3049285	Growth	0.8719048	0.507594	1.9897685
F104E	F104E	104	104	-1.9133278				-1.9727285	-0.042776898	-0.514478	-0.47085023	-0.37597474	-0.03848711	7	-0.76123184	0.82937914	3.2511663	Growth	-0.45830798	0.4993368	1.9574003
F104H	F104H	104	104	-1.8989426	-0.023601275	-0.28387538	-1.864158				-2.5649972	-0.5983487	-0.43148303	7	-1.0950581	0.99092174	3.8844132	Growth	-0.65929174	0.5965953	2.3386536
F104I	F104I	104	104	0.34141883	0.48590514	0.4928961	0.16501513	0.22830297	1.0452236				0.42608646	7	0.45497832	0.2886678	1.1315778	Growth	0.27392468	0.17379561	0.6812788
F104K	F104K	104	104	-0.6466227	-1.8926611	-1.927445	-0.78889275				-0.66290575	-2.4010787	-1.7571837	7	-1.4395415	0.7215775	2.828584	Growth	-0.8666917	0.43443367	1.70298
F104L	F104L	104	104	0.45092383	0.9255691				2.7522652	0.2472755	-0.34560856	0.6344069	1.0066316	7	0.81020916	0.9692156	3.7993252	Growth	0.48779532	0.58352685	2.2874253
F104M	F104M	104	104	0.92342025	0.38299045				-0.13855979	0.7021942	0.2666327	0.29514766	2.6568935	7	0.7269598	0.91557413	3.5890508	Growth	0.43767413	0.55123144	2.1608274
F104P	F104P	104	104	-0.34198606	0.028101554				-0.22871274	-2.0267696	-2.4201922	-2.368554	-0.18033475	7	-1.0769211	1.129855	4.429032	Growth	-0.6483722	0.68024164	2.6665473
F104Q	F104Q	104	104	-1.8045927	2.48804	2.6870983				2.628612	-0.1682433	-2.2231114	-2.084072	7	0.21767579	2.329492	9.131609	Growth	0.1310541	1.4024962	5.497785
F104R	F104R	104	104	-1.8843404	-0.15438102	-1.8942884	-1.8478074	-0.29284057	0.019681068	-0.1575824				7	-0.8873655	0.92882943	3.6410115	Growth	-0.5342482	0.55921197	2.192111
F104S	F104S	104	104	2.5175133				-0.07938864	0.38782832	-0.14519921	3.0304356	0.13938533	-2.1586776	7	0.52741385	1.7526821	6.870514	Growth	0.31753528	1.0552214	4.136468
F104T	F104T	104	104	0.7295062	-0.13287063				0.4450824	0.08632568	-0.34419492	0.3562998	0.7612891	7	0.27163395	0.42108396	1.6506492	Growth	0.1635402	0.25351822	0.99379146
F104V	F104V	104	104	2.5325215	2.5720282	0.7895715	0.42766938				0.11201876	-0.124259956	2.6913757	7	1.2858465	1.2604895	4.9411187	Growth	0.774158	0.7588915	2.974855
F104W	F104W	104	104	-0.40024564	-1.8756722	-0.3311884				0.483713	0.21992208	-0.37187448	-0.3450326	7	-0.37433976	0.74685997	2.9276912	Growth	-0.22537535	0.44965523	1.7626486
V106A	V106A	106	106	0.43796498	0.40529367	0.47275227	0.6382758	2.6707988				0.11366505	2.2248867	7	0.99480534	1.0128927	3.9705396	Growth	0.59893346	0.60982317	2.3905067
V106C	V106C	106	106	0.33469227	0.77770114	2.796876	2.4175134	2.6837723				2.9620717	-0.02118776	7	1.7073485	1.2881126	5.0494018	Growth	1.0279279	0.77552235	3.0400476
V106D	V106D	106	106	-0.2777079	-1.8715982	-1.9029443	-1.8538693	0.19594519				-2.3710613	-2.1891255	7	-1.4671944	1.0018324	3.927183	Growth	-0.88334054	0.6031642	2.3644037
V106E	V106E	106	106	-1.7950479	-1.7665652	-1.7776498	-1.7681081				-2.3671324	-1.4192103	-2.0730338	7	-1.8523924	0.2957002	1.1591448	Growth	-1.1152532	0.17802955	0.69787586
V106G	V106G	106	106	-0.39275166	-1.8597245				-0.66296667	1.6633016	-2.537292	-2.3515546	-2.175725	7	-1.1881019	1.507717	5.9102507	Growth	-0.7153098	0.90773755	3.5583313
V106I	V106I	106	106	-1.810554	2.0443444	0.034274984				-1.0973464	2.8890367	-2.237089	2.5898259	7	0.34464177	2.1559858	8.451465	Growth	0.20749536	1.2980349	5.088297
V106K	V106K	106	106	0.22862177	1.0157042	-0.2576593	0.37006342				-2.5488813	0.030637315	0.35146213	7	-0.1157217	1.141255	4.4737196	Growth	-0.06967152	0.6871051	2.6934521
V106L	V106L	106	106	0.08236193	0.21973796	0.2037453	0.17746042				0.1756708	-0.0367708	0.15383399	7	0.13943423	0.08930892	0.35009095	Growth	0.08394791	0.053769413	0.2107761
V106M	V106M	106	106	2.5214643	-0.48952317	0.68532753	0.28187832	-0.0045767217				2.9094758	-0.100510985	7	0.8290764	1.3422707	5.2617016	Growth	0.49915454	0.80812883	3.167865
V106N	V106N	106	106	0.09473978	-0.46758965	-1.8880435	-0.32413346	-0.15930897				-2.4063642	-1.7626879	7	-0.9876269	0.9993811	3.9175742	Growth	-0.59461164	0.6016884	2.3586185
V106P	V106P	106	106	-1.8913629	-1.8722003				-2.0981889	-2.0318027	-2.5683596	-2.1179292	-2.1910098	7	-2.110122	0.23356801	0.91558665	Growth	-1.2704221	0.14062218	0.55123895
V106Q	V106Q	106	106	-1.8915411	-1.8721366	-1.903458	-0.21253741	-1.9479107				-0.09234284	-0.5406614	7	-1.2086555	0.8775354	3.4399388	Growth	-0.7276843	0.5283298	2.0710528
V106Y	V106Y	106	106	-0.0606177	-1.8675548	0.008477962	-1.8495167	-1.9431113				-2.36741	-2.1652248	7	-1.4635655	0.9988798	3.915609	Growth	-0.88115567	0.60138655	2.3574352
N123D	N123D	123	123	0.15598921	0.8462517	0.2691029	0.43051088				-0.47169256	0.45479533	-2.1960166	7	-0.07300843	1.017574	3.98889	Growth	-0.043955527	0.6126416	2.401555
N123F	N123F	123	123	-1.8393708				2.6197057	2.689629	0.31938422	-2.4561453	2.852253	0.23810907	7	0.63193786	2.1989212	8.619771	Growth	0.38046512	1.3238846	5.1896276
N123H	N123H	123	123	-1.8773636	-1.856943	0.28510952	-0.3865968				-0.25722614	2.9393456	-1.7892827	7	-0.4204224	1.7259607	6.765766	Growth	-0.25311992	1.0391335	4.0734034
N123I	N123I	123	123	1.6800787	-0.0546248	2.769407	2.393874	0.41674632	2.7370813				2.6805396	7	1.8033003	1.1770893	4.61419	Growth	1.0856967	0.70867956	2.778024
N123K	N123K	123	123	-0.09704376	0.36957327	2.1837692	2.3288994				-2.3381736	-1.9649272	0.38771683	7	0.124259174	1.8124044	7.104625	Growth	0.0748116	1.0911779	4.2774177
N123L	N123L	123	123	0.10373266	2.557336	0.73268133				0.52677983	-2.5433137	-1.5532672	-0.39506978	7	-0.0815887	1.6510408	6.47208	Growth	-0.049121372	0.9940272	3.8965867
N123P	N123P	123	123	-1.8619704	-1.8393141	-1.8610302				2.6675386	2.9678998	2.855701	0.31780356	7	0.46380407	2.3447766	9.1915245	Growth	0.2792383	1.4116985	5.5338583
N123Q	N123Q	123	123	0.9995891	-1.8644027				2.7210844	0.90502495	-0.36015567	-0.35430232	0.058016486	7	0.30069345	1.4331921	5.618113	Growth	0.18103579	0.862869	3.3824465
N123R	N123R	123	123	-0.04012513	-1.8475624	-0.2907319	-1.8385885				-2.5043752	-2.3236446	-0.2750594	7	-1.3028697	1.0602376	4.1561317	Growth	-0.78440696	0.6383277	2.5022447
N123W	N123W	123	123	-1.8286061	-0.71490306	-1.824645	-1.7950702	1.1619248				0.3762735	-2.117363	7	-0.96319836	1.2836869	5.0320525	Growth	-0.57990414	0.7728578	3.0296025
N123Y	N123Y	123	123	-1.8931406	-1.8732827				-2.1092715	0.23013574	-0.1338236	-2.3634138	-2.187973	7	-1.4758242	1.0598441	4.154589	Growth	-0.88853616	0.6380908	2.5013158
H126A	H126A	126	126	0.67115897	0.8625607	1.3441784	-0.04011336	2.624531				2.8751616	2.5696054	7	1.5581545	1.1376553	4.4596086	Growth	0.938104	0.68493783	2.6849563
H126D	H126D	126	126	-1.8533946	-1.8305329	0.49812102				-1.9802977	2.9880066	2.8743238	0.25138715	7	0.13537332	2.1633484	8.480326	Growth	0.081503	1.3024677	5.1056733
H126G	H126G	126	126	2.1796312	2.5366504	-1.8738637				0.40222013	3.007635	0.17993736	-2.1627452	7	0.60992366	2.0820744	8.161732	Growth	0.36721122	1.2535357	4.9138603
H126I	H126I	126	126	-1.8743603	-1.8533393	2.1332598	0.6290548				-0.43828487	0.99215955	-0.13958234	7	-0.07872755	1.4746283	5.7805433	Growth	-0.047398787	0.8878162	3.4802396
H126L	H126L	126	126	-0.23393275				0.63117886	-0.6587852	0.18473811	3.0398076	-2.3518007	0.014924235	7	0.089447185	1.614355	6.3282714	Growth	0.05385266	0.9719401	3.8100052
H126M	H126M	126	126	2.5267022	2.5646977	2.772263	2.4001524	2.6598206	2.735182	-0.15196581				7	2.2152648	1.051606	4.122296	Growth	1.3337245	0.63313097	2.4818735
H126N	H126N	126	126	0.66537136	0.7791828	0.41813406	0.5399485	2.650598	0.8315932	1.025848				7	0.9872394	0.7597494	2.9782178	Growth	0.59437835	0.45741546	1.7930686
H126P	H126P	126	126	-1.8412015	2.5302625	2.7341485				-1.9649601	0.6635183	0.27871317	2.6286495	7	0.71844715	2.0389318	7.992613	Growth	0.432549	1.2275612	4.8120403
H126Q	H126Q	126	126	0.69483477	0.44172183	0.742999	2.3752143	0.72351986	0.36808932	2.697916				7	1.1491851	0.96306306	3.7752073	Growth	0.69187945	0.57982266	2.2729049
H126R	H126R	126	126	-1.8282632	2.4936578	-1.817904	-0.258306				-2.4255602	2.8040833	-2.1106484	7	-0.44899154	2.225694	8.72472	Growth	-0.2703203	1.3400035	5.252814
H126S	H126S	126	126	-1.8726693				0.22981063	0.37051138	0.94736844	3.0367758	0.011297584	-0.26434204	7	0.35125035	1.473254	5.7751555	Growth	0.21147412	0.8869887	3.4769957
H126T	H126T	126	126	-1.8747025	0.94137114	-0.62785035	0.4584515	0.6269872				2.8896143	0.3213019	7	0.39073902	1.4595971	5.7216206	Growth	0.23524871	0.8787665	3.4447646
H126V	H126V	126	126	2.5075188	-1.8057382	-1.8263853				2.6918888	2.9690437	-2.277037	1.0388288	7	0.47115996	2.36839	9.284089	Growth	0.28366703	1.4259152	5.5895877
H126W	H126W	126	126	1.0753068	2.5725362	-1.8735905	0.26225042				-0.13131924	-1.6150697	1.9173162	7	0.31534714	1.6812215	6.5903883	Growth	0.1898582	1.0121979	3.9678156
H126Y	H126Y	126	126	1.0030774				-0.93798566	0.03634072	-0.45030174	2.5775788	0.49129963	1.609424	7	0.6184905	1.2170931	4.771005	Growth	0.372369	0.73276424	2.8724358
W128A	W128A	128	128	0.97233254	2.5523927	0.9085114				2.708425	3.0419655	2.5780766	0.52491355	7	1.8980882	1.0470191	4.1043153	Growth	1.1427648	0.63036937	2.4710479
W128D	W128D	128	128	0.26834366	0.08130852	0.118875325				0.020712797	-2.573859	0.07122059	-1.1605746	7	-0.45342466	1.0512515	4.120906	Growth	-0.2729893	0.6329175	2.4810367
W128F	W128F	128	128	1.3026781	-1.8396976	2.7253458	2.3609116	2.6143367	0.27783096				2.6259398	7	1.4381922	1.7035061	6.677744	Growth	0.8658794	1.0256145	4.020409
W128G	W128G	128	128	2.4891007	0.6656613	-1.8549218				2.6765733	2.974346	2.8624616	2.6287954	7	1.7774309	1.7832398	6.9903	Growth	1.0701218	1.0736191	4.208587
W128H	W128H	128	128	2.5276341	-0.080726616				0.92084926	-2.0088372	0.034032825	0.6918296	-0.15003133	7	0.27639297	1.3690864	5.366819	Growth	0.16640542	0.82427347	3.231152
W128I	W128I	128	128	2.5090573	0.53813016	2.752033	2.3842502	-0.26527974	-2.0596974				0.49661553	7	0.9078726	1.7622434	6.9079943	Growth	0.5465947	1.0609779	4.159034
W128K	W128K	128	128	0.6350516	2.586996	0.7892209				2.1563604	0.92497337	0.4122454	0.6578573	7	1.1661006	0.84738433	3.3217466	Growth	0.7020637	0.510177	1.9998939
W128L	W128L	128	128	1.0509714	-0.30693358	2.739183	2.3739128	2.6275785	0.70957714				2.6371877	7	1.690211	1.2043027	4.7208667	Growth	1.0176101	0.7250636	2.8422494
W128M	W128M	128	128	-1.8435882	2.5465317	2.7519786	-1.8097789				1.2057267	2.8787913	0.2672698	7	0.85670435	2.0578055	8.066598	Growth	0.51578826	1.2389244	4.8565836
W128P	W128P	128	128	-1.8973567	-1.8782426	-1.9092906	-1.8610289	-1.5143589	-2.118438	-2.035786				7	-1.887786	0.18969853	0.74361825	Growth	-1.1365623	0.114210084	0.44770354
W128V	W128V	128	128	1.473518	0.27187762	2.742548	-0.22012353	-1.9169087	0.7247438				-2.1607893	7	0.13069518	1.7589974	6.89527	Growth	0.07868647	1.0590237	4.151373
S129A	S129A	129	129	0.5818632	-1.8463058				0.86603844	2.687506	0.05933515	2.8819008	2.642203	7	1.1246488	1.7395587	6.8190703	Growth	0.67710716	1.0473204	4.105496
S129D	S129D	129	129	2.4980493	1.7573636				-0.2281921	-0.15345705	-0.36484087	1.2453853	-0.28803346	7	0.63803923	1.1776811	4.61651	Growth	0.38413852	0.7090358	2.7794204
S129E	S129E	129	129	0.6546849	0.059626333				-0.05821545	0.4205049	0.65862334	0.4668044	0.44835383	7	0.37862602	0.27736542	1.0872724	Growth	0.22795595	0.16699089	0.6546043
S129F	S129F	129	129	-1.8947734	-1.8755305	-1.9067006	-1.8581045	-1.9514624				-2.3746057	-2.192723	7	-2.0077002	0.19782856	0.77548796	Growth	-1.208758	0.119104855	0.46689105
S129G	S129G	129	129	0.39952183	0.23015052	-1.8514526	0.68309176	-1.8964096				-2.0812206	2.6308467	7	-0.26935315	1.7534928	6.873692	Growth	-0.16216703	1.0557096	4.1383815
S129I	S129I	129	129	-1.8456237	-1.82252	-1.8459944				-1.9379215	-2.4757988	2.8798308	2.6555471	7	-0.6274972	2.3313017	9.138702	Growth	-0.37779158	1.4035858	5.5020566
S129L	S129L	129	129	-1.8934243				-0.66525334	-2.1152015	-0.42121762	-2.5669794	-2.375678	0.0061836243	7	-1.4330815	1.0437375	4.091451	Growth	-0.86280245	0.62839365	2.463303
S129M	S129M	129	129	-1.8951689	-1.875778	0.26416624	-0.09523608				-2.5618582	0.36871412	-2.19209	7	-1.1410358	1.2635696	4.9531927	Growth	-0.6869731	0.76074594	2.982124
S129N	S129N	129	129	-1.8998643	-1.8811516	-1.9140865	-1.8620948				0.4921923	-2.38474	-0.36786556	7	-1.4025158	1.0467848	4.1033964	Growth	-0.8444	0.6302282	2.4704947
S129R	S129R	129	129	-1.8999892	-1.8816658	-1.9179022	-1.8595409	-1.9613757				-2.3929286	-2.2019134	7	-2.0164738	0.20216657	0.792493	Growth	-1.2140402	0.1217166	0.4771291
S129V	S129V	129	129	-1.8862317	0.10101356	-0.4135253				-1.4561944	0.115832776	-1.8330461	-2.1852171	7	-1.079624	0.98734593	3.8703961	Growth	-0.6499995	0.5944424	2.3302143
S129W	S129W	129	129	-1.7976456	2.5237505	-1.7857689	2.371218				-2.3848326	-1.5978736	2.604944	7	-0.009458303	2.3607283	9.254055	Growth	-0.0056944755	1.4213023	5.571505
S129Y	S129Y	129	129	-1.8719368	-0.121752575	-0.21921146	-1.8375813				-2.5194242	-2.3368394	-2.1655433	7	-1.5817556	0.99397933	3.896399	Growth	-0.95231336	0.5984362	2.3458698
L132A	L132A	132	132	-1.8995906	0.4918539	-0.25074056	0.099042445	0.5645092	-0.37981898	0.08873594				7	-0.18371554	0.8324254	3.2631078	Growth	-0.11060795	0.5011709	1.9645898
L132C	L132C	132	132	-0.59270555	-0.920992	-0.018761383				0.1143112	0.09761201	-2.3853328	-2.2000616	7	-0.84370434	1.0622066	4.16385	Growth	-0.50796145	0.63951313	2.5068915
L132D	L132D	132	132	0.66358435				-1.8968288	0.9663413	0.43858707	-2.4831147	-2.3070338	2.6451747	7	-0.28189853	1.9618623	7.6905003	Growth	-0.1697201	1.1811607	4.63015
L132M	L132M	132	132	0.7911525	0.79025894	2.7682195	0.38245395				0.71592766	0.8545114	2.678087	7	1.2829444	0.9960764	3.9046197	Growth	0.77241075	0.5996987	2.350819
L132P	L132P	132	132	-1.8860209	-1.8663913	-1.8983415				-2.0247915	-2.5570347	-2.0782275	0.16907372	7	-1.7345334	0.8727134	3.4210365	Growth	-1.0442948	0.5254267	2.0596726
L132Q	L132Q	132	132	0.49406376	0.5573092				2.7585082	0.5328947	2.676772	2.9531343	1.0971025	7	1.5813978	1.157011	4.5354834	Growth	0.9520979	0.6965912	2.7306376
L132S	L132S	132	132	0.16986467	0.77843267				-0.41194165	-2.0277	-0.6720357	0.3477946	0.11011066	7	-0.24363925	0.92062217	3.608839	Growth	-0.14668567	0.5542707	2.1727412
L132T	L132T	132	132	-1.8954276	-0.03648094				-0.11116591	-0.12877591	-0.06457691	-2.3752227	-2.1933503	7	-0.9721429	1.1153567	4.372198	Growth	-0.5852893	0.6715127	2.63233
L132V	L132V	132	132	-1.877444	0.40238953				2.7097547	-2.0093818	3.0200667	0.43234733	-1.6646833	7	0.1447213	2.1212964	8.315482	Growth	0.087131046	1.2771498	5.0064273
H141A	H141A	141	141	2.501011				-1.8811888	-0.65540576	2.66159	-2.4603827	2.8641765	-2.1289122	7	0.12869832	2.4488385	9.599447	Growth	0.077484235	1.4743501	5.7794523
H141C	H141C	141	141	0.8455323	0.64285845	0.6611196				0.6306816	0.7158356	0.6272234	0.67126405	7	0.68493074	0.076968506	0.30171654	Growth	0.41237006	0.046339735	0.18165177
H141D	H141D	141	141	-1.8917111	-1.8723152	-1.9036291	-1.8546412	-1.9480975	0.020925391				-1.7216828	7	-1.5958787	0.71641964	2.808365	Growth	-0.9608163	0.4313283	1.690807
H141E	H141E	141	141	-0.012969892	-0.22813627	-0.062407576	0.0058951513	-0.22164191	-0.021987798	-0.26053897				7	-0.11454104	0.116758615	0.4576938	Growth	-0.06896069	0.0702958	0.27555954
H141G	H141G	141	141	-1.852905	2.5499573	2.7559495				1.1441855	-0.1680966	2.8904376	-1.3950032	7	0.8463607	2.006431	7.86521	Growth	0.50956076	1.2079939	4.735336
H141K	H141K	141	141	0.49152768	-0.9429279	0.5717948	2.374052	0.39523315	0.66741025	0.77423835				7	0.6187612	0.9673691	3.7920868	Growth	0.37253195	0.58241516	2.2830675
H141L	H141L	141	141	-0.08871572	1.0618962				-0.18920757	0.7286098	-0.5679018	-2.2897878	0.1561861	7	-0.16984582	1.0870655	4.2612967	Growth	-0.10225754	0.6544797	2.5655603
H141M	H141M	141	141	0.819631	1.3875762				0.6376538	0.051733147	-0.5684435	2.9219007	0.4162691	7	0.8094744	1.1145711	4.3691187	Growth	0.48735294	0.67103976	2.630476
H141N	H141N	141	141	0.60148424	0.88868093	0.85865533	0.7226539	1.2557197				0.49531904	1.0510755	7	0.8390841	0.26126376	1.024154	Growth	0.50517976	0.15729672	0.61660314
H141Q	H141Q	141	141	0.75592494	0.5721856				0.6433802	0.95459247	-2.5657153	2.9091012	1.6141758	7	0.6976636	1.6567131	6.4943156	Growth	0.42003602	0.9974423	3.9099739
H141R	H141R	141	141	-1.9050658	-0.50754094	0.053912386	-0.22267817				-2.5766983	-2.3834045	-2.2025983	7	-1.3920106	1.1215274	4.3963876	Growth	-0.8380752	0.6752279	2.6468933
H141S	H141S	141	141	0.22194304	-0.4252053	0.38092577	2.398163	2.6568553	1.1446555	-1.9893249				7	0.6268589	1.6177255	6.341484	Growth	0.37740728	0.9739694	3.81796
H141T	H141T	141	141	2.5344706	0.795434	0.43414667				1.1370307	0.67642754	0.58166534	0.675736	7	0.9764158	0.7206908	2.825108	Growth	0.58786184	0.4338998	1.7008872
H141W	H141W	141	141	-1.885783	0.2764463	-1.8976793	-0.52760875	-1.9415787	-0.0877766	-0.077091				7	-0.8772959	0.9923035	3.8898299	Growth	-0.5281856	0.5974272	2.3419147
H141Y	H141Y	141	141	-0.1193764	-0.6182013				-0.016054573	-0.20849296	-0.332016	-0.44574913	0.29967678	7	-0.20574482	0.3007123	1.1787922	Growth	-0.123870924	0.18104713	0.70970476
Q142A	Q142A	142	142	2.5306787	2.5703661	0.3148303	2.140761	0.8368666				0.27311245	2.6907387	7	1.6224791	1.1015923	4.318242	Growth	0.9768313	0.6632257	2.599845
Q142D	Q142D	142	142	1.3985467				-1.9338988	2.4832857	2.707668	0.60495543	-2.3515744	0.30208918	7	0.45872456	1.9878048	7.792195	Growth	0.27618015	1.1967797	4.6913767
Q142E	Q142E	142	142	0.87125945				1.0952848	2.7553551	0.63885784	0.76351506	1.3515891	0.4840758	7	1.137134	0.7693532	3.0158646	Growth	0.68462396	0.46319753	1.8157344
Q142F	Q142F	142	142	0.6363153				2.666263	-2.076396	2.7268825	-0.18771966	-2.3345637	2.6830676	7	0.58769274	2.2183988	8.696123	Growth	0.35382685	1.3356113	5.2355967
Q142G	Q142G	142	142	0.4629305	2.5555234	-0.07471326	2.3930676	-1.897604	2.723113	-0.28757104				7	0.8392495	1.762854	6.9103875	Growth	0.50527936	1.0613456	4.160475
Q142H	Q142H	142	142	0.73446846	2.550475	0.09938119	0.6469694	0.4501724	0.5884895	2.7089689				7	1.111275	1.0579678	4.147234	Growth	0.6690553	0.6369611	2.4968877
Q142I	Q142I	142	142	0.61367625				0.7187053	0.8365217	1.4397038	-0.5340804	2.906175	0.4738991	7	0.92208576	1.0543268	4.132961	Growth	0.5551519	0.634769	2.4882946
Q142K	Q142K	142	142	0.87196314	0.9950361				1.1296157	0.4420161	0.31157354	0.80800056	0.16178706	7	0.6742846	0.36862952	1.4450277	Growth	0.40596044	0.22193745	0.8699948
Q142L	Q142L	142	142	0.38311213	2.5499768	2.7560823	0.21514611	2.6441107	-2.0625658				2.656306	7	1.306024	1.8553078	7.2728066	Growth	0.7863061	1.1170084	4.378673
Q142N	Q142N	142	142	-0.060325585	1.1841993	0.102393664	0.6575827	2.6619043				-0.24329945	2.6792612	7	0.997388	1.2388675	4.856361	Growth	0.60048836	0.7458738	2.9238255
Q142V	Q142V	142	142	2.4872687	-1.8350148	0.7695887	0.5528788	-1.9032835	2.7080503	0.6097497				7	0.48417684	1.8320551	7.181656	Growth	0.291504	1.1030089	4.323795
Q142W	Q142W	142	142	2.4994175	0.19380853	-0.43288034	0.49649483	-1.9259256				0.94032604	-0.4654293	7	0.18654455	1.3714334	5.376019	Growth	0.11231119	0.8256865	3.2366912
Q142Y	Q142Y	142	142	2.4785383	2.5858176	1.433453	0.9984805	0.44733998	0.79142827	0.11102616				7	1.2637262	0.96099997	3.76712	Growth	0.76084024	0.57858056	2.268036
L150D	L150D	150	150	1.1022032	-1.8320314	-1.8532549	2.3602943	-1.8987409				2.8548527	0.099021666	7	0.11890639	2.0511367	8.040456	Growth	0.071588896	1.2349094	4.840845
L150F	L150F	150	150	-1.8507895	1.0035866	-1.8471543	-1.820648	2.6045783	2.675182	1.7162437				7	0.35442844	2.1278286	8.341088	Growth	0.21338753	1.2810825	5.0218434
L150H	L150H	150	150	0.9562997	0.15950719	2.7706473	2.401003	1.0683856				-2.3066156	-1.9162058	7	0.4475744	1.9626836	7.69372	Growth	0.2694671	1.1816552	4.632088
L150I	L150I	150	150	2.484937	0.3077212	2.722689	-1.7959027				2.93093	0.58573025	2.6124368	7	1.4069345	1.7705889	6.9407086	Growth	0.8470604	1.0660025	4.17873
L150M	L150M	150	150	0.78862864	0.63414484	0.68941075	0.6235207	0.8042974	0.65488553				0.6317614	7	0.6895214	0.07632639	0.29919946	Growth	0.41513392	0.045953143	0.18013632
L150N	L150N	150	150	-1.8245862	0.331356	-1.8192792	2.381459	0.23412564				-0.59317017	0.5722118	7	-0.10255472	1.4765109	5.787923	Growth	-0.0617442	0.8889496	3.4846823
L150P	L150P	150	150	-1.8849479	-0.105086945				-2.1046855	-2.023435	0.94281995	-0.16448213	-0.5021956	7	-0.8345733	1.1818515	4.632858	Growth	-0.50246406	0.71154666	2.789263
L150S	L150S	150	150	1.4046037	0.3755003				0.114578426	0.32036883	-2.574555	0.39010477	0.50398386	7	0.076369286	1.2398498	4.8602114	Growth	0.045978967	0.7464652	2.9261436
L150T	L150T	150	150	0.7397119	-1.860494	-0.30359182	2.393419				-2.5392642	-2.3531656	0.103155054	7	-0.5457471	1.8138471	7.1102805	Growth	-0.32857302	1.0920465	4.2808223
L150W	L150W	150	150	2.5146437	0.4507993	-0.46108946	2.3883584	2.6481562				-2.341139	2.6651196	7	1.1235498	1.966532	7.7088056	Growth	0.6764455	1.1839721	4.641171
L150Y	L150Y	150	150	0.5844689				0.28069285	-0.15611576	2.7075553	1.0870564	0.8678813	0.08337281	7	0.7792731	0.9545168	3.7417061	Growth	0.4691699	0.57467735	2.2527351
M154D	M154D	154	154	-1.844446	0.37069145	2.7658238	2.3973682	0.59154016				2.8957188	0.67687714	7	1.1219391	1.69895	6.6598845	Growth	0.6754757	1.0228715	4.0096564
M154E	M154E	154	154	0.6035358	0.5204416	1.1216079	0.9028294	0.41660738	0.9815462				2.701141	7	1.035387	0.7785878	3.0520644	Growth	0.6233661	0.46875733	1.8375288
M154G	M154G	154	154	0.056185577	-1.8720397	0.22065932	-0.019391712	0.07254737	0.3577867				-2.1895292	7	-0.48196882	1.0691127	4.190922	Growth	-0.2901746	0.64367104	2.5231905
M154H	M154H	154	154	0.50753826				2.6483967	0.32573715	1.0696425	-0.32572946	-0.11967578	2.6642363	7	0.96716374	1.2377788	4.8520927	Growth	0.58229154	0.7452183	2.9212556
M154I	M154I	154	154	0.8698094				0.13798083	0.43996847	0.54359114	-0.35475093	0.007318192	-0.46091813	7	0.16899984	0.4835789	1.8956293	Growth	0.101748206	0.29114398	1.1412845
M154L	M154L	154	154	0.9937792	2.570273	0.33080465	-0.09052121	2.681225	0.26904234	0.041554682				7	0.9708797	1.1815493	4.6316733	Growth	0.58452874	0.71136475	2.78855
M154P	M154P	154	154	0.3680889	0.5034893	0.37747958	0.48201028	0.5363326	0.5085749	0.7468294				7	0.5032579	0.12582503	0.49323413	Growth	0.30299193	0.075754344	0.29695705
M154Q	M154Q	154	154	0.37529585	0.3241742	0.26354584	-0.70790714	0.02560666				2.9238336	-0.1003353	7	0.4434591	1.1546615	4.5262733	Growth	0.2669894	0.69517666	2.7250926
M154R	M154R	154	154	0.41770118	-0.02828257	-0.15374576	0.48404196				-0.09547295	0.77922326	0.9283766	7	0.33312026	0.4348586	1.7046458	Growth	0.2005587	0.26181138	1.0263007
M154T	M154T	154	154	0.94651663	2.518926	2.7576146	0.46481273	2.6469724	0.41951287				0.37570298	7	1.4471512	1.1346991	4.4480205	Growth	0.8712733	0.68315804	2.6779795
M154V	M154V	154	154	0.875807	2.549517	2.755083	0.6218389				2.987153	-0.27561837	0.0030952482	7	1.3595537	1.372625	5.38069	Growth	0.8185342	0.8264039	3.2395034
M154W	M154W	154	154	-0.15382889	0.1628054	2.7921333	-0.6381259				-0.86124104	-2.3644252	-0.15800703	7	-0.1743842	1.5490708	6.0723577	Growth	-0.10498992	0.93263507	3.6559296
V156A	V156A	156	156	2.4513438	-1.7694722	2.6830435	2.3328712	-1.8254979	-1.9740165				0.41421854	7	0.3303558	2.1763098	8.531135	Growth	0.19889434	1.3102713	5.1362634
V156D	V156D	156	156	0.12640978	-1.8606906	-1.8925124	-0.45948198	-1.9359174				-0.77916014	-0.21565261	7	-1.0024292	0.8792228	3.4465535	Growth	-0.60352355	0.52934575	2.0750353
V156E	V156E	156	156	0.39996254				2.6471524	1.3596412	2.7091424	3.0662284	0.9137694	1.6757572	7	1.8245219	1.0081496	3.9519465	Growth	1.0984734	0.60696757	2.379313
V156G	V156G	156	156	0.13775069				0.2726061	0.114258334	0.33559725	-2.548767	-2.3603115	0.36329684	7	-0.52650994	1.3214732	5.1801753	Growth	-0.3169911	0.79560745	3.1187813
V156H	V156H	156	156	0.27492574	0.3089807	0.31442857	0.34365776				0.20158674	0.16964631	0.32002485	7	0.27617866	0.065738894	0.25769648	Growth	0.1662764	0.03957882	0.15514898
V156I	V156I	156	156	-0.24897559	0.62615204	0.603457	2.3928392				-0.1547996	2.7429106	2.679973	7	1.2345082	1.3295112	5.2116838	Growth	0.7432492	0.8004468	3.1377516
V156L	V156L	156	156	1.1854318	0.118285455	1.0083283	0.879902	0.38416082	0.16300672				2.2055287	7	0.8492349	0.7303313	2.8628988	Growth	0.5112912	0.43970397	1.7236396
V156N	V156N	156	156	-1.889241	-1.8696271	-1.9003761	-0.21298063	-1.9448551	0.7330791	-0.8779412				7	-1.1374203	1.0611393	4.1596665	Growth	-0.6847964	0.6388706	2.5043728
V156Q	V156Q	156	156	-0.8876495				0.43385625	1.4198474	0.29048973	0.06402727	-0.043378927	-2.186336	7	-0.12987769	1.1361098	4.453551	Growth	-0.07819428	0.6840074	2.681309
V156R	V156R	156	156	-0.24079065	-1.863962	0.08034336	-1.8456527				-2.5532227	-2.3641603	-1.7677603	7	-1.5078865	1.0216285	4.0047836	Growth	-0.90783966	0.6150826	2.411124
V156W	V156W	156	156	0.15008801	-1.8741609				-2.1140866	-2.031882	0.36929986	-0.38401157	0.32229406	7	-0.7946371	1.1619307	4.5547686	Growth	-0.47842	0.69955313	2.7422483
K158A	K158A	158	158	0.53879786	0.2438826	-0.002293727	-0.07690163	0.44880673				-2.3674736	-2.1877396	7	-0.48613164	1.244588	4.878785	Growth	-0.2926809	0.7493179	2.9373262
K158C	K158C	158	158	0.91369903	-1.869372	0.53198975	-1.8514725	0.5588691	0.9451788	0.97987497				7	0.029823883	1.3038397	5.1110516	Growth	0.017955795	0.78499097	3.0771646
K158E	K158E	158	158	-0.02814138	0.39234748	0.8787162	0.6356136				0.847919	2.9361877	0.8618679	7	0.93207294	0.94273865	3.6955357	Growth	0.56116474	0.5675861	2.2249377
K158G	K158G	158	158	2.5314705	2.5700805	0.6583847	0.08660078	0.27824226	0.36502293	-2.0048158				7	0.6407123	1.5711454	6.1588902	Growth	0.38574788	0.94592535	3.7080274
K158H	K158H	158	158	0.25664183	0.43684864	1.0410008	0.28935358	0.6132512	0.5233752	1.0663111				7	0.6038261	0.33138263	1.2990199	Growth	0.36354014	0.19951256	0.78208923
K158I	K158I	158	158	-1.8221096	0.5611083	0.5075951				-0.9295685	-0.7084554	-2.3658404	-0.4780948	7	-0.74790937	1.0930678	4.284826	Growth	-0.45028704	0.65809345	2.5797265
K158L	K158L	158	158	-1.8414513				-1.8835301	2.706769	-1.9667603	-2.4649904	2.8722174	2.6425507	7	0.009257861	2.5639052	10.0505085	Growth	0.005573797	1.5436273	6.051019
K158Q	K158Q	158	158	-1.8526025				0.96785843	-2.0547843	0.24136391	0.42683387	2.877179	-2.143188	7	-0.21961996	1.8870281	7.3971505	Growth	-0.1322246	1.136106	4.4535356
K158R	K158R	158	158	-1.8639807				-1.9092518	-1.7711695	0.27650633	-2.096021	-0.24062057	0.36143628	7	-1.0347288	1.112082	4.3593616	Growth	-0.6229698	0.6695412	2.6246014
K158S	K158S	158	158	0.46796408	0.2729872	-1.8825517	2.3938918	0.65376866	-0.114678174				2.6729803	7	0.637766	1.5441504	6.0530696	Growth	0.38397402	0.92967266	3.644317
K158T	K158T	158	158	-1.8659444	0.31998423	1.0158617	-0.26450956	0.9574085	1.4996643				-2.1586018	7	-0.07087672	1.4419951	5.6526213	Growth	-0.042672105	0.868169	3.4032226
K158W	K158W	158	158	0.17456847	1.8895948	-1.8327658	-1.8115095				-2.4477527	-2.2759502	-2.1245456	7	-1.2040514	1.6216553	6.3568892	Growth	-0.72491235	0.9763354	3.827235
K158Y	K158Y	158	158	0.8876449	-0.9354526	0.905599	0.2910213	-0.010721791	-2.068683				1.3556027	7	0.060715813	1.201333	4.7092257	Growth	0.036554623	0.7232757	2.8352408
A164C	A164C	164	164	0.8915479	-1.7934502	-1.808639	-1.7910411				-2.4135	-2.2479193	-2.1021543	7	-1.609308	1.1297784	4.4287314	Growth	-0.9689015	0.68019545	2.666366
A164D	A164D	164	164	-1.8856192	0.08959473	0.52258956	-1.8477567	-0.6612316	-2.10529	-2.0239904				7	-1.1302434	1.101117	4.3163786	Growth	-0.6804755	0.6629396	2.5987234
A164E	A164E	164	164	-1.8834472	-0.2999759	-1.8953336				-0.2127295	-0.046131335	0.08061467	-2.1818297	7	-0.9198333	1.0100543	3.959413	Growth	-0.55379575	0.6081143	2.3838081
A164F	A164F	164	164	-0.812214	0.9959714	-0.534827	0.15569365	-0.028925376	0.24365653	0.775225				7	0.11351145	0.64973277	2.5469525	Growth	0.068340816	0.39117876	1.5334208
A164H	A164H	164	164	-1.9055984	-0.4294868	0.2712488	-0.17352109	-1.964137	0.118544236	-2.045169				7	-0.87544566	1.049541	4.1142006	Growth	-0.52707165	0.6318877	2.4769998
A164I	A164I	164	164	0.60800034	2.5421894	2.7478747				-1.9987552	-2.3288836	0.6172932	2.6509154	7	0.6912335	2.15506	8.447836	Growth	0.41616473	1.2974776	5.0861125
A164L	A164L	164	164	-0.24159151	-1.8811394	-1.9112624	-0.17079456	-0.9197914	0.092884414				-0.33423856	7	-0.766562	0.82987803	3.2531219	Growth	-0.46151707	0.4996372	1.9585778
A164M	A164M	164	164	-0.056025002	-1.8863649	-1.3334352	-1.866401	-0.08859952	0.03278687				-2.084663	7	-1.040386	0.96617264	3.787397	Growth	-0.6263758	0.58169484	2.2802439
A164P	A164P	164	164	-0.08911303				-1.9480406	-2.1124778	-2.0303466	-1.9468166	-2.1389024	-2.189854	7	-1.7793645	0.75112885	2.944425	Growth	-1.0712858	0.45222536	1.7727234
A164Q	A164Q	164	164	0.79611784	-1.8474448				1.0200491	0.24384074	-0.7333237	2.9084413	2.665382	7	0.7218661	1.7127091	6.7138195	Growth	0.4346074	1.0311553	4.042129
A164S	A164S	164	164	0.92179686	-0.045360185	0.03825061	0.4357497	0.67671907	0.37533954				2.696222	7	0.72838825	0.93074375	3.6485157	Growth	0.43853414	0.5603645	2.1966288
A164T	A164T	164	164	2.5389569				-0.7179844	0.31651807	0.22964108	-0.603988	0.15994531	-2.1635287	7	-0.03434852	1.4246464	5.584614	Growth	-0.020679904	0.857724	3.3622782
A164V	A164V	164	164	-0.08422939	-1.8695893	0.10459686	-1.8542266				1.0391124	0.13377465	0.24475038	7	-0.32654434	1.1077522	4.3423886	Growth	-0.1965996	0.6669344	2.6143827
A164W	A164W	164	164	0.27462125				-1.9093783	0.091325015	-1.9923518	0.1576144	-0.5563831	-2.1548715	7	-0.86991775	1.109018	4.3473506	Growth	-0.5237435	0.6676964	2.61737
A164Y	A164Y	164	164	2.4986336	0.62686944	-1.7459463	2.3746219				-2.4836576	2.8728793	-2.0704887	7	0.2961302	2.3600266	9.251305	Growth	0.17828844	1.42088	5.5698495
N168A	N168A	168	168	2.5079887				2.6379704	0.517828	-0.29329705	-2.4734583	0.4635936	0.42240375	7	0.54043275	1.7354121	6.8028154	Growth	0.32537347	1.0448239	4.09571
N168C	N168C	168	168	-1.8175172	2.4929273	1.9660294	2.3385334	-1.8503541	-2.0014696	-1.9323015				7	-0.11487893	2.2332027	8.754155	Growth	-0.06916412	1.3445241	5.2705345
N168F	N168F	168	168	-1.9064683	-1.8878084	0.012640677	-1.8713523	-0.12415203				-2.3856304	0.20275027	7	-1.1371459	1.1103011	4.3523808	Growth	-0.68463117	0.668469	2.6203985
N168G	N168G	168	168	0.49301773	-0.12157426	-1.7390295	0.2100226	-0.08925603	0.06179515	-2.021782				7	-0.45811516	0.9963668	3.905758	Growth	-0.27581325	0.59987354	2.3515043
N168H	N168H	168	168	0.109926954	0.23054212	0.19262621				0.15058686	-0.66825265	0.6492395	0.06236221	7	0.103861585	0.39189005	1.536209	Growth	0.06253101	0.23594171	0.92489153
N168I	N168I	168	168	0.61509097	-1.8543615	0.5035827	-1.8411782	0.6769366				0.19735941	2.6479876	7	0.13505964	1.5727826	6.165308	Growth	0.08131414	0.94691104	3.7118914
N168P	N168P	168	168	-1.8203523	2.51296	-1.8056159	-1.7902253	2.602988	0.8977123				-2.104556	7	-0.21529849	2.1517403	8.434822	Growth	-0.12962282	1.2954788	5.078277
N168Q	N168Q	168	168	0.28519472	0.5575683	0.06348636	0.36675647	0.82143384	0.40441495				0.38686794	7	0.41224608	0.23420192	0.91807157	Growth	0.24819727	0.14100383	0.55273503
N168R	N168R	168	168	-0.31440857	0.13584365	0.25680074	2.4039688	0.00487321	0.6754712	-0.41042292				7	0.39316085	0.95786417	3.7548275	Growth	0.23670681	0.57669264	2.2606351
N168S	N168S	168	168	0.5440882	0.46785688	1.2072297				2.696957	0.58733076	2.9088035	0.099250756	7	1.2159309	1.1337571	4.444328	Growth	0.73206455	0.6825909	2.6757565
N168V	N168V	168	168	-0.094583474	0.48204398	0.5362795	-0.58437216	0.68933505				-0.5263944	-0.21010754	7	0.041742984	0.5251382	2.0585418	Growth	0.025131822	0.3161652	1.2393676
N168W	N168W	168	168	-1.8998269	-0.7818369	-0.15079056				-0.43053076	-1.8552095	0.8092949	-0.22751556	7	-0.64805937	0.96930933	3.7996926	Growth	-0.39017126	0.5835833	2.2876465
N168Y	N168Y	168	168	1.014836	-1.8753126	-1.9064922				0.13130255	-2.5651317	-0.6054151	-2.1925242	7	-1.1426767	1.3424021	5.2622166	Growth	-0.68796104	0.8082079	3.1681752
K214C	K214C	214	214	-1.9168898	-1.8993802	-1.9269024	-1.8791357	-1.9721427	-2.1459286				-1.669091	7	-1.9156387	0.14067526	0.55144703	Growth	-1.1533313	0.084695086	0.33200476
K214D	K214D	214	214	-1.9012152	-1.8828523	-1.918045				-2.0442238	-2.5875475	-2.3918297	-1.8175136	7	-2.0776038	0.29496944	1.1562803	Growth	-1.2508441	0.1775896	0.69615126
K214F	K214F	214	214	-1.8998325	-1.8808428				-2.1212058	0.2809198	-1.0543585	-2.1161523	-2.1975803	7	-1.5698645	0.9030661	3.5400193	Growth	-0.94515413	0.5437009	2.1313074
K214G	K214G	214	214	-1.8815954	-1.87704				0.23416732	-2.0346363	-0.6264108	-0.14209382	-0.28899616	7	-0.94522935	0.9574402	3.7531657	Growth	-0.5690857	0.57643735	2.2596345
K214H	K214H	214	214	2.4876678	2.5241086	2.7275836	-1.8162676	-1.8897703	-2.045984	2.673417				7	0.66582215	2.4186554	9.48113	Growth	0.40086553	1.4561781	5.708218
K214I	K214I	214	214	0.3713223	-1.8744973	-1.905714	-1.8569921	0.060507588				-1.978135	-2.1917787	7	-1.3393269	1.0720531	4.2024484	Growth	-0.80635643	0.6454413	2.53013
K214L	K214L	214	214	-1.8902198	-1.8707801				-0.5390069	-2.0288527	-2.5611165	-0.0020438484	-0.5526763	7	-1.3492422	0.96618754	3.7874553	Growth	-0.8123261	0.5817038	2.280279
K214N	K214N	214	214	-1.9075592	-0.45745128	-0.2640555				-2.046015	-2.5794444	-2.3866544	0.22080377	7	-1.345768	1.1419802	4.4765625	Growth	-0.81023437	0.6875417	2.6951637
K214P	K214P	214	214	-0.051630173	-1.859637	-1.8892994	-1.7777996	0.007766195	-2.0960102				2.6849658	7	-0.71166354	1.743944	6.836261	Growth	-0.42846486	1.0499606	4.1158457
K214Q	K214Q	214	214	-1.9029584	-1.8841233	-1.9149042	-1.8673733	-1.960452				-0.6486076	-2.200578	7	-1.768428	0.506681	1.9861896	Growth	-1.0647014	0.30505288	1.1958073
K214R	K214R	214	214	-1.8735685	0.88131243				2.6928046	2.677763	1.5241735	-2.3316474	-0.2958483	7	0.4678556	2.0422034	8.005438	Growth	0.2816776	1.2295309	4.8197613
K214S	K214S	214	214	-0.90735596	-1.8631617	-0.053138968	-1.6392379	-1.9385086	-2.1023436	-2.0213463				7	-1.5035847	0.75528437	2.9607148	Growth	-0.9052497	0.45472723	1.7825308
K214T	K214T	214	214	-1.8886268				-1.7541203	-2.095443	-2.0242515	-1.3538591	0.31344736	-2.1845446	7	-1.5696284	0.8746059	3.428455	Growth	-0.945012	0.5265661	2.0641391
K214V	K214V	214	214	-1.8853478				-1.972631	-2.1384332	-0.073161945	-2.3658204	-0.33839524	-2.2118282	7	-1.569374	0.9475686	3.714469	Growth	-0.9448588	0.57049406	2.2363367
K214Y	K214Y	214	214	-0.08801113	-1.8607117				-0.0025381912	-2.0151358	-2.536101	-0.81277305	-2.1760688	7	-1.3559058	1.0399595	4.0766416	Growth	-0.81633794	0.6261191	2.454387
E228A	E228A	228	228	2.4850416	2.522866	2.726958	-1.8432634	0.19404224	-2.082775	2.6755066				7	0.95405376	2.180849	8.548928	Growth	0.5743985	1.3130041	5.1469765
E228K	E228K	228	228	2.48784	-1.8619691	-0.12384372	-1.850555	0.106750034	0.5417265				-2.1752784	7	-0.4107614	1.6808625	6.588981	Growth	-0.2473034	1.0119817	3.9669685
E228L	E228L	228	228	0.0045480873				0.442958	0.5736419	-1.535682	-0.2672433	0.19073223	0.020898575	7	-0.081449494	0.7006441	2.7465248	Growth	-0.04903756	0.42183045	1.6535754
E228M	E228M	228	228	0.5267629	0.6362844	1.0900805	2.1402054				-2.5356748	-0.48537332	-2.1782792	7	-0.11514197	1.7208729	6.745822	Growth	-0.06932249	1.0360703	4.0613956
E228P	E228P	228	228	0.34118977				2.6429765	2.7188761	-2.0073893	3.0304773	2.9041314	1.3401322	7	1.5671991	1.8594161	7.2889113	Growth	0.9435494	1.1194819	4.388369
E228Q	E228Q	228	228	0.40118375	0.6516974	-0.19178963	2.1549556	0.529157	0.81748176	1.0771098				7	0.7771136	0.72426796	2.8391304	Growth	0.4678698	0.43605348	1.7093297
E228R	E228R	228	228	0.96319443	1.4459468	2.7636726				2.7147968	3.0436263	0.2559693	-0.7593128	7	1.489699	1.4374647	5.634862	Growth	0.8968896	0.8654414	3.3925302
E228S	E228S	228	228	-1.8455827	2.5123234				2.6732547	2.6603098	2.9419124	2.838374	-2.1321409	7	1.3783501	2.3057818	9.038665	Growth	0.82985085	1.3882213	5.4418273
E228T	E228T	228	228	0.25616568	0.4721197	-1.1667948	0.51856905	0.4602268	-0.11957413	-0.8239655				7	-0.057607595	0.68320775	2.6781745	Growth	-0.034683283	0.41133273	1.6124244
E228V	E228V	228	228	2.528116	0.2451489	-1.8574644	0.34298226	0.77075785	0.36449587	0.8156095				7	0.45852083	1.2870984	5.045426	Growth	0.2760575	0.7749117	3.037654
E228W	E228W	228	228	2.4864986	-1.8118148	0.29194915				2.6699078	0.7274499	0.7733042	1.3071437	7	0.9206341	1.5045391	5.8977933	Growth	0.55427784	0.9058243	3.5508313
V229A	V229A	229	229	-1.8505957	0.29968327	-0.4386615	2.373135	-1.894154	2.6981857				-0.16169535	7	0.14655681	1.8295048	7.171659	Growth	0.08823614	1.1014735	4.317776
V229D	V229D	229	229	-0.57089496	0.5923109				-2.0873382	1.0835737	0.7699783	1.5817133	2.681306	7	0.5786641	1.5355773	6.019463	Growth	0.3483911	0.92451113	3.6240838
V229E	V229E	229	229	2.5306222	0.27158347	0.7206584	0.27301583	0.30043998	0.31403184	0.20994699				7	0.6600427	0.8421259	3.3011336	Growth	0.39738595	0.5070111	1.9874836
V229G	V229G	229	229	0.120201655	0.383858	0.33997288	0.07372065	0.016287498	0.53731793	0.5562316				7	0.28965575	0.2213135	0.86754894	Growth	0.17439042	0.13324423	0.5223174
V229H	V229H	229	229	2.4923844	-1.7945325	2.7302737				2.6730568	2.9329352	-2.257873	2.6175787	7	1.3419749	2.308589	9.049669	Growth	0.8079507	1.3899113	5.4484525
V229K	V229K	229	229	0.5923983				1.3980705	0.048134938	0.48361927	0.24585098	0.39311782	-0.1309248	7	0.43289533	0.49363932	1.9350662	Growth	0.2606294	0.29720098	1.1650279
V229M	V229M	229	229	0.33493832	0.38365608	0.4031945	0.31191242	0.40954238	0.4030722				0.35774976	7	0.37200937	0.038015407	0.1490204	Growth	0.22397232	0.022887593	0.08971937
V229N	V229N	229	229	2.5185175	0.5266919	-1.8766437	0.20242713	0.6281479	-0.38039866				-1.5099595	7	0.015540378	1.4719976	5.770231	Growth	0.009356256	0.8862323	3.4740307
V229P	V229P	229	229	-0.39132902				0.515088	-0.6865314	-2.0103793	-0.04726738	-0.24584845	-0.061093953	7	-0.41819453	0.7930538	3.108771	Growth	-0.2517786	0.47746673	1.8716697
V229R	V229R	229	229	0.4679254	0.223398	0.59325194	0.30729836				0.5062775	0.3433834	0.6086471	7	0.43574023	0.14766768	0.5788573	Growth	0.26234218	0.08890495	0.3485074
V229S	V229S	229	229	0.46168333	2.5805779	0.604566	2.4133956	0.58018154	1.1229095	2.130987				7	1.4134715	0.93236625	3.6548758	Growth	0.850996	0.56134135	2.200458
V229W	V229W	229	229	0.7926882				0.318192	0.5545986	0.0436296	0.49832976	2.0387754	0.14057715	7	0.6266845	0.6726379	2.6367404	Growth	0.37730226	0.404969	1.5874785
M231A	M231A	231	231	-0.12299078	-0.15543008	2.7721226	2.3976831	0.29369324	2.737784				2.679953	7	1.5146879	1.4245901	5.5843935	Growth	0.9119345	0.8576901	3.3621452
M231D	M231D	231	231	-1.911643				-1.9721057	-2.1379995	-2.0531156	-0.7685465	-2.3981495	-2.2113945	7	-1.9218506	0.53344595	2.091108	Growth	-1.1570712	0.321167	1.2589747
M231F	M231F	231	231	2.4978378	0.09297997	0.07242835	0.63705754	0.37007323	0.5626932	-0.06754901				7	0.59507436	0.87923	3.4465818	Growth	0.35827103	0.5293501	2.0750525
M231G	M231G	231	231	-0.87019503	-0.27523372	-0.027837314	-1.8334733	0.39646113	0.44867617				-0.023116495	7	-0.31210265	0.8033847	3.1492682	Growth	-0.18790482	0.4836866	1.8960515
M231H	M231H	231	231	0.1545481	-1.4730735	-1.895032				-0.042178255	-2.5525537	-0.39561322	-1.523959	7	-1.1039803	1.0206077	4.0007825	Growth	-0.66466343	0.6144681	2.408715
M231N	M231N	231	231	-1.900704	-1.8818645	-1.9134984	-0.5274055				-2.1261382	-0.4056815	-2.1990721	7	-1.5649092	0.760712	2.9819913	Growth	-0.94217074	0.45799503	1.7953405
M231P	M231P	231	231	-0.90261227	-1.8801045	-0.16332012	-0.1784799				-2.4838421	-2.3833277	-2.1982267	7	-1.455702	1.0211495	4.0029063	Growth	-0.87642133	0.61479425	2.4099934
M231Q	M231Q	231	231	-1.8639882	2.513731	0.9798359	0.30284196				-2.4931097	-2.3141248	-2.152732	7	-0.71822083	1.9764962	7.747865	Growth	-0.43241274	1.1899712	4.664687
M231S	M231S	231	231	-0.26909602	-0.0070453743	-1.8978021	0.33596668	-0.0035485614	-2.1056106	-0.5417703				7	-0.64127237	0.9691492	3.7990649	Growth	-0.38608506	0.5834869	2.2872686
K233A	K233A	233	233	2.5028722	0.73425764	0.32925242	0.4182207	2.638966	1.2631823				0.46626058	7	1.1932875	0.9913329	3.886025	Growth	0.71843183	0.5968428	2.339624
K233C	K233C	233	233	0.121874124	0.5841772				2.6533854	-0.021752099	3.0792127	2.096143	2.6958885	7	1.6012756	1.3286359	5.208253	Growth	0.96406555	0.79991984	3.135686
K233D	K233D	233	233	-0.06519385	2.5472832				0.3745458	0.027230548	-0.07897663	-2.3708758	-1.7926103	7	-0.19408531	1.5922198	6.241502	Growth	-0.116851196	0.9586134	3.7577646
K233E	K233E	233	233	2.520797				-1.9434756	0.87529695	-0.595753	3.0655916	0.67712116	0.34541857	7	0.70642805	1.7192516	6.7394667	Growth	0.42531276	1.0350943	4.0575695
K233F	K233F	233	233	-1.8533231	2.5386596	-1.8534284				2.6900654	-1.4287347	2.8763416	2.6421225	7	0.80167186	2.357539	9.241552	Growth	0.48265535	1.4193822	5.563978
K233G	K233G	233	233	-1.4417366	0.22816853	0.1347435				-0.56362796	0.19857031	-2.3473833	-2.1692235	7	-0.8514985	1.1288873	4.425238	Growth	-0.512654	0.679659	2.6642632
K233H	K233H	233	233	1.0472068	1.7913281				2.7445743	2.4143095	0.7761533	2.939844	0.4841072	7	1.7425033	0.9909851	3.8846617	Growth	1.0490932	0.59663343	2.338803
K233L	K233L	233	233	2.5022993	0.25777698	-0.64517903	2.3767052	0.8050669	-0.35045052	1.1224548				7	0.8669534	1.2357541	4.8441563	Growth	0.52195877	0.74399936	2.9164774
K233M	K233M	233	233	0.38048157	0.18237694	0.51427567				0.5363818	1.1382489	2.931832	0.41347095	7	0.87100965	0.95584303	3.7469049	Growth	0.5244009	0.5754758	2.2558653
K233N	K233N	233	233	0.88262933	0.13822798				0.025660692	-0.45379406	0.7484724	0.784192	-1.7855463	7	0.04854887	0.9444199	3.7021263	Growth	0.02922938	0.5685984	2.2289057
K233Q	K233Q	233	233	1.7864525	0.70067644	2.7503397				-0.5906146	2.9935355	2.8801875	2.6473925	7	1.8811384	1.3595467	5.329423	Growth	1.13256	0.81852996	3.2086375
K233R	K233R	233	233	2.5225966	2.5612984	-0.60056806	-0.3394843	0.68516284	-0.26047572	2.2860396				7	0.97922415	1.4405316	5.646884	Growth	0.58955264	0.8672879	3.3997686
K233T	K233T	233	233	0.11531326	-0.20169379	1.6813585	0.24098429	-1.9314142	0.084522754				-2.173577	7	-0.31207234	1.3366148	5.23953	Growth	-0.18788658	0.8047236	3.1545167
K233V	K233V	233	233	2.5140748	0.53001076	1.022909	2.3883173	-1.913797				2.9023747	-0.53362614	7	0.98718053	1.7748879	6.957561	Growth	0.5943429	1.0685908	4.1888757
K233W	K233W	233	233	0.02123939	2.5353634	-0.6061079	0.19796441				0.30360344	0.64971495	0.17453012	7	0.46804395	0.9871157	3.8694935	Growth	0.281791	0.59430385	2.3296711
K233Y	K233Y	233	233	2.179569	2.5858986	0.14640754				0.63577753	-0.003285214	0.9316877	2.7087376	7	1.3121134	1.155917	4.5311947	Growth	0.78997225	0.69593257	2.7280557
A244D	A244D	244	244	-0.116827935	2.336333	0.57158077	2.088371	2.366294				0.60278964	0.7429637	7	1.2273577	1.0107709	3.962222	Growth	0.7389442	0.6085457	2.3854992
A244E	A244E	244	244	0.25050417	-0.079759896	0.71795607	0.3044286	-1.913332	2.692606				2.6320984	7	0.6577859	1.6066209	6.297954	Growth	0.3960272	0.9672837	3.7917523
A244F	A244F	244	244	0.06544299				0.843453	0.7844269	2.7491689	0.09699276	0.39323092	2.7098951	7	1.0918015	1.1584693	4.5411997	Growth	0.6573311	0.6974692	2.7340791
A244H	A244H	244	244	-1.8916053	2.5452828	1.1014886	0.9416959				0.810314	0.19395909	-1.3351052	7	0.3380043	1.5184263	5.9522314	Growth	0.2034992	0.9141852	3.5836062
A244R	A244R	244	244	0.06724171	0.27010718	0.15310487	0.23456901	0.5464738				0.58983356	0.6184287	7	0.35425124	0.22600763	0.8859499	Growth	0.21328084	0.13607037	0.5333959
A244S	A244S	244	244	0.830688				0.30566093	0.23260795	0.1454469	0.19648032	0.74770546	2.664873	7	0.7319232	0.89516914	3.509063	Growth	0.4406624	0.5389464	2.11267
A244T	A244T	244	244	-0.14807528				2.6661997	1.0998431	0.8022584	-0.5675939	0.39545098	1.8099443	7	0.8654324	1.1176947	4.3813634	Growth	0.52104306	0.6729204	2.6378481
A244Y	A244Y	244	244	-1.8847977				0.05726314	0.45007282	0.33240658	-2.554371	0.36249307	0.91904193	7	-0.33112735	1.329294	5.2108326	Growth	-0.19935885	0.80031604	3.137239
Q247A	Q247A	247	247	2.531346	0.3950596	0.48601025	0.41440088	2.6647842	0.83559495				2.6803734	7	1.4296528	1.1290162	4.4257436	Growth	0.86073816	0.67973655	2.6645672
Q247E	Q247E	247	247	0.39431426	0.3214745	0.3953896	1.2364085	-0.26520482				2.9681983	0.4401421	7	0.7843889	1.0576127	4.1458416	Growth	0.47224995	0.6367473	2.4960494
Q247F	Q247F	247	247	-0.30029708	0.81938803	0.23274262	0.2212263	0.47507244	0.33535215				0.0046372726	7	0.25544596	0.35263133	1.3823148	Growth	0.15379404	0.21230556	0.83223784
Q247G	Q247G	247	247	-1.8922962	1.0669924	2.7655137	-1.8563436	0.6007368	0.37578925	-0.15071559				7	0.12995382	1.6441785	6.44518	Growth	0.07824012	0.9898957	3.8803911
Q247I	Q247I	247	247	0.52536064	-0.005153828				-0.059111245	2.3714514	0.2621326	0.35168374	0.42938912	7	0.5536789	0.8300757	3.2538967	Growth	0.33334845	0.4997562	1.9590443
Q247L	Q247L	247	247	-0.19175395	0.16462651	-0.25394687	0.76312804				-2.5701098	0.43787503	0.06101646	7	-0.22702351	1.0917013	4.279469	Growth	-0.136682	0.6572707	2.5765014
Q247P	Q247P	247	247	-0.3267274				-1.9473844	-0.32747656	0.08150299	0.09780986	-1.9255606	-2.1891568	7	-0.9338561	1.034254	4.0542755	Growth	-0.56223834	0.62268394	2.440921
Q247Y	Q247Y	247	247	2.4923437	2.5290763	-1.85013	2.368847	2.6216412	2.6932762				0.57072496	7	1.6322542	1.7051446	6.684167	Growth	0.98271656	1.0266011	4.0242763
Y259A	Y259A	259	259	2.3954985	2.5378454	2.743941	2.3726563				0.037439477	0.43470266	-2.1920629	7	1.190003	1.844837	7.231761	Growth	0.7164544	1.1107043	4.353961
Y259C	Y259C	259	259	0.49179718	0.55051696	0.52649164				0.24804196	2.1360288	2.969933	2.7114968	7	1.3763294	1.1803254	4.6268754	Growth	0.8286342	0.71062785	2.7856612
Y259F	Y259F	259	259	-1.8640401	-1.8418245	2.734342	-1.8318052	0.79284275	0.08540672				-0.39440265	7	-0.33135444	1.7186223	6.7369995	Growth	-0.19949557	1.0347154	4.0560846
Y259G	Y259G	259	259	0.31434268	0.608928	2.5976	2.3916364	0.27578902				0.49403533	2.0000253	7	1.2403367	1.0398911	4.076373	Growth	0.7467583	0.6260779	2.4542253
Y259H	Y259H	259	259	0.18529952	2.5773323	-0.7170247	0.5533425	-0.7531877				2.952649	-0.0045664106	7	0.684835	1.4999859	5.879945	Growth	0.41231245	0.90308297	3.5400853
Y259I	Y259I	259	259	0.94833374				-0.62282836	-0.54288644	0.37266347	0.2426873	-2.3845675	-0.17066103	7	-0.30817983	1.066944	4.1824207	Growth	-0.18554305	0.64236534	2.5180721
Y259L	Y259L	259	259	0.58930975	-1.8167919				-2.0397573	-1.9665245	-0.015957436	-2.2938826	2.6528988	7	-0.6986722	1.8510749	7.2562137	Growth	-0.42064324	1.11446	4.3686833
Y259M	Y259M	259	259	0.22805282	-0.27217805	0.2526009	0.27138096	-0.31152803	-0.019499302				0.35459262	7	0.071917415	0.27401486	1.0741383	Growth	0.04329867	0.16497365	0.6466967
Y259N	Y259N	259	259	1.6745859	0.49480045	0.57133746	1.7184465	0.19049077				0.33239952	0.8705417	7	0.836086	0.62448514	2.4479818	Growth	0.50337476	0.37597814	1.4738344
Y259Q	Y259Q	259	259	-1.8419914	-1.8181362	1.8712373	2.3707902	-1.8832345				-0.4525312	-2.1303575	7	-0.5548891	1.9129033	7.498581	Growth	-0.33407706	1.1516844	4.514603
Y259R	Y259R	259	259	-1.8865503				-0.03176827	-2.1063337	-0.34806895	-0.8662509	-2.3668146	-2.1848173	7	-1.3986577	0.9617519	3.7700675	Growth	-0.8420772	0.57903326	2.2698104
Y259T	Y259T	259	259	0.0470262	-0.33501232	-1.9035387				-0.44727173	3.084099	0.2645503	-0.2939789	7	0.05941056	1.5045114	5.8976846	Growth	0.03576878	0.90580755	3.5507658
Y259V	Y259V	259	259	0.20391998	0.51692903				0.8269014	0.71469384	-1.9494616	-2.3587933	0.4746272	7	-0.22445475	1.3379256	5.2446685	Growth	-0.13513544	0.8055128	3.1576102
K261A	K261A	261	261	0.1659064	0.12923455				-2.0922399	-2.0125318	1.1642487	0.43815804	-0.26336038	7	-0.35294062	1.2394102	4.858488	Growth	-0.21249177	0.7462005	2.925106
K261C	K261C	261	261	2.5020647	0.39834842	0.5584724	2.3787067	-0.070646726				-0.23009814	1.9318457	7	1.0669562	1.1697822	4.585546	Growth	0.64237267	0.7042802	2.7607784
K261D	K261D	261	261	2.3663878	1.3994554	-1.8740864	2.369246	2.625485				2.379015	-2.1629767	7	1.0146466	2.1098416	8.270579	Growth	0.6108791	1.2702533	4.979393
K261E	K261E	261	261	-0.1613813	2.3966105	-1.8842605	2.2756002	-0.16429798	-2.0903394				0.3356604	7	0.10108453	1.7765244	6.963976	Growth	0.06085905	1.069576	4.192738
K261F	K261F	261	261	2.483923	2.521075	0.0068932446	0.30294907				2.973757	0.8201668	0.8293409	7	1.4197292	1.2049764	4.723508	Growth	0.85476357	0.7254693	2.8438396
K261H	K261H	261	261	-0.18419485	0.5702921	1.965493	0.24335031	-0.118190914				0.63243216	0.41711208	7	0.5037562	0.71799165	2.8145273	Growth	0.30329198	0.43227476	1.6945171
K261I	K261I	261	261	-1.859358	-0.8762829	0.38661128	-0.41106877	-0.8029272	2.7197065	0.9561254				7	0.016115222	1.4998547	5.8794303	Growth	0.009702346	0.903004	3.5397756
K261M	K261M	261	261	0.037816778	0.27843955	0.8187713	-1.8541832	-1.9476522				0.24900976	0.113161206	7	-0.3292338	1.1027795	4.3228955	Growth	-0.19821882	0.6639405	2.6026468
K261N	K261N	261	261	-1.8808037	2.5460098	0.20874633	0.49739012				-0.24143837	0.9433073	2.6590567	7	0.6760383	1.5879793	6.2248793	Growth	0.40701628	0.95606035	3.7477567
K261P	K261P	261	261	0.5042196	-0.12657332	-1.8024883	2.3656075	1.1970245	-1.9978919				2.607201	7	0.39244273	1.8375337	7.203132	Growth	0.23627445	1.1063074	4.336725
K261T	K261T	261	261	0.32488257	0.6303665	0.5514431				-2.025777	0.06634302	-2.3676174	0.3707062	7	-0.34995046	1.2780814	5.0100794	Growth	-0.21069151	0.769483	3.0163734
K261V	K261V	261	261	0.45957333	0.45559663	-0.52541476	-1.872547	0.5257339	-2.129791				0.8326269	7	-0.32203174	1.2234522	4.795933	Growth	-0.19388273	0.7365928	2.887444
K261Y	K261Y	261	261	0.29207426	0.4948434	0.49863726				0.48558706	0.3175223	0.3477869	0.4011261	7	0.40536818	0.08853061	0.34704	Growth	0.24405636	0.053300824	0.20893924
H265A	H265A	265	265	0.030317126				2.6398594	0.2977195	0.38929245	-0.34499097	2.906815	0.9799723	7	0.9855693	1.2870816	5.04536	Growth	0.5933728	0.7749016	3.0376143
H265E	H265E	265	265	-1.8706933	0.21319525	0.2830927	2.4129407	1.9552053	2.754096	2.0407434				7	1.1126543	1.6509532	6.4717364	Growth	0.66988575	0.99397445	3.89638
H265F	H265F	265	265	0.44564822	2.3765194	2.7514153				2.6976414	-0.30980405	0.15530837	-2.1421552	7	0.8535105	1.8395456	7.211019	Growth	0.51386535	1.1075187	4.341473
H265G	H265G	265	265	0.060915105	-1.86361	-1.8906341	2.3754315	2.4777718				2.8994892	2.6527905	7	0.9588791	2.1541228	8.444161	Growth	0.5773037	1.2969133	5.0839
H265K	H265K	265	265	2.5034337	0.25390178	0.9583846	2.377232	0.537144	-2.1065867				2.6575704	7	1.0258685	1.6991884	6.6608186	Growth	0.6176354	1.023015	4.010219
H265M	H265M	265	265	2.5370333	0.9268238	-0.122876845	-0.005239681				0.6461046	0.7339507	0.5761938	7	0.75599855	0.8754108	3.4316103	Growth	0.45515722	0.5270507	2.0660386
H265N	H265N	265	265	0.5007021				-0.07007801	-0.24270955	-0.27468586	-0.4506331	0.033379108	0.17931794	7	-0.04638677	0.31917888	1.2511812	Growth	-0.027927665	0.19216515	0.75328743
H265P	H265P	265	265	0.14693287	-0.1363218	-1.4034957	0.09389889	0.34637985				-0.41540498	-0.17240377	7	-0.22005923	0.5776491	2.2643845	Growth	-0.13248907	0.34778	1.3632976
H265Q	H265Q	265	265	0.48166034	0.3081535	0.20178147	0.45809022	0.5336388				0.644472	0.5059919	7	0.44768402	0.14759915	0.57858866	Growth	0.26953307	0.088863686	0.34834567
H265R	H265R	265	265	-1.8731668	0.4593124	0.85081804	0.37677908				-0.1542621	-0.18774241	-2.1690242	7	-0.3853266	1.1768566	4.613278	Growth	-0.2319901	0.7085394	2.7774746
H265S	H265S	265	265	2.5378702	2.588643	-0.1152698	0.5254523	0.76925355	-0.105850525	0.32465282				7	0.9321074	1.1588666	4.5427575	Growth	0.5611855	0.69770837	2.7350168
H265T	H265T	265	265	-0.1326974	0.5044472	0.8056802	0.15376133	0.64648265	0.95204294	2.7131732				7	0.80612713	0.9202885	3.607531	Growth	0.48533767	0.5540698	2.1719537
H265V	H265V	265	265	0.97930276	-1.8697153				0.8037938	0.73666734	-0.53333735	0.17176174	-0.21832368	7	0.010021316	1.0003787	3.9214847	Growth	0.0060334434	0.60228896	2.360973
D268A	D268A	268	268	2.5134833				0.77266914	-0.15613258	2.6766884	0.09759173	1.7791903	0.7591079	7	1.2060853	1.1308143	4.432792	Growth	0.7261369	0.68081915	2.668811
D268C	D268C	268	268	-1.8797954	-1.6315424	-0.1543031				0.79363424	-0.09717172	2.9595094	1.0704973	7	0.15154693	1.6634585	6.520757	Growth	0.09124049	1.0015035	3.9258938
D268E	D268E	268	268	-1.8543725	0.5793511	-1.8509941				0.6236273	-2.4752624	2.841646	-0.057579715	7	-0.3133692	1.8755988	7.3523474	Growth	-0.18866737	1.1292248	4.4265614
D268F	D268F	268	268	1.0102286	0.22389503	0.66744816				0.56929976	1.0273931	2.6283572	0.15709184	7	0.8976734	0.8354673	3.2750318	Growth	0.54045415	0.5030022	1.9717687
D268G	D268G	268	268	2.4895134	2.524251	-1.8118021				-1.9388858	2.9284258	-2.2565517	2.6143394	7	0.6498985	2.4885511	9.75512	Growth	0.39127854	1.4982595	5.8731775
D268H	D268H	268	268	1.4351718				0.12692994	2.7572773	1.4931948	0.33215007	1.425557	1.1048223	7	1.2393005	0.86796194	3.402411	Growth	0.74613446	0.522566	2.0484588
D268I	D268I	268	268	0.94823194	2.477059	2.7563963	0.060729504	1.5367179	2.7233324				-0.19838908	7	1.472011	1.2440562	4.8767004	Growth	0.88624036	0.7489977	2.936071
D268K	D268K	268	268	2.4763477	0.60270417	2.714404	-1.810262	0.3483665				-2.2803054	0.15703698	7	0.3154703	1.9056823	7.470275	Growth	0.18993236	1.147337	4.497561
D268N	D268N	268	268	0.196683	2.0928717	0.9667544	0.17306092	1.1820722	2.7447486	-0.3211981				7	1.0049989	1.1065944	4.33785	Growth	0.60507065	0.66623735	2.6116505
D268P	D268P	268	268	-1.8898008				-1.9433439	-2.1054683	-2.0244143	-2.5478396	0.99743414	-2.1847787	7	-1.6711731	1.1964577	4.6901145	Growth	-1.0061481	0.7203405	2.8237348
D268Q	D268Q	268	268	2.0598774				2.6428878	-0.0076156463	0.011160372	3.0332596	-0.29938677	2.660215	7	1.4429139	1.473158	5.7747793	Growth	0.86872214	0.88693094	3.4767694
D268S	D268S	268	268	0.9920778	1.5352103	0.39674044				0.1797667	0.7303423	0.40943602	0.6426572	7	0.698033	0.45352396	1.777814	Growth	0.4202584	0.2730491	1.0703524
D268T	D268T	268	268	-0.32428968	0.10228242	2.744467	0.5284662				0.10591767	2.9053802	2.6002326	7	1.2374938	1.4388032	5.6401086	Growth	0.7450467	0.86624724	3.3956892
D268V	D268V	268	268	-0.7123122	2.0662055				0.16352919	0.24799941	0.014914947	-0.2844731	0.044836864	7	0.22010009	0.8764406	3.4356472	Growth	0.13251367	0.5276707	2.068469
D268W	D268W	268	268	2.466871	2.5023446				-2.0256894	-1.9537714	2.9147224	-1.706919	2.5961185	7	0.68481094	2.4198508	9.485815	Growth	0.41229793	1.4568977	5.711039
D268Y	D268Y	268	268	0.9263472	0.25206888	0.22498257	0.3809084	0.5746205	0.36894524	0.107962534				7	0.40511933	0.272788	1.0693289	Growth	0.24390654	0.164235	0.6438012
F269C	F269C	269	269	-0.23502682	0.20423551				0.20523228	0.4453592	-0.04123074	0.15024239	0.6930879	7	0.20312853	0.30365276	1.1903188	Growth	0.12229576	0.18281747	0.7166445
F269E	F269E	269	269	1.3908163	0.20127773	0.22815359	2.3958802	-1.9025952				-2.3175702	2.6663256	7	0.3803269	1.9517057	7.6506863	Growth	0.22897997	1.1750458	4.6061797
F269H	F269H	269	269	0.8664099	-1.8651348	0.3699712	0.34935114				-0.1093083	-0.066202655	-0.4688097	7	-0.13196047	0.8758365	3.433279	Growth	-0.079448245	0.527307	2.0670433
F269I	F269I	269	269	-0.24426585	-0.036327492	-0.114469185	-0.039290573	-0.27616322	-0.06840302	-0.22202705				7	-0.14299235	0.10226263	0.40086952	Growth	-0.08609011	0.06156834	0.2413479
F269L	F269L	269	269	-1.4786127	-0.06277687	-0.549863	-1.8499647				-2.5574296	-2.3677866	-2.1858017	7	-1.5788907	0.9477405	3.7151427	Growth	-0.95058846	0.5705976	2.2367425
F269R	F269R	269	269	2.1392562				2.6281285	0.64877146	1.1171142	0.051931355	-0.05615886	2.638787	7	1.3096901	1.1629243	4.5586634	Growth	0.7885133	0.7001513	2.7445931
F269S	F269S	269	269	0.51346666	0.7656439	0.42340583	0.30763382	0.029653573	0.5628747	0.8081753				7	0.48726484	0.26852536	1.0526195	Growth	0.29336315	0.16166864	0.6337411
F269T	F269T	269	269	2.479417	0.25433543	2.7198663	-1.8338448	-0.52244467	-0.5032063				0.8710341	7	0.49502245	1.6604413	6.5089297	Growth	0.29803368	0.9996869	3.9187727
F269V	F269V	269	269	-1.8558807				-1.8988266	2.6717763	-1.9798446	-2.4776776	-2.301151	0.69348145	7	-1.0211604	1.9460956	7.628695	Growth	-0.6148008	1.1716682	4.5929394
F269Y	F269Y	269	269	1.0558943	-0.02374529	1.101937	2.3899136	-1.9189012	-1.6481428				-0.08588431	7	0.12443876	1.5459068	6.0599546	Growth	0.07491972	0.93073016	3.6484623
V270A	V270A	270	270	0.4413761	0.69133866	0.27926362	2.3996482	1.6982418	2.7441826				1.0000235	7	1.3220108	0.9737973	3.8172855	Growth	0.7959311	0.58628535	2.2982385
V270C	V270C	270	270	-1.8779218	2.5564058				-0.20218506	-2.0119958	-0.16402283	0.07722668	0.017862845	7	-0.22923292	1.5174627	5.948454	Growth	-0.1380122	0.9136051	3.581332
V270E	V270E	270	270	-1.8590083	-1.8371403	0.085770205	0.76334816	0.7875677	-2.0671923				-2.153191	7	-0.89712083	1.373381	5.3836536	Growth	-0.54012144	0.8268591	3.2412877
V270F	V270F	270	270	0.4240703	-0.121639535	0.18027869	2.3620653				-2.4895005	-0.40481865	0.25172675	7	0.028883185	1.4274396	5.5955634	Growth	0.017389439	0.85940564	3.3688703
V270I	V270I	270	270	-1.8853374	2.5265477				0.6588083	0.23460156	3.0089562	-2.349069	-0.07252667	7	0.30314007	2.0149837	7.898736	Growth	0.18250881	1.213143	4.755521
V270K	V270K	270	270	2.3116472	-1.8213043	0.60987514				0.25271055	2.9803119	-0.4994971	2.6393516	7	0.92472786	1.7892622	7.013908	Growth	0.55674255	1.0772449	4.2228
V270L	V270L	270	270	-1.881363	2.109978	0.24831691	-0.58828616	2.6381161	1.0832019				-0.10900541	7	0.5001369	1.5702008	6.155187	Growth	0.30111292	0.9453566	3.705798
V270M	V270M	270	270	2.5187862	-0.27864754				-0.34281373	-0.24440841	1.1417308	1.5115731	2.6616082	7	0.99540406	1.3125002	5.145001	Growth	0.59929395	0.7902052	3.0976043
V270Q	V270Q	270	270	0.7337201	-0.03030498	-1.8559235				-1.0629287	0.1353692	-0.31626993	-0.289375	7	-0.38367325	0.8451022	3.3128006	Growth	-0.23099469	0.50880307	1.994508
V270R	V270R	270	270	-1.8953292	-0.43864465	0.4364617	-1.861436	-1.9511293	0.18286987	-1.2072698				7	-0.9620682	1.0213509	4.0036955	Growth	-0.5792237	0.6149155	2.4104688
V270S	V270S	270	270	-1.8781655	0.37874433	-0.19559728	-0.57191694	0.6912982				-0.2150153	-2.17491	7	-0.5665089	1.0835229	4.24741	Growth	-0.3410729	0.65234685	2.5571997
V270T	V270T	270	270	2.5240107	0.6476627				-2.0728087	-1.9955344	-2.51024	2.9144943	2.672344	7	0.31141832	2.4605868	9.6455	Growth	0.18749282	1.4814233	5.8071795
V270Y	V270Y	270	270	2.1520905	2.4834032				0.57361346	1.0325106	0.60864556	2.8302784	-2.1127276	7	1.0811163	1.676144	6.5704846	Growth	0.6508979	1.0091408	3.9558322
A275D	A275D	275	275	0.5600715	0.5980027	0.7651096	0.38470054	0.31571302				0.7239881	0.5440874	7	0.5559532	0.16378383	0.6420326	Growth	0.33471772	0.09860785	0.3865428
A275H	A275H	275	275	0.07982556	0.47505543	0.4427933	0.2287494				0.19837333	0.011907542	0.21616264	7	0.2361239	0.17145486	0.67210305	Growth	0.14216098	0.10322628	0.40464702
A275M	A275M	275	275	-0.092054576	0.40638658	0.59465694	0.45676357				0.3312829	-0.1526675	2.6608546	7	0.60074604	0.9506845	3.7266834	Growth	0.36168575	0.57237005	2.2436907
A275N	A275N	275	275	0.61940825				0.041555658	-0.005141685	0.0073408727	-0.8691249	0.47279269	-0.044467483	7	0.0317662	0.4759724	1.865812	Growth	0.019125188	0.2865644	1.1233325
A275R	A275R	275	275	0.614564	0.54310167	1.1193624	0.55322313				0.46996242	0.5376971	0.47722796	7	0.6164484	0.22706293	0.8900867	Growth	0.37113953	0.13670573	0.53588647
A275V	A275V	275	275	0.04531577				-1.9636847	-2.1279862	0.06935738	-2.5776224	-2.385099	-1.7182088	7	-1.5225612	1.1142244	4.3677597	Growth	-0.9166747	0.670831	2.6296577
K276D	K276D	276	276	-1.8934768	0.7147816				-0.43488055	0.24356695	0.00026287744	0.60114235	0.3393042	7	-0.06132849	0.8939411	3.504249	Growth	-0.03692349	0.53820705	2.1097717
K276F	K276F	276	276	0.0018801594				-1.3300726	-0.13897459	-2.0300374	-2.5619018	0.5061975	-0.5457206	7	-0.8712327	1.1338375	4.444643	Growth	-0.5245352	0.6826393	2.675946
K276H	K276H	276	276	-1.8745332	-1.8532709	0.16723125	0.7751903				1.2025188	2.8900268	-2.1672819	7	-0.12287414	1.9134221	7.5006146	Growth	-0.07397772	1.1519967	4.515827
K276I	K276I	276	276	2.4931514	-1.8334129				0.6253748	2.6811306	-0.33108148	-2.3087578	0.1535681	7	0.21142471	1.9281865	7.558491	Growth	0.12729056	1.1608858	4.5506725
K276L	K276L	276	276	0.10931612	0.37661168	0.23797822	0.32415178	0.13385072	0.073073305				0.17129815	7	0.20375428	0.11363869	0.4454637	Growth	0.1226725	0.06841742	0.2681963
K276Q	K276Q	276	276	1.7506073	2.5721958	2.354001	0.45783743	0.21306886	-2.0690129	0.43871975				7	0.8167739	1.5958594	6.255769	Growth	0.49174768	0.96080464	3.7663543
K276S	K276S	276	276	0.0066756853	0.2926034				-0.8589877	-0.16078822	-0.79591376	0.87681776	0.29499686	7	-0.049227994	0.62205595	2.4384594	Growth	-0.029638253	0.37451562	1.4681013
K276V	K276V	276	276	-0.26707518	-1.8189598	-0.20478272	-0.4183161	-1.8855824	2.7228396				2.6588635	7	0.11242669	1.8950472	7.428585	Growth	0.06768772	1.140934	4.472461
K276Y	K276Y	276	276	0.55224967	0.061116338	2.3910496	-0.85024816	2.6446087	2.7241294				0.5636461	7	1.1552217	1.4224117	5.575854	Growth	0.6955139	0.85637856	3.357004
A295F	A295F	295	295	-1.8599201	-1.8378761	-1.86323	-0.0058209663	-1.9072903				-0.6987492	2.661471	7	-0.7873451	1.6920795	6.6329517	Growth	-0.47402975	1.018735	3.9934416
A295H	A295H	295	295	-1.8196814				-1.8553219	2.6830432	2.6706781	2.9293928	2.8331714	2.6151242	7	1.4366295	2.239213	8.777715	Growth	0.86493856	1.3481427	5.2847195
A295I	A295I	295	295	2.4835916	2.5207777	2.7243354	2.3600116	-1.9079957	2.6859188				2.6250076	7	1.9273783	1.695876	6.647834	Growth	1.1603992	1.0210208	4.0024014
A295K	A295K	295	295	0.28283867				-1.93506	-0.0949595	-2.0176766	0.99055225	2.9437938	-0.28834528	7	-0.01697955	1.7142895	6.720015	Growth	-0.010222724	1.0321069	4.045859
A295L	A295L	295	295	0.46608654	0.38356122				0.113805994	0.5206733	0.97639734	2.848847	2.711161	7	1.1457902	1.1458791	4.4918466	Growth	0.68983555	0.68988913	2.7043655
A295Q	A295Q	295	295	-0.080618426	-1.8491744				-2.0781243	-0.59014493	2.9963827	0.49550453	0.4530481	7	-0.0933038	1.7059194	6.687204	Growth	-0.056174576	1.0270675	4.026105
A295S	A295S	295	295	0.7109055	-0.14811537	1.1850886	-0.7495081	2.6261811	1.4360306				1.8545939	7	0.9878823	1.1590708	4.5435576	Growth	0.59476537	0.69783133	2.735499
A295T	A295T	295	295	-1.8291382	-0.86921823	0.11414465				1.035843	-2.4430451	2.8587258	-2.1174614	7	-0.4643071	1.9279802	7.5576825	Growth	-0.2795412	1.1607616	4.5501857
A295V	A295V	295	295	0.8515837	2.569242	0.3207292				0.48684603	1.0209545	0.28466868	0.49042907	7	0.8606362	0.800534	3.1380935	Growth	0.51815546	0.48197028	1.8893236
A295W	A295W	295	295	0.46858454	-0.24115925				0.34873447	-2.0144753	-0.19202997	-0.36834952	-2.1754842	7	-0.5963113	1.0703297	4.1956925	Growth	-0.35901573	0.6444037	2.5260625
A295Y	A295Y	295	295	-1.8934503	0.26166648	-0.5886729	-1.8598118				-2.5520701	-2.3637252	0.0082756225	7	-1.2839696	1.1560953	4.5318937	Growth	-0.773028	0.69603986	2.7284763
E303A	E303A	303	303	2.5070112	0.5231743				0.6805991	0.9688378	2.9962792	0.44799963	-0.3453073	7	1.1112278	1.1982292	4.6970587	Growth	0.66902685	0.72140706	2.8279157
E303D	E303D	303	303	0.40327138	0.38871208	0.11138016	-0.089844875				0.012357148	-0.10478667	0.16896257	7	0.12715027	0.20845203	0.817132	Growth	0.07655221	0.12550083	0.49196327
E303F	E303F	303	303	2.4012928	0.60293543	-1.8569709	-1.8238541	0.865496	0.61854815				0.086199775	7	0.12766385	1.5236771	5.9728146	Growth	0.07686142	0.91734654	3.5959985
E303H	E303H	303	303	-0.050028957	0.73283494	0.78832525	-0.30032113	2.6405644				0.23016968	1.8210756	7	0.83751714	1.0553854	4.1371107	Growth	0.5042364	0.6354063	2.4907928
E303K	E303K	303	303	-0.17055352	2.478798	-0.048628997	0.8119965	-1.9003725				-2.3138168	-2.1466575	7	-0.46989068	1.7730836	6.9504876	Growth	-0.28290284	1.0675044	4.1846175
E303L	E303L	303	303	0.5152018	0.3391927	0.5518576				0.06310196	0.099372126	0.01975794	0.32115483	7	0.2728056	0.21658668	0.8490198	Growth	0.1642456	0.1303984	0.5111617
E303N	E303N	303	303	0.07034244				2.607701	-0.5121955	-0.34760606	-2.4498012	-0.5140423	2.612631	7	0.20957565	1.8244808	7.1519647	Growth	0.12617733	1.0984486	4.3059187
E303S	E303S	303	303	-0.45598018	2.549379				0.4867552	-0.15332408	0.34691358	-2.3605533	-0.13229303	7	0.04012819	1.4529557	5.6955867	Growth	0.024159618	0.87476796	3.4290905
E303T	E303T	303	303	0.05759046	0.6418697	0.7792677	0.34434438	0.17672929	0.61259615				2.7040179	7	0.759488	0.8964384	3.5140386	Growth	0.45725808	0.5397106	2.1156654
E303W	E303W	303	303	0.4285371	0.24680658	0.03473967	0.43650565	0.29172567				0.8071338	0.66431624	7	0.41568068	0.25969645	1.0180101	Growth	0.25026512	0.1563531	0.6129042
E303Y	E303Y	303	303	2.5289664	-1.8329406	-1.8590367	0.52710336	-1.9023314				0.91165125	-2.148841	7	-0.5393469	1.8493432	7.2494254	Growth	-0.3247197	1.1134174	4.3645964
Y322D	Y322D	322	322	-0.33747292	-1.8907793	-1.9220351	-1.8737097	-0.23679355	-2.1326466				-2.2072577	7	-1.514385	0.84819883	3.3249395	Growth	-0.9117521	0.51066744	2.0018165
Y322E	Y322E	322	322	-1.9043808	-1.885617	-1.9163288	-1.8689853	0.1834186	-2.1262858	-2.04283				7	-1.6515726	0.8146247	3.193329	Growth	-0.9943474	0.49045375	1.9225787
Y322F	Y322F	322	322	2.494428	2.0421407				-2.0644615	-1.9881821	0.16449127	0.60081494	0.3259938	7	0.22503218	1.7676355	6.929131	Growth	0.1354831	1.0642244	4.1717596
Y322G	Y322G	322	322	0.5803549	0.8927085	1.1142781				0.2752641	1.1016548	0.64725	-2.1659389	7	0.3493674	1.1489553	4.503905	Growth	0.21034048	0.69174117	2.7116253
Y322I	Y322I	322	322	1.303811	1.5400674	-0.31504458	0.7103088	0.8003284				0.31806463	0.23894376	7	0.6566399	0.63980144	2.5080216	Growth	0.39533725	0.3851995	1.509982
Y322K	Y322K	322	322	2.5101006	1.0067797	2.7545505	-0.10219531	0.5870536				0.37820604	2.6587267	7	1.3990318	1.2088337	4.7386284	Growth	0.84230244	0.7277916	2.8529432
Y322M	Y322M	322	322	2.480111	0.5286249				2.682062	2.667928	2.969579	-2.3141515	-2.1522243	7	0.98027545	2.3388343	9.168231	Growth	0.5901856	1.4081209	5.519834
Y322N	Y322N	322	322	0.29163632	0.1322662	0.4502976	-0.40589985	1.040998	2.0918248	0.076356515				7	0.5253542	0.8168361	3.2019978	Growth	0.31629527	0.49178514	1.9277978
Y322Q	Y322Q	322	322	1.3528812	2.5448785				0.6049653	0.50977445	3.061034	0.613765	2.6645603	7	1.621694	1.1082886	4.3444915	Growth	0.97635865	0.66725737	2.615649
Y322R	Y322R	322	322	2.5107236				0.542202	0.6347046	-2.0028358	3.027205	2.902468	0.15826935	7	1.110391	1.8254899	7.1559205	Growth	0.6685231	1.0990562	4.3083005
Y322T	Y322T	322	322	0.49781665	2.480662	-0.12380316	-1.8370816	0.41272205	0.82240295				1.8349596	7	0.58395404	1.3915488	5.454871	Growth	0.35157594	0.8377972	3.2841651
Y322W	Y322W	322	322	-0.07122703	2.5500896	-0.6468928	2.3848345	-1.9355148				0.17419617	2.182357	7	0.662549	1.735914	6.804783	Growth	0.3988949	1.0451261	4.0968943
K323C	K323C	323	323	-0.50995463	-0.4549175				-0.6085046	-0.71701866	-0.5750923	-0.4918188	-0.46932873	7	-0.54666215	0.093458444	0.36635712	Growth	-0.32912394	0.056267682	0.22056931
K323D	K323D	323	323	0.37009436	-1.8376598	-0.14059436	0.27980855	2.6616771				-2.3250475	-2.1536858	7	-0.44934395	1.7947788	7.035533	Growth	-0.27053246	1.0805663	4.23582
K323F	K323F	323	323	-0.65996206	0.45581305	-0.3232541				-0.26988873	-1.7605656	0.1740467	0.19017133	7	-0.31337708	0.74153686	2.9068246	Growth	-0.18867211	0.4464504	1.7500856
K323G	K323G	323	323	2.5345404	0.33516818	2.7821689	2.406507				3.0418255	-0.50184554	-0.07906113	7	1.5027574	1.5149704	5.938684	Growth	0.9047516	0.91210455	3.57545
K323I	K323I	323	323	-0.37987694	-0.50924903	-0.7083334	-0.5880376	-0.2558042	-0.20116523				-0.43904853	7	-0.4402164	0.17948948	0.7035988	Growth	-0.26503712	0.10806361	0.42360935
K323L	K323L	323	323	-0.091977164	-1.8489308	-1.8769635	-1.833809	0.79732555				-2.339816	2.679663	7	-0.64492977	1.8570753	7.2797356	Growth	-0.38828704	1.1180726	4.382845
K323M	K323M	323	323	-0.5956893	0.5387526	-0.058645744	0.013606228	-1.947301	-2.111307	0.13291362				7	-0.5753816	1.048693	4.1108766	Growth	-0.3464148	0.6313771	2.4749982
K323Q	K323Q	323	323	-0.19321369	-0.3057623	0.011485985				-0.2266575	-0.09094997	-0.27122235	-0.047302768	7	-0.1605175	0.11974805	0.46941236	Growth	-0.096641324	0.072095625	0.28261486
K323R	K323R	323	323	-1.5694069				-0.015527949	0.34382957	-0.07785021	0.2047102	0.16800784	2.6821353	7	0.24798541	1.2530671	4.912023	Growth	0.14930233	0.75442284	2.9573376
K323S	K323S	323	323	0.26691908	-0.051452663	2.775	-1.8264564	-0.1079409	0.18153897				0.8400132	7	0.29680303	1.368944	5.366261	Growth	0.17869352	0.8241878	3.2308164
K323V	K323V	323	323	0.427863	-1.8707504	0.35899553	-1.8552341	0.51025856				-0.3371708	0.0041537248	7	-0.3945549	1.0438626	4.0919414	Growth	-0.23754612	0.62846893	2.4635983
K323W	K323W	323	323	-1.8851805	-1.86524	-1.8952988				-0.51134	-0.6528978	-0.112359256	-2.182171	7	-1.3006411	0.8412047	3.2975225	Growth	-0.7830652	0.5064565	1.9853095
K323Y	K323Y	323	323	-1.8783091				0.26582417	-2.0957015	-0.45229942	-0.7750644	-2.3562925	-2.176035	7	-1.352554	1.0228554	4.0095935	Growth	-0.81431997	0.6158213	2.4140196
M326A	M326A	326	326	1.5151676				1.7364353	0.7744969	0.93013495	1.1921853	0.1997349	0.52698964	7	0.9821634	0.54196227	2.1244922	Growth	0.59132224	0.32629433	1.2790738
M326C	M326C	326	326	-1.8761654				0.89633375	0.8339523	-2.0272982	-0.25988126	2.9213984	0.22014828	7	0.10121256	1.7179295	6.734284	Growth	0.060936134	1.0342983	4.0544496
M326D	M326D	326	326	0.16483662	0.48420608	-1.8980484				-0.2263732	0.26513597	0.31182113	2.6993237	7	0.2572717	1.3482096	5.2849817	Growth	0.15489325	0.8117044	3.1818812
M326F	M326F	326	326	0.34387022	0.047563687	-1.8979857	0.16844502	-0.17707448	-0.30068752				0.16916558	7	-0.23524332	0.765315	3.0000348	Growth	-0.14163083	0.4607663	1.8062038
M326H	M326H	326	326	2.5179582	0.9234905	2.600974	0.95417464	-0.006698441				0.9933268	0.043075185	7	1.1466143	1.0530899	4.1281123	Growth	0.69033176	0.6340243	2.4853754
M326L	M326L	326	326	-0.75718313				-1.921493	0.70809346	2.7067194	0.8927876	-0.3557521	-2.1654356	7	-0.12746622	1.712318	6.7122865	Growth	-0.07674243	1.0309198	4.041206
M326R	M326R	326	326	0.99650985	2.572632	0.4313273	0.59802306	2.514392	2.7491062	2.469387				7	1.7616253	1.0335617	4.051562	Growth	1.0606059	0.6222672	2.4392874
M326T	M326T	326	326	0.3878416	2.5477996	1.2820635	0.83930457	0.54668766				0.9466092	-0.2618953	7	0.8983444	0.87599367	3.4338953	Growth	0.5408581	0.5274016	2.0674145
M326V	M326V	326	326	-0.149091				0.4543266	1.8682284	0.46154702	1.0758725	2.9283786	2.201679	7	1.2629917	1.1065112	4.337524	Growth	0.760398	0.6661872	2.611454
M326Y	M326Y	326	326	2.4910154	2.5296965	-0.5609239				0.6646379	-0.3981988	0.56692284	0.7743382	7	0.866784	1.2370168	4.849106	Growth	0.5218568	0.74475956	2.9194574
M328A	M328A	328	328	-0.07664534	0.386185	0.19897486	-0.087740965	-1.9167902				0.8014356	-0.19286916	7	-0.12677862	0.86055946	3.373393	Growth	-0.07632846	0.51810926	2.0309885
M328D	M328D	328	328	0.33046457	2.5609233	-1.8462492	-1.8096974	-1.8893427	-0.96968263				1.0675514	7	-0.36514753	1.7352911	6.8023415	Growth	-0.21984108	1.044751	4.095424
M328E	M328E	328	328	-0.47360078	-0.4858796	-1.7987292	-0.7000247	-0.101331				-0.45649585	-0.56045246	7	-0.6537877	0.5364285	2.1028	Growth	-0.39362004	0.32296267	1.2660137
M328F	M328F	328	328	0.3956596	2.5677466	-1.8599442	-1.8196623				3.0384326	2.9160163	-2.1496596	7	0.44122702	2.3983996	9.401727	Growth	0.26564556	1.4439828	5.660413
M328I	M328I	328	328	0.87939227				2.6639414	2.7406232	2.7248003	3.0565372	2.9276373	-2.1653867	7	1.8325064	1.9105535	7.48937	Growth	1.1032805	1.1502696	4.509057
M328K	M328K	328	328	-1.7935526	-1.7651405	1.2571703	-1.7658614				2.8466399	-2.2086186	1.7225146	7	-0.24383548	2.1041038	8.248087	Growth	-0.14680383	1.2667987	4.9658513
M328L	M328L	328	328	2.484162	-0.11373158				-2.0558248	-1.9805148	2.9659705	2.855762	2.6229713	7	0.96839935	2.294944	8.996181	Growth	0.58303547	1.3816962	5.4162493
M328N	M328N	328	328	-0.22200033	-0.3472065	-0.5779371	0.33366483				0.3562818	0.17310484	-1.6408331	7	-0.27498937	0.6994142	2.7417037	Growth	-0.16556036	0.42108998	1.6506728
M328Q	M328Q	328	328	-0.006255856	2.5279381	-0.53273404	-1.8125656	2.6200855				-0.23778407	1.0104547	7	0.5098769	1.6371875	6.417775	Growth	0.30697697	0.98568666	3.8638918
M328T	M328T	328	328	2.508908	0.782303	0.39425677	2.3820584	1.0418609	0.11510571	0.6419218				7	1.1237736	0.94929594	3.72124	Growth	0.6765802	0.57153404	2.2404134
M328W	M328W	328	328	-0.37894166	-0.5272934	2.7672052				2.1948023	-0.800652	0.47417772	0.6585705	7	0.6268384	1.381143	5.4140806	Growth	0.3773949	0.8315323	3.2596066
D329A	D329A	329	329	0.015091622	0.8597516	0.42821953	-1.8317094	-1.9186746	-2.07983				0.5111075	7	-0.5737205	1.3065273	5.121587	Growth	-0.34541473	0.78660905	3.0835075
D329C	D329C	329	329	0.80220693	-0.2646114	0.6750239	-1.8242778	0.3099231	-2.0603182	-1.9845442				7	-0.62094253	1.2959934	5.0802946	Growth	-0.37384528	0.78026706	3.058647
D329G	D329G	329	329	2.4824262	2.5172276	-1.8131213	2.3613725	-1.8572055				-0.37817025	2.6074743	7	0.84571487	2.1113534	8.276505	Growth	0.5091719	1.2711635	4.9829607
D329H	D329H	329	329	-1.8230698	0.310291				0.5548093	2.1350453	2.0577285	-2.2519898	2.5884655	7	0.5101828	1.935198	7.585976	Growth	0.30716115	1.1651071	4.56722
D329K	D329K	329	329	-0.46628717	-0.93097854	-0.18103224	0.98133373	-1.9329408	-2.0963123	-0.28616527				7	-0.70176893	1.0681176	4.1870213	Growth	-0.42250767	0.64307195	2.520842
D329L	D329L	329	329	0.0484818	-0.03169537	0.5468392	-1.8710974				0.19908684	0.39848801	0.11760768	7	-0.084612764	0.8129718	3.1868494	Growth	-0.050942045	0.4894586	1.9186777
D329M	D329M	329	329	0.13731438	-0.0965375	2.7557073	-1.826005	1.1474719				2.8917427	-2.147738	7	0.40885082	2.0032442	7.8527174	Growth	0.24615312	1.2060751	4.727814
D329R	D329R	329	329	-0.2096895	0.41362035	0.35302448				-2.013159	-2.5343432	-2.3491337	-0.111395575	7	-0.9215823	1.316626	5.161174	Growth	-0.55484873	0.7926891	3.1073413
D329S	D329S	329	329	0.32932726	2.5308416				2.6998725	-0.71076286	-0.5518796	-0.013785132	-2.1689715	7	0.30209175	1.7643929	6.91642	Growth	0.18187766	1.0622721	4.1641064
D329T	D329T	329	329	0.99651545	2.5508635				2.7195477	-1.9913918	3.018724	-2.3226662	-2.1540208	7	0.40251032	2.4790692	9.717952	Growth	0.24233575	1.4925508	5.8507996
D329V	D329V	329	329	2.4811153	0.36174855	-1.8700209	-1.8382276	-0.5293445	2.6846957				-1.790756	7	-0.07154138	1.9925541	7.810812	Growth	-0.043072272	1.1996391	4.702585
D329Y	D329Y	329	329	1.9144704	-1.8679249	0.4574064	-0.2067762	0.4313945	-2.1064084	0.025936406				7	-0.19312882	1.4005331	5.49009	Growth	-0.116275325	0.8432063	3.3053687
Y333A	Y333A	333	333	-1.8805773	2.5431397	0.55362296	0.17793748	0.27033356				0.28308627	1.0179784	7	0.42364588	1.3086544	5.1299253	Growth	0.25506064	0.7878898	3.088528
Y333D	Y333D	333	333	-1.8716587	2.413248	0.7883481				0.67205864	-0.15624073	-2.3456643	-2.168274	7	-0.381169	1.8078977	7.086959	Growth	-0.22948697	1.0884646	4.2667813
Y333E	Y333E	333	333	2.5149708	2.5532362	-1.8771275	-1.8366238				3.0346088	2.908575	-1.4857152	7	0.8302749	2.4080215	9.439445	Growth	0.4998761	1.4497757	5.6831207
Y333F	Y333F	333	333	2.5037975	2.1141174				1.1152651	0.8460296	-2.557153	0.9141381	-1.617129	7	0.47415224	1.8759052	7.3535485	Growth	0.28546855	1.1294093	4.4272847
Y333I	Y333I	333	333	2.4981067	0.768351	2.7413077	0.23606585	2.630192	0.46961632	2.6896808				7	1.7190459	1.1610627	4.551366	Growth	1.0349704	0.6990306	2.7401998
Y333K	Y333K	333	333	-0.024677863	0.9672069				-2.0910509	0.3999777	-0.8464411	2.8915727	0.65815765	7	0.27924928	1.5509964	6.079906	Growth	0.1681251	0.93379444	3.6604743
Y333L	Y333L	333	333	-1.8687953				2.5017045	0.33452722	2.7065742	-2.515405	0.2651416	-2.1624582	7	-0.10553013	2.167341	8.495976	Growth	-0.06353557	1.3048714	5.115096
Y333N	Y333N	333	333	-0.39084014	2.5759761	2.784701	-1.8192723	0.9566949	0.19934562				2.689979	7	0.9995121	1.7818784	6.9849634	Growth	0.60176724	1.0727994	4.205374
Y333P	Y333P	333	333	0.3259942	-0.5393605	-0.6421101	-0.9448752	-0.572252	0.60623604				1.0755024	7	-0.098695025	0.7622107	2.9878662	Growth	-0.05942042	0.45889732	1.7988776
Y333R	Y333R	333	333	2.509015	-0.030057946	-1.8227367				-1.9497621	2.9669933	0.8447622	-2.1156113	7	0.057514634	2.13656	8.375316	Growth	0.03462732	1.2863394	5.0424504
Y333V	Y333V	333	333	0.005933391	2.566385	0.35768512	-1.826331	0.93541694	0.8299022	0.29687765				7	0.45226702	1.3082973	5.1285253	Growth	0.27229232	0.7876747	3.0876849
Y333W	Y333W	333	333	0.19691351	0.5028165	2.7775414	0.86314845	-1.9102871	-2.0706713				2.680338	7	0.43425703	1.938745	7.5998807	Growth	0.26144922	1.1672428	4.5755916
L336A	L336A	336	336	-0.27399704	-0.08533317	0.7658105	0.89483505	0.33777863	2.6997752	0.1731884				7	0.6445796	0.9995037	3.9180546	Growth	0.38807622	0.6017622	2.3589077
L336C	L336C	336	336	-0.1934782				-1.9035172	2.6799836	-1.9847142	-0.8163229	2.8526216	2.319238	7	0.42197296	2.1493597	8.42549	Growth	0.25405344	1.2940456	5.0726585
L336D	L336D	336	336	-0.82144576	-0.9853699	-1.9213325	-1.8721445	-1.9669305	-2.1318722	-0.33273458				7	-1.4331186	0.7059008	2.767131	Growth	-0.8628248	0.4249953	1.6659817
L336E	L336E	336	336	0.1715055	-1.8788356	-0.39596245	0.17377625				-2.5617063	-2.371795	-2.1940463	7	-1.2938662	1.2267424	4.8088303	Growth	-0.77898633	0.73857373	2.895209
L336F	L336F	336	336	-0.5122666	0.3889071	0.0020512524	-0.35290092				-0.02515226	0.009277541	-0.3908518	7	-0.12584795	0.31113473	1.2196481	Growth	-0.07576814	0.18732208	0.7343026
L336H	L336H	336	336	-0.2732512	0.30773234				-2.0808167	1.7886852	0.27887464	2.8698578	-2.1644495	7	0.103804626	1.853907	7.2673154	Growth	0.062496714	1.116165	4.375367
L336K	L336K	336	336	-0.12594186	-0.15836237	-0.30857095	-1.0473492				-0.31531247	0.67546207	-2.2042	7	-0.49775356	0.90488994	3.5471687	Growth	-0.299678	0.5447989	2.1356118
L336M	L336M	336	336	-1.8893001	-1.8693014	1.1839231				-2.0242157	0.94739115	-2.1553156	0.15242247	7	-0.8077709	1.5034171	5.8933954	Growth	-0.48632735	0.9051488	3.5481834
L336N	L336N	336	336	-0.8476209	-0.87388486	-1.8969628	-1.8471367	-1.9407938	-0.087124325	-0.41584778				7	-1.1299102	0.76407236	2.9951637	Growth	-0.68027484	0.46001816	1.8032712
L336P	L336P	336	336	-1.8758084	-1.8554273	0.60512996				0.21556583	-2.5392873	-2.3528376	-2.1732888	7	-1.4251363	1.2821748	5.0261254	Growth	-0.858019	0.77194744	3.026034
L336Q	L336Q	336	336	1.5077347	-1.8387914	-1.8664355				0.9628964	-0.13061844	2.9291866	-2.1555145	7	-0.084506	1.9688667	7.7179575	Growth	-0.050877765	1.1853778	4.6466813
L336R	L336R	336	336	0.36076012	0.14554644	-0.35405746	-1.848509	0.18520154	-2.1004946				-2.180452	7	-0.8274293	1.1620347	4.5551763	Growth	-0.4981629	0.6996158	2.7424939
L336S	L336S	336	336	-1.9025223				1.5379608	0.55257046	0.10705749	1.0744016	-0.16892898	-1.9169562	7	-0.10234531	1.3592881	5.3284097	Growth	-0.061618116	0.81837434	3.2080274
L336T	L336T	336	336	-0.12022717	-0.91214436	0.24489084	-1.841854	-0.40811005	-0.06212148	-0.34805456				7	-0.49251726	0.6943104	2.7216969	Growth	-0.29652542	0.4180172	1.6386275
L336V	L336V	336	336	0.7691311	0.22592947	-0.08555953	0.069401644	-0.6827491	0.7060163				-0.10046399	7	0.12881513	0.5022099	1.9686629	Growth	0.07755456	0.30236098	1.185255
V337A	V337A	337	337	-0.14727269	-1.8740299	0.11980939	-0.30423045				-0.0412933	-0.09325405	-2.192024	7	-0.6474708	0.9592905	3.760419	Growth	-0.38981688	0.57755136	2.2640014
V337C	V337C	337	337	-0.3975626	2.5617838	-0.09558276	-0.0015235341	2.6573079	2.7339501	-2.006942				7	0.7787759	1.8729688	7.3420377	Growth	0.46887055	1.1276414	4.4203544
V337E	V337E	337	337	0.5783252	0.13434218	0.62802863	2.370929	0.5288657				2.903452	-1.6611009	7	0.78326315	1.5023711	5.8892946	Growth	0.47157216	0.90451896	3.5457144
V337I	V337I	337	337	1.0718614	0.7643011	0.32253063	2.3775206	0.918929				2.9064643	0.0068554785	7	1.1954947	1.0627977	4.166167	Growth	0.71976066	0.639869	2.5082865
V337K	V337K	337	337	-1.89453	-1.8752753	-0.49312526	-1.8578295	0.2384972	-0.25703683				-0.34535447	7	-0.92637914	0.91611266	3.5911617	Growth	-0.55773675	0.5515557	2.1620984
V337L	V337L	337	337	0.32487836	2.5799358	1.5824727	2.4125648	0.3455375	-2.086482				-0.45321348	7	0.672242	1.6633873	6.5204782	Growth	0.40473068	1.0014606	3.9257255
V337M	V337M	337	337	0.81377584	0.80161303	0.03042664	0.5167161				-2.5539753	0.17756373	-0.3524264	7	-0.080900915	1.1694332	4.5841784	Growth	-0.048707284	0.7040701	2.759955
V337P	V337P	337	337	0.08138193				-1.9432157	-0.08673356	0.6244334	-2.3361213	-2.3586483	2.325432	7	-0.5276388	1.7635027	6.912931	Growth	-0.31767073	1.0617361	4.1620054
V337Q	V337Q	337	337	0.58493555	0.15829182	0.30503106	0.1211077	2.6721547	-0.72446704				0.7559665	7	0.5532886	1.0463243	4.101591	Growth	0.33311346	0.629951	2.469408
V337T	V337T	337	337	0.77596736				-0.22319415	-0.19650725	0.30350143	-0.10257438	1.6386595	-0.17329781	7	0.28893638	0.69809717	2.736541	Growth	0.17395732	0.42029706	1.6475645
V337W	V337W	337	337	-1.9109539	0.31922507	-0.07555421	-0.21359159				-2.5887651	-0.11580648	-0.14887203	7	-0.67633116	1.106066	4.3357787	Growth	-0.4071926	0.6659192	2.6104033
V337Y	V337Y	337	337	2.5410006				0.013356345	1.0262711	-0.13746902	2.6795423	-2.348001	0.1578117	7	0.5617875	1.7338645	6.796749	Growth	0.3382303	1.0438921	4.092057
M340A	M340A	340	340	-0.6064701	0.641872				0.81297064	-0.42540205	3.0667264	0.07047786	0.24311793	7	0.5433275	1.2263867	4.807436	Growth	0.32711628	0.7383596	2.8943696
M340D	M340D	340	340	0.24486795	-1.8725176	-1.7961024				0.07589466	-2.3881464	-2.3127	-0.12000212	7	-1.166958	1.1783968	4.6193156	Growth	-0.70257986	0.70946676	2.7811098
M340F	M340F	340	340	0.7836972	2.544639	-1.9191768	0.70395315	-0.11255641				0.9538229	0.16747387	7	0.44597894	1.3432778	5.2656493	Growth	0.26850653	0.80873513	3.1702418
M340G	M340G	340	340	2.322167				0.40535623	0.4276374	-0.020120699	-0.0026261918	0.118660256	-0.019025024	7	0.46172124	0.842832	3.3039017	Growth	0.27798435	0.5074363	1.9891503
M340H	M340H	340	340	-0.045850452				0.6002702	0.29103145	0.5701573	-0.31868464	0.03515422	-0.30091494	7	0.1187376	0.38010097	1.4899958	Growth	0.07148728	0.22884396	0.8970683
M340N	M340N	340	340	2.5255008	-1.837997				-0.19679244	0.05137983	-0.6438667	2.913355	2.672595	7	0.7834535	1.8949989	7.4283957	Growth	0.47168678	1.1409049	4.4723473
M340R	M340R	340	340	-1.903315	-1.88444	-1.9103109	0.19090039	-1.9605486	-2.1245954	0.067638725				7	-1.3606672	1.0215818	4.0046005	Growth	-0.8192046	0.6150545	2.4110136
M340S	M340S	340	340	2.49723	0.28746748	-0.34553856	2.371814				2.059006	-0.3578394	-2.176683	7	0.6193509	1.7551842	6.880322	Growth	0.37288702	1.0567279	4.1423736
M340T	M340T	340	340	-0.265803	-0.055596694	-1.9230063	0.4351809	0.1450898				-7.942133e-05	0.3502395	7	-0.18771073	0.8018883	3.143402	Growth	-0.113013305	0.48278564	1.8925197
M340W	M340W	340	340	0.78069204	0.5607114	0.59461755	2.3972745	2.6593225				2.9270277	0.58624494	7	1.5008415	1.0984737	4.306017	Growth	0.90359807	0.6613481	2.5924847
M340Y	M340Y	340	340	-0.025614053	0.27075133	0.5474963	-1.8552581	-0.12929061	-2.1068537				2.6637106	7	-0.0907226	1.5973408	6.261576	Growth	-0.054620534	0.96169657	3.7698505
M345A	M345A	345	345	0.4392111	0.45269763	0.51161885	0.4958127	-0.13701274	0.8649366				-0.32135218	7	0.32941598	0.41149652	1.6130664	Growth	0.19832851	0.24774599	0.9711643
M345E	M345E	345	345	0.55674154	0.8292912	2.7504213	-1.8528409	2.6394827	0.37590018				2.6585925	7	1.1367983	1.6894591	6.6226797	Growth	0.6844219	1.0171574	3.9872572
M345H	M345H	345	345	0.46418074	2.5652556	0.8339142	-1.8354893	-0.10049324				-2.3416915	-0.23097755	7	-0.09218584	1.6506522	6.4705567	Growth	-0.0555015	0.99379325	3.8956697
M345K	M345K	345	345	-0.85375834	-0.3053017	-1.7756541	-0.51635146	-0.5716542	-0.7291226	-0.43599972				7	-0.7411203	0.49081016	1.9239758	Growth	-0.4461996	0.29549763	1.1583507
M345N	M345N	345	345	0.119197324				-0.8390775	-2.1021967	0.16106825	-0.8095105	-0.46158051	0.46630663	7	-0.49511328	0.8692217	3.407349	Growth	-0.29808837	0.52332443	2.051432
M345P	M345P	345	345	-1.8861856	-0.27739027				-2.1043468	-0.2718865	0.6044858	-2.3632708	-0.03185417	7	-0.90434974	1.1806331	4.628082	Growth	-0.5444737	0.7108131	2.7863874
M345R	M345R	345	345	2.4843295	2.5176132				2.671244	-1.9145087	-2.38627	-2.2273865	-2.0828881	7	-0.13398099	2.522547	9.888385	Growth	-0.080664724	1.5187271	5.95341
M345S	M345S	345	345	-1.8513747	0.026527869	-1.8503219	-1.819027	-1.8950359	0.43427694	-0.062338006				7	-1.0024704	1.0731462	4.206733	Growth	-0.6035483	0.64609945	2.5327098
M345T	M345T	345	345	0.0375984	-0.0787378	0.31848273				0.25724718	-0.53451085	-0.6541483	-0.41792104	7	-0.15314138	0.38715297	1.5176396	Growth	-0.09220045	0.2330897	0.91371167
M345V	M345V	345	345	-1.8576615	0.28973895				2.6775663	0.7517064	-2.4733822	0.21879455	-0.21620016	7	-0.08706254	1.7043303	6.680975	Growth	-0.052416958	1.0261108	4.022354
M345W	M345W	345	345	-1.8231992	2.537436	0.40425882	-1.7903212	2.2244546				2.850914	-2.1107185	7	0.32754636	2.2327616	8.752426	Growth	0.19720288	1.3442587	5.269494
H358A	H358A	358	358	2.5134223	2.5518851	0.58539736				2.7074873	0.8191423	2.9099028	0.62677085	7	1.8162869	1.0756139	4.2164063	Growth	1.0935155	0.64758515	2.538534
H358C	H358C	358	358	2.4875827	2.5254123	-1.8766505	2.3632233	-1.922566	2.6932654				2.633555	7	1.2719746	2.1691985	8.503259	Growth	0.76580626	1.3059897	5.1194797
H358D	H358D	358	358	2.536435				2.6712668	2.7486696	0.08122606	3.0695555	1.2803313	2.6904428	7	2.1539896	1.0765032	4.2198925	Growth	1.296833	0.6481205	2.5406325
H358E	H358E	358	358	-0.10005057	0.14884324				2.3920727	0.10811621	0.50193745	2.9307694	2.679266	7	1.2372792	1.3582871	5.3244853	Growth	0.7449175	0.8177717	3.205665
H358F	H358F	358	358	0.94851804	2.5762093	2.6198633	2.2166262	0.37325522				-0.07214954	2.6967242	7	1.622721	1.176006	4.6099434	Growth	0.97697693	0.7080273	2.7754672
H358I	H358I	358	358	0.4358834	2.5669072				0.76010203	1.2869753	1.3745904	2.941955	0.645828	7	1.4303201	0.9707427	3.8053114	Growth	0.86113995	0.5844463	2.2910297
H358L	H358L	358	358	0.40412644	2.566126	0.90882707	-1.0808045	0.12821677	0.49008176	2.7213655				7	0.8768484	1.3554109	5.313211	Growth	0.5279162	0.81604004	3.198877
H358M	H358M	358	358	0.7241332				0.6527295	0.6999869	0.6143709	0.29791155	1.4702897	1.007902	7	0.78104633	0.3683284	1.4438473	Growth	0.47023752	0.22175615	0.8692841
H358N	H358N	358	358	-1.8188375	0.70178	-1.8086691				-1.935788	-2.4148185	-2.249648	-2.102305	7	-1.6611837	1.0657122	4.177592	Growth	-1.0001339	0.64162374	2.515165
H358P	H358P	358	358	0.9853474	-1.7168087	-1.7222233				2.5917776	-2.2869084	2.7039216	-0.37022278	7	0.026411911	2.092647	8.2031765	Growth	0.01590158	1.2599012	4.9388127
H358Q	H358Q	358	358	2.4884827				-1.8548691	2.6809185	0.30039322	0.86628723	2.8308046	2.6130443	7	1.417866	1.7526242	6.870287	Growth	0.8536418	1.0551866	4.1363316
H358T	H358T	358	358	1.4732052	0.5673318	2.7333508	1.0271828	-0.5195994				2.8850868	-0.099945635	7	1.1523731	1.3118981	5.1426406	Growth	0.69379884	0.78984267	3.0961833
H358V	H358V	358	358	0.6524676				-1.9449261	0.5489441	0.5815686	0.21471944	2.891456	2.6445434	7	0.7983961	1.6220455	6.3584185	Growth	0.48068315	0.9765703	3.8281558
H358Y	H358Y	358	358	1.0720245	0.90103143	2.1062636	0.2579053				0.92836183	-0.11488452	-0.09883234	7	0.7216958	0.7855852	3.0794942	Growth	0.43450487	0.47297022	1.8540432
G359A	G359A	359	359	-1.8909644	-0.08627005	0.9821084	0.9782473	0.15694104	0.5873504				0.38053355	7	0.15827803	0.986893	3.8686206	Growth	0.09529303	0.59416974	2.3291454
G359C	G359C	359	359	0.22375974	0.12933186	0.38414374				0.3477678	0.6799265	0.21926251	0.73610854	7	0.3886144	0.23465858	0.9198617	Growth	0.23396955	0.14127877	0.5538128
G359D	G359D	359	359	-0.25946972	2.5604825	2.768156	2.1676004	0.67169315	2.203454	0.32329276				7	1.4907442	1.2137578	4.7579303	Growth	0.89751893	0.73075616	2.8645642
G359F	G359F	359	359	-0.31554407	0.23114017	0.58665043	0.2110068				0.19236599	-0.064970344	2.6747866	7	0.5022051	0.9976569	3.910815	Growth	0.30235806	0.60065025	2.354549
G359H	G359H	359	359	0.42761812	0.23013858	-1.8893008	-1.8520995	-1.9354912	1.2269942	0.09285686				7	-0.5284691	1.325447	5.195752	Growth	-0.3181706	0.7979999	3.1281598
G359M	G359M	359	359	0.24929717	0.30895627	0.19615	0.07336447	0.01180865				0.07441213	0.06561212	7	0.13994296	0.11132051	0.43637642	Growth	0.0842542	0.067021735	0.2627252
G359N	G359N	359	359	2.4974246	0.17048799	-1.8251101				-1.9521737	-0.60624266	1.5570229	2.6276612	7	0.3527243	1.9250003	7.5460014	Growth	0.21236154	1.1589676	4.5431533
G359P	G359P	359	359	0.7388865	-0.48122203	-1.8925351				-2.019141	-2.5453496	-0.17504592	0.055706944	7	-0.9026714	1.2413021	4.8659043	Growth	-0.54346323	0.74733955	2.9295712
G359Q	G359Q	359	359	-0.27932253	0.19012095				-0.26163924	-2.048595	-0.86625534	-0.44976228	0.6380157	7	-0.43963394	0.8550015	3.351606	Growth	-0.26468644	0.51476306	2.0178711
G359R	G359R	359	359	-1.9095111				0.22109117	-0.27412018	2.7000031	0.64847606	0.3081552	0.3383978	7	0.290356	1.3601544	5.331805	Growth	0.17481202	0.8188959	3.2100718
G359S	G359S	359	359	-0.43896776	-0.5799561	-0.045801394	0.40047854	-1.9256251	0.3183319				0.015847828	7	-0.32224172	0.7931228	3.1090415	Growth	-0.19400917	0.4775083	1.8718326
G359T	G359T	359	359	0.33442596	0.0912384	0.30101568				-2.0306425	0.9140142	0.13321435	0.2973212	7	0.0057981866	0.9376937	3.6757596	Growth	0.003490862	0.5645488	2.2130313
G359V	G359V	359	359	2.5323794				-1.906474	0.05668246	-0.36593863	3.0454524	-0.30406505	-0.039437667	7	0.4312284	1.7441233	6.8369637	Growth	0.2596258	1.0500686	4.116269
G359W	G359W	359	359	-0.17705028				-0.34638333	-0.27308813	-2.0157895	-2.5414982	0.37266314	-2.176454	7	-1.0225143	1.1765491	4.6120725	Growth	-0.61561596	0.7083543	2.776749
G359Y	G359Y	359	359	0.16326202	1.8001893	-1.1591604	0.43134063	0.19423074				-0.3933061	0.054658443	7	0.1558878	0.89650613	3.5143042	Growth	0.09385396	0.53975135	2.1158254
K360A	K360A	360	360	0.8921069	0.7848126	-1.8622255	0.97024983				1.0075539	-0.3684911	-1.9709138	7	-0.07812961	1.3424962	5.262585	Growth	-0.04703879	0.80826455	3.1683972
K360C	K360C	360	360	-0.8519084	0.576151	2.753334	0.3772737				-0.773433	0.77081895	2.6594229	7	0.7873799	1.4552207	5.7044654	Growth	0.47405073	0.8761316	3.4344358
K360D	K360D	360	360	-0.3220452	-0.27815476				1.0876268	2.6958334	0.5049076	-2.3546731	2.6537774	7	0.5696103	1.7889612	7.0127277	Growth	0.34294012	1.0770637	4.22209
K360F	K360F	360	360	0.12203864	0.25245583	0.91793543	2.0335183				-0.14320642	-0.59589547	1.0645399	7	0.5216266	0.881345	3.4548724	Growth	0.314051	0.53062344	2.0800438
K360G	K360G	360	360	2.4818676	0.21964496	2.7635925				-1.9659873	1.1101686	2.8890529	-2.1305702	7	0.7668242	2.1491377	8.42462	Growth	0.46167493	1.2939119	5.072135
K360H	K360H	360	360	0.6708708	0.34261346	0.2688571	0.1102289				0.6395452	2.9552264	0.29733127	7	0.7549533	0.99104255	3.884887	Growth	0.45452794	0.59666806	2.338939
K360N	K360N	360	360	0.037232146	1.7361635	-0.49180898	-1.8339313	-1.9128411	-2.0714235	2.680329				7	-0.26518288	1.8824849	7.379341	Growth	-0.15965627	1.1333708	4.4428134
K360R	K360R	360	360	-1.8512928	0.5316174				-2.055775	1.0340626	-0.6388058	2.8567364	-2.14385	7	-0.32390103	1.8901554	7.4094095	Growth	-0.19500817	1.1379888	4.460916
K360S	K360S	360	360	0.46371987				0.7860035	-2.1004407	0.5303016	0.3493373	0.9373434	2.3324192	7	0.47124058	1.3173372	5.163962	Growth	0.28371558	0.7931173	3.1090198
K360T	K360T	360	360	0.8075855	0.7977313	0.8749303	0.93881017				2.1326623	1.3708423	0.962336	7	1.1264141	0.48430803	1.8984876	Growth	0.67816997	0.29158297	1.1430053
K360V	K360V	360	360	2.4776695	2.512917	0.6820797	2.3562782	0.7199417	-2.0198913	2.658836				7	1.3411187	1.7101836	6.70392	Growth	0.8074352	1.0296348	4.0361686
Y379A	Y379A	379	379	2.5116067	2.5499918	2.7565784				-0.95246786	-2.5258121	-2.342105	-0.016736824	7	0.28300792	2.3317144	9.140321	Growth	0.17038803	1.4038342	5.5030303
Y379D	Y379D	379	379	-1.8947039	-0.3108814				1.0333922	-0.73149645	0.07636328	-0.64018667	0.27376696	7	-0.3133923	0.92129004	3.611457	Growth	-0.18868127	0.5546728	2.1743174
Y379E	Y379E	379	379	2.4884048	-1.8645633	1.3607584	2.3635223				-2.5345356	2.8833249	0.24556944	7	0.70606863	2.176184	8.530642	Growth	0.42509636	1.3101954	5.1359663
Y379F	Y379F	379	379	0.31622532	0.41094676	0.22469978	0.6008829	0.22398534	0.22181185				0.816853	7	0.4022007	0.22901486	0.8977383	Growth	0.24214934	0.1378809	0.5404932
Y379G	Y379G	379	379	-0.07527579	-0.81504774	0.19416112	-0.10273498	-0.27647293	-0.0015404139				-0.2427515	7	-0.18852317	0.31749102	1.2445649	Growth	-0.11350244	0.19114895	0.7493039
Y379H	Y379H	379	379	0.101612344	1.7817237	0.58927524	1.8128666	0.715812	0.40799817	0.1765712				7	0.7979799	0.7154507	2.8045669	Growth	0.48043254	0.43074495	1.6885202
Y379K	Y379K	379	379	-0.05714099	0.28127387	0.48107168	0.641416	-0.0046309424	0.2052778	0.5545845				7	0.30026457	0.27197957	1.06616	Growth	0.18077758	0.16374828	0.64189327
Y379L	Y379L	379	379	2.5048757	0.1748343	-1.8597142	-0.08929004	2.63592				-1.8867406	-0.02530735	7	0.20779684	1.8247249	7.1529217	Growth	0.12510636	1.0985956	4.3064947
Y379M	Y379M	379	379	0.5002184	0.3183536	0.88052577	0.5697301	-1.909772				-2.3211865	-2.1544821	7	-0.58808756	1.4553056	5.7047977	Growth	-0.35406455	0.8761827	3.434636
Y379P	Y379P	379	379	-1.8356342	2.5126977				-0.119542055	-1.956187	0.07133753	-1.8868221	0.034912452	7	-0.4541768	1.6148596	6.33025	Growth	-0.27344215	0.9722439	3.811196
Y379S	Y379S	379	379	-1.8783132	2.5373518	0.61709815	2.3737488	0.6444692	-0.17048688	0.5477642				7	0.66737604	1.5060116	5.9035654	Growth	0.40180108	0.9067108	3.5543065
Y379T	Y379T	379	379	0.18172908	0.5550396	0.29531533				0.25243402	0.30175194	0.27228275	0.7016107	7	0.36573765	0.18847196	0.73881006	Growth	0.22019637	0.11347161	0.44480872
Y379V	Y379V	379	379	1.0205255	2.559116	0.54288226				-1.9866384	0.10700766	0.14290176	0.9363966	7	0.47459874	1.3640627	5.3471255	Growth	0.28573737	0.8212489	3.2192957
K381A	K381A	381	381	0.44221604	0.31733623	0.9731182	0.020022638				0.27480802	0.30596972	0.75633913	7	0.44140142	0.3217029	1.2610754	Growth	0.26575056	0.19368476	0.75924426
K381C	K381C	381	381	0.6181964				0.38588133	0.15569131	0.07320473	-0.14888163	0.25550023	0.42133123	7	0.2515605	0.2525395	0.9899548	Growth	0.15145476	0.15204416	0.5960131
K381D	K381D	381	381	-0.12757912	0.8917741	1.3940327				2.7130556	-0.5733823	2.9205348	2.6714923	7	1.4128469	1.422307	5.5754437	Growth	0.85062	0.85631555	3.356757
K381E	K381E	381	381	0.3338915	0.37552115	0.41628557	0.30316752	0.27655864	0.23882312				0.29999036	7	0.32060543	0.06014493	0.23576814	Growth	0.19302401	0.036210917	0.1419468
K381H	K381H	381	381	-1.8731945	-1.852229	0.28950903	-0.36036214	-1.9241896				-2.3419986	-2.1680703	7	-1.461505	1.0074141	3.9490633	Growth	-0.8799152	0.6065247	2.3775768
K381L	K381L	381	381	-0.12918685	-1.8571085	0.65036345				1.5252305	-0.111657105	2.884872	2.6416783	7	0.8005988	1.6853065	6.606402	Growth	0.4820093	1.0146573	3.9774566
K381M	K381M	381	381	0.10680685				1.169595	-1.2524649	-0.5257862	0.8272257	2.8961282	0.6592619	7	0.55439526	1.3278735	5.205264	Growth	0.33377975	0.79946077	3.1338863
K381N	K381N	381	381	0.8407898	0.331289	0.07755359	-0.022721581				-0.13689424	0.4373526	2.071346	7	0.51410216	0.7608762	2.9826348	Growth	0.30952084	0.45809385	1.795728
K381R	K381R	381	381	0.5395243	0.51786125	0.3632495	0.815107				0.5721262	0.25032935	0.15770766	7	0.45941502	0.221	0.86632	Growth	0.27659586	0.13305548	0.5215775
K381V	K381V	381	381	0.6866315	0.61950433	1.0189636	-1.8484603	0.32574996	-0.17968933				-0.17929482	7	0.06334357	0.9533102	3.736976	Growth	0.03813669	0.5739509	2.2498875
K381W	K381W	381	381	2.493355				0.9317338	-2.080831	-2.0026302	3.0017266	-0.5592032	-2.1644886	7	-0.054333925	2.2140744	8.679172	Growth	-0.032712337	1.3330078	5.225391
K381Y	K381Y	381	381	0.4404359	0.62557733	0.4892164	0.37832883	0.33057207	0.28722736	0.32130265				7	0.4103801	0.11826972	0.4636173	Growth	0.24707384	0.07120558	0.27912587
Q406A	Q406A	406	406	0.97912055	-1.8158318				2.6703215	-1.9614305	0.30390757	1.5456232	2.606805	7	0.6183594	1.9076126	7.4778414	Growth	0.37229005	1.1484991	4.5021167
Q406E	Q406E	406	406	2.510609	0.83860487	0.5088469	0.85566187	0.8374453	0.42417634				2.6692276	7	1.2349389	0.9423372	3.6939619	Growth	0.7435085	0.5673445	2.2239904
Q406G	Q406G	406	406	1.0379523	-0.022181518	2.7282276	-1.8356783	0.73387414	0.1216206				2.6302688	7	0.77058345	1.5919518	6.2404513	Growth	0.46393824	0.9584521	3.7571323
Q406I	Q406I	406	406	0.8453285	-0.3610771	-0.16172291	0.33868915	0.15391207	2.7603467	0.32327065				7	0.55696386	1.0457906	4.099499	Growth	0.3353262	0.6296297	2.4681485
Q406K	Q406K	406	406	-0.31666222	0.26185417	-0.1565762	0.1995665	0.66973156	2.7377303				0.7883837	7	0.59771824	1.0244976	4.016031	Growth	0.35986283	0.61681	2.4178953
Q406L	Q406L	406	406	-0.110475935	0.611488	2.7770438	-0.35856894	-0.09494945	0.13847011				0.57379556	7	0.5052576	1.0643543	4.172269	Growth	0.30419588	0.6408062	2.5119603
Q406M	Q406M	406	406	2.509324	-1.8029201	2.7497222	2.3864825	-0.03037077	2.7067494				0.5580853	7	1.2967247	1.764082	6.915201	Growth	0.7807073	1.0620849	4.163373
Q406N	Q406N	406	406	-1.8606709	-1.838833	2.7691226	0.49353197	-1.9088733	0.21584317				0.660877	7	-0.2098575	1.759445	6.897024	Growth	-0.126347	1.0592932	4.152429
Q406P	Q406P	406	406	-1.8725847	-1.8517685	-1.8805467	-1.8359722				-0.5570957	-1.6783442	0.30299214	7	-1.3390456	0.86704147	3.3988025	Growth	-0.80618715	0.5220118	2.0462863
Q406S	Q406S	406	406	-0.2825162	0.69328135	0.108128995	-0.88057786				-0.14852941	0.39036703	0.6224197	7	0.07179623	0.5587687	2.1903734	Growth	0.04322571	0.33641282	1.3187382
Q406T	Q406T	406	406	0.48551643	0.18190809	0.7853848	0.24885489				-0.00090448157	0.53118175	0.37452477	7	0.37235233	0.2580293	1.011475	Growth	0.2241788	0.15534937	0.60896957
Q406Y	Q406Y	406	406	2.4891663	2.5267324	-1.8697017	0.4978893	2.6200283	-2.0740938				-0.19675976	7	0.57046586	2.0514674	8.041753	Growth	0.34345523	1.2351085	4.841625
G411A	G411A	411	411	0.5873001	-0.039410096	0.6971806	1.9260349	0.013183774				-2.311466	0.1385472	7	0.14448152	1.2752951	4.999157	Growth	0.08698669	0.76780546	3.0097973
G411C	G411C	411	411	0.12395065	-0.07798058	-0.14154316	0.1433392	0.27464405	0.26412126	0.5858369				7	0.16748118	0.24292316	0.95225877	Growth	0.100833885	0.14625455	0.5733179
G411D	G411D	411	411	-1.8911811	-0.11588419	-0.21134509	-1.8538605				-2.3953953	-2.371754	-2.189447	7	-1.5755526	0.98756564	3.8712573	Growth	-0.9485787	0.59457475	2.330733
G411F	G411F	411	411	0.07374116	-1.8543342	-1.8961872	-0.95801276	2.6374571	-2.103766	-2.0229034				7	-0.8748579	1.735599	6.8035483	Growth	-0.5267178	1.0449364	4.096151
G411K	G411K	411	411	0.15850598	0.094023004	-1.9077325	-1.2746998	0.5491285				0.21076407	-2.193712	7	-0.62338895	1.1355107	4.451202	Growth	-0.37531817	0.6836467	2.679895
G411L	G411L	411	411	-1.8966389	-1.8770093				1.0798429	-0.29601464	-2.5568635	0.4439034	-0.5669416	7	-0.80996025	1.3439906	5.268443	Growth	-0.48764545	0.8091643	3.171924
G411M	G411M	411	411	2.5423849	2.5811796	-0.4187004	-1.8312889	-1.920647	-2.0825994	-2.004027				7	-0.44767112	2.132858	8.360804	Growth	-0.26952532	1.2841105	5.0337133
G411N	G411N	411	411	-1.8821806	2.5446844	-1.8889464	-1.8479081	0.1582932	-0.027977334	-2.0157032				7	-0.70853406	1.711513	6.7091312	Growth	-0.4265807	1.0304352	4.039306
G411P	G411P	411	411	0.55010253	0.8019308	-1.8080313	-1.8662287	-1.9593434	-2.123569	0.84348416				7	-0.79452217	1.4340311	5.6214023	Growth	-0.4783508	0.8633742	3.3844268
G411R	G411R	411	411	-1.4990416	-1.8705282	-1.9046206	-1.8501076	-0.31339583				-2.3765798	-2.1899521	7	-1.7148894	0.6773476	2.6552026	Growth	-1.032468	0.40780455	1.5985938
G411S	G411S	411	411	0.2154309	-0.0056629744	0.42884377	-0.6979014				-0.053679984	-1.3456566	-0.18081696	7	-0.2342062	0.60274595	2.3627641	Growth	-0.14100641	0.36288983	1.4225281
G411T	G411T	411	411	0.05641771	-0.57746464	-0.38610733				-0.6020551	-0.61090916	-0.6350126	-0.22552565	7	-0.42580813	0.2602315	1.0201075	Growth	-0.25636247	0.15667523	0.6141669
G411V	G411V	411	411	-0.41383016	0.077209696	0.12989174	-0.31096008	-1.9450167	0.06736144	-0.30925274				7	-0.38637096	0.72215784	2.8308587	Growth	-0.23261887	0.43478304	1.7043495
G411W	G411W	411	411	-1.9130806	0.105675936				-2.139167	-2.054208	-2.5939732	-2.26116	0.030883968	7	-1.5464326	1.1231776	4.4028563	Growth	-0.9310467	0.67622143	2.650788
G411Y	G411Y	411	411	0.56822425	-1.8294954	-1.8496583	1.8511463	-1.8954492				-2.2981884	2.6131542	7	-0.40575236	2.0440335	8.012611	Growth	-0.24428765	1.2306328	4.8240805
N412A	N412A	412	412	-0.23249917	-0.3459296	-0.19517018	-1.8641462	-0.038417105	-1.1291046	-1.2684546				7	-0.72481734	0.6945819	2.7227612	Growth	-0.43638423	0.41818067	1.6392683
N412C	N412C	412	412	-0.7693324	-1.7991353	-1.8174167	2.369528				0.27763885	-2.2634034	-2.1105993	7	-0.8732458	1.6863781	6.6106024	Growth	-0.5257472	1.0153024	3.9799855
N412D	N412D	412	412	2.5241833	1.4132222	0.7831587				0.37166294	0.1834837	-2.3031347	-2.1371317	7	0.11934924	1.776039	6.962073	Growth	0.07185552	1.0692837	4.191592
N412E	N412E	412	412	-1.8538268	-1.8309736	-1.8536829				0.5222835	-2.4837239	2.8732433	-2.1440983	7	-0.9672541	1.9566368	7.6700163	Growth	-0.58234596	1.1780146	4.6178174
N412H	N412H	412	412	0.039502695	0.05280323	-0.1271006				0.15484099	0.9388819	-2.301583	-0.024037298	7	-0.18095602	0.99955195	3.9182436	Growth	-0.10894656	0.6017912	2.3590217
N412I	N412I	412	412	-0.2538032	-1.8632554	-0.21024746	-1.8440272	-0.929125				-0.1334923	-0.2670278	7	-0.78585404	0.77569413	3.040721	Growth	-0.47313204	0.46701518	1.8306996
N412L	N412L	412	412	-1.8990812	-0.43290755	-1.9090518	-0.4388544	0.016584823	-2.1181624				-0.4039139	7	-1.0264838	0.9041885	3.544419	Growth	-0.6180058	0.5443766	2.1339564
N412M	N412M	412	412	-0.8935219	0.2797341	-1.9219124	-0.13127407	-1.9675446	-1.1253335				-0.55522233	7	-0.90215355	0.8501299	3.3325093	Growth	-0.54315144	0.51183003	2.006374
N412P	N412P	412	412	-0.018181387	-1.820902	-0.20327988				-1.9708902	-2.2833016	-2.2985747	0.0452204	7	-1.2214156	1.1028531	4.323184	Growth	-0.7353667	0.6639848	2.6028204
N412T	N412T	412	412	-1.8829993	0.032932665				-2.0980527	0.0061591854	-0.6072474	-2.3545268	-0.538196	7	-1.0631329	1.0197282	3.9973345	Growth	-0.6400708	0.61393857	2.4066393
N412V	N412V	412	412	1.9853183	-1.8263336	0.6740515				-2.000528	-2.5135298	0.284477	-2.162518	7	-0.79415184	1.7509019	6.863536	Growth	-0.47812784	1.0541497	4.132267
N412Y	N412Y	412	412	-0.9094529	-1.2379563	-0.68443847	-1.320403	-0.9049136	-1.226042	-1.1284775				7	-1.0588119	0.23075603	0.90456367	Growth	-0.63746935	0.1389292	0.5446025
N415A	N415A	415	415	-0.17637858	0.52514446	-0.2599338				-2.0373049	-0.33915782	-2.3784747	0.36982283	7	-0.61375463	1.1399662	4.468668	Growth	-0.3695177	0.6863292	2.6904104
N415C	N415C	415	415	-0.008324968	0.49886328	-1.8865192				-2.0291126	-0.85312945	0.33502212	-2.1888216	7	-0.8760032	1.1679416	4.578331	Growth	-0.52740735	0.703172	2.7564344
N415D	N415D	415	415	-1.9083385	-0.5963155	-0.10724232	-0.4686282				-1.912569	-0.29991856	-2.2071118	7	-1.0714463	0.8955162	3.5104237	Growth	-0.645076	0.53915536	2.1134892
N415E	N415E	415	415	0.17827846				1.1278921	-2.1003466	2.6923065	0.31871495	-2.3540912	-2.1805742	7	-0.33111712	1.9405606	7.6069975	Growth	-0.1993527	1.1683358	4.5798764
N415F	N415F	415	415	-1.8706695				-1.9196922	1.7910746	-2.001557	-0.5587719	-2.3330984	-2.1634755	7	-1.2937415	1.4786612	5.796352	Growth	-0.77891123	0.8902442	3.4897573
N415G	N415G	415	415	0.8607222	1.9672511				0.73457265	1.1057658	0.30476266	-0.11375365	0.49660915	7	0.76513284	0.66177505	2.5941582	Growth	0.4606566	0.39842895	1.5618415
N415H	N415H	415	415	-0.75135857	-1.8710972	-0.6929603	-1.854189				-2.5579555	-2.3207128	-2.1880603	7	-1.7480477	0.74280024	2.911777	Growth	-1.0524313	0.44721103	1.7530673
N415I	N415I	415	415	-0.63834065	-1.8143126	0.97727686	-1.80621	-1.878912	0.4289469				2.629238	7	-0.30033046	1.727835	6.7731137	Growth	-0.18081725	1.0402621	4.0778275
N415L	N415L	415	415	-0.305899	-1.3735907	0.47877964	-1.8510818	-0.1956017	-0.111724325	-2.0260758				7	-0.7693134	0.97029924	3.8035731	Growth	-0.46317357	0.5841793	2.2899828
N415M	N415M	415	415	-0.29878807	0.8331142	0.29431972	-1.8589379	0.8257268				0.4940953	0.004290044	7	0.041974302	0.9344578	3.6630745	Growth	0.02527109	0.56260055	2.2053943
N415P	N415P	415	415	0.3680739	-1.8587792	0.082173176	-1.8469576				-2.526894	-2.3427238	-2.1724765	7	-1.4710835	1.1869527	4.652855	Growth	-0.885682	0.7146179	2.8013022
N415Q	N415Q	415	415	0.33185798	-1.8648058	2.751966	1.9673079	0.038063418	1.6296318	-0.26943234				7	0.65494126	1.5683513	6.1479373	Growth	0.3943146	0.9442431	3.701433
N415S	N415S	415	415	0.19478188				0.23768312	0.17705137	0.06948879	0.15151542	-0.018673027	0.054324433	7	0.12373887	0.09100068	0.35672268	Growth	0.07449835	0.05478796	0.21476881
N415T	N415T	415	415	2.5201528	1.1792426				0.051913954	-0.26838136	-2.5293005	2.9186685	0.26983553	7	0.5917331	1.841841	7.220017	Growth	0.3562594	1.1089005	4.3468904
C417A	C417A	417	417	0.60981077	0.91138977	0.5344567				-2.0160515	-0.025046078	0.059854127	-2.176959	7	-0.30036363	1.2691493	4.975065	Growth	-0.18083721	0.76410526	2.9952927
C417D	C417D	417	417	-1.9052719	-0.07489113	0.10199783				-0.014789732	-2.5837805	-0.36605638	-0.22366503	7	-0.7237796	1.0676484	4.1851816	Growth	-0.43575945	0.6427894	2.5197346
C417F	C417F	417	417	0.50854725	-0.08018525	0.6874878	-1.8342519	-1.9249834	0.46426216				-2.169338	7	-0.6212087	1.2928002	5.0677767	Growth	-0.37400553	0.7783445	3.0511105
C417K	C417K	417	417	-0.81936246	-0.44703168				-1.2235212	-2.045019	-2.584582	-1.862946	-0.34692013	7	-1.3327688	0.8551193	3.3520677	Growth	-0.8024081	0.5148339	2.0181491
C417M	C417M	417	417	-1.895707	-1.8765093	-1.9076207	0.38266683	-1.9524782	-2.116573				-0.6565124	7	-1.4318191	0.93744	3.6747649	Growth	-0.86204237	0.564396	2.2124324
C417P	C417P	417	417	0.3430142	0.33579573				-2.1098688	-2.0280972	-2.559775	-2.3064816	-2.18785	7	-1.5018947	1.2691416	4.975035	Growth	-0.9042322	0.7641006	2.9952745
C417Q	C417Q	417	417	-1.8829038				-0.78534114	-2.0952117	-2.0153482	-0.01731821	-0.23612115	-1.4235139	7	-1.2079656	0.86427325	3.3879511	Growth	-0.72726893	0.5203452	2.0397532
C417S	C417S	417	417	1.9007547	0.25349706	0.23434512	0.39847943				1.3837652	0.67080945	2.6953669	7	1.0767168	0.9491569	3.720695	Growth	0.64824915	0.5714503	2.2400851
C417Y	C417Y	417	417	-0.016076246	-0.06963202				-2.1173022	-1.0457264	-2.5505383	0.16712725	-1.7641313	7	-1.0566113	1.1114528	4.356895	Growth	-0.6361444	0.6691624	2.6231167
I425A	I425A	425	425	-0.02360721	0.131249	2.7891428	1.0950357	-1.9414425	-2.1053355				0.43242082	7	0.053923346	1.7011993	6.668701	Growth	0.03246514	1.0242257	4.014965
I425C	I425C	425	425	1.7379098	-0.21880701	2.7588043	-1.842866				0.69074714	2.9113288	2.599173	7	1.2337557	1.7855419	6.9993243	Growth	0.7427962	1.075005	4.21402
I425D	I425D	425	425	2.4939866	-1.8112171	2.7334988	-1.8035746	2.6216993	0.32774612	2.6780257				7	1.0343093	2.116969	8.298519	Growth	0.62271726	1.2745445	4.9962144
I425E	I425E	425	425	0.22376409	-1.8482994	2.7452004	-0.04488864				-0.54538524	-0.36513317	0.18655066	7	0.050258372	1.3815635	5.415729	Growth	0.030258605	0.8317855	3.2605991
I425F	I425F	425	425	2.5318384	-1.8669757	-0.018106777				2.7303336	-0.3546832	2.944044	0.6427551	7	0.94417226	1.8401519	7.2133956	Growth	0.56844926	1.1078837	4.342904
I425G	I425G	425	425	0.11205391				0.23699167	-0.60478735	-0.52602375	-0.35089904	-2.2981944	0.20660257	7	-0.46060807	0.88257045	3.4596763	Growth	-0.27731413	0.5313612	2.082936
I425H	I425H	425	425	-1.8726232	-1.8509561	1.76078				-2.001796	-2.5120268	-2.3302228	-0.20637573	7	-1.287603	1.5393531	6.0342646	Growth	-0.7752155	0.92678446	3.6329951
I425L	I425L	425	425	2.1452084	-0.98050636	-0.42187947				0.5180825	0.1803955	2.9178417	-0.46987218	7	0.55561	1.4500521	5.6842046	Growth	0.3345111	0.8730198	3.4222376
I425N	I425N	425	425	0.8053391	2.5179288	0.65866	2.361288				-0.6496137	2.8768058	-2.172673	7	0.91396207	1.8515435	7.258051	Growth	0.5502609	1.1147422	4.369789
I425P	I425P	425	425	2.3397064	0.2667516	0.6351372	-0.10409576	-0.1901665	-0.0029027984	0.95344764				7	0.55683964	0.8882904	3.4820983	Growth	0.33525142	0.534805	2.0964355
I425R	I425R	425	425	-0.38503602	2.582161	0.85003096	0.6172245	1.1709349				0.5837707	0.30010632	7	0.81702757	0.9172904	3.5957785	Growth	0.4919004	0.55226475	2.164878
I425Y	I425Y	425	425	2.5217655	2.5587933	0.90112805	-0.22867784	2.6041327				-2.3063545	-2.140011	7	0.55868226	2.1705067	8.508387	Growth	0.33636078	1.3067774	5.122567
A429D	A429D	429	429	-1.9073254	-0.07464239	0.79546624	0.05931524	-0.4292088	-0.28936052	0.091710314				7	-0.2505779	0.8283097	3.2469742	Growth	-0.15086317	0.49869296	1.9548764
A429E	A429E	429	429	-0.04881336	0.43403465	-0.2758702	0.14636199	-0.037014317				2.9199934	-2.1620722	7	0.13951714	1.4918851	5.8481894	Growth	0.08399783	0.89820576	3.5209665
A429I	A429I	429	429	-0.4241892				0.24359721	-2.1208966	-0.23843025	-0.091078445	-0.37896678	-2.196857	7	-0.7438316	0.991583	3.8870053	Growth	-0.44783196	0.59699345	2.3402143
A429L	A429L	429	429	-0.20209387	-0.20137413	-0.9127325	0.10478632	-0.23534065	-2.1104648	-2.0283773				7	-0.79794246	0.92125195	3.6113076	Growth	-0.48041	0.55464983	2.1742275
A429N	A429N	429	429	-1.8946981	-1.8754512	-1.9066249	-0.49305922	-1.95138				-0.15894431	-0.42775577	7	-1.2439874	0.8335776	3.2676241	Growth	-0.74895626	0.50186455	1.9673091
A429Q	A429Q	429	429	-0.30030507	1.7160983	0.67938554	-1.858859				1.8025862	2.0610325	0.019358836	7	0.588471	1.4157188	5.549618	Growth	0.35429543	0.85234904	3.3412082
A429R	A429R	429	429	2.5408795	-1.8507171	0.8513567	1.7999856				-2.5305116	2.9446545	-2.168189	7	0.2267798	2.3544815	9.229568	Growth	0.13653527	1.4175414	5.556762
A429S	A429S	429	429	0.017584989	-0.10552416				-2.0698864	-1.9929835	0.6289282	-2.3227806	0.26380554	7	-0.7972652	1.2700977	4.978783	Growth	-0.48000225	0.7646763	2.997531
A429V	A429V	429	429	0.2505877				-0.30707896	0.09336933	0.27020076	0.06847128	-0.44640303	0.17751515	7	0.015237464	0.28067428	1.1002432	Growth	0.009173882	0.16898303	0.6624135
G432A	G432A	432	432	-1.8537165	2.5453823				-0.11009116	2.1587744	-0.031974763	2.8851814	-2.1450536	7	0.49264312	2.0742602	8.131101	Growth	0.2966012	1.2488312	4.895418
G432E	G432E	432	432	-1.8943125	-1.874637	-0.39083794				-0.5762395	-0.8790688	0.2005508	0.51973754	7	-0.6992582	0.9352242	3.6660788	Growth	-0.42099607	0.56306195	2.207203
G432F	G432F	432	432	-1.896978	0.0047187125				-2.1190445	-2.036252	-0.005574747	-0.37623268	-0.36443725	7	-0.97054297	0.9929704	3.8924441	Growth	-0.584326	0.59782875	2.3434887
G432H	G432H	432	432	0.50170565	-1.5286623	-0.5672989	-1.8571935	-1.9500009				-0.07787044	-2.1913764	7	-1.0958138	1.0459888	4.100276	Growth	-0.6597467	0.62974906	2.4686162
G432I	G432I	432	432	-1.88472	0.19062686	0.5207051				0.045227427	1.0107315	-2.355223	-0.2796001	7	-0.39317888	1.2534213	4.9134116	Growth	-0.23671766	0.75463605	2.9581733
G432K	G432K	432	432	-1.8852198				-0.3750787	-0.27328685	-0.37486953	-1.7400165	-0.17829333	-2.1842272	7	-1.0015703	0.8867773	3.476167	Growth	-0.6030064	0.533894	2.0928645
G432N	G432N	432	432	0.05869296	-1.8707728	-0.082978316	0.10286302	-1.9461894	0.55554426				0.024405912	7	-0.45120493	1.0159132	3.98238	Growth	-0.27165288	0.6116417	2.3976355
G432P	G432P	432	432	1.899995	-1.8661324	-0.20844477	-1.8507646	-0.17317791	1.0843698	-0.18689173				7	-0.18586381	1.3880544	5.441173	Growth	-0.11190134	0.83569336	3.275918
G432R	G432R	432	432	-0.5914798	-0.23881908	-0.56386834				-2.0472972	-1.1439321	-2.394842	-2.2054157	7	-1.3122364	0.89164776	3.4952593	Growth	-0.79004633	0.5368263	2.1043591
G432S	G432S	432	432	-1.8940717	-1.8744152	0.12319293	-1.8596164	0.023177046	0.24858859	0.16086978				7	-0.72461075	1.079126	4.230174	Growth	-0.43625987	0.6496996	2.5468225
G432T	G432T	432	432	0.4417672	-1.8736461	0.7594329	-1.8559284	0.20701893	-0.7820709				-2.1911027	7	-0.7563613	1.2367809	4.8481812	Growth	-0.4553756	0.7446175	2.9189007
G432Y	G432Y	432	432	-1.7007886	-1.8503484	-1.8769423				-2.0037475	3.031444	2.9058886	-2.1654723	7	-0.5228523	2.389696	9.367608	Growth	-0.31478897	1.4387426	5.639871
I433E	I433E	433	433	-0.1727251	0.8218987	0.19896212	0.8958922	0.29780138				-0.15211555	-0.5080378	7	0.19738229	0.5235725	2.0524042	Growth	0.11883617	0.31522256	1.2356725
I433F	I433F	433	433	-0.5164553	-1.8617066	0.4700202	2.30493				-2.5299094	-2.3451161	0.75106263	7	-0.5324535	1.8141048	7.111291	Growth	-0.32056946	1.0922017	4.2814307
I433G	I433G	433	433	0.05680572	2.5499325	-0.46319228	2.3865738				-2.5068386	0.2508685	0.16342227	7	0.3482246	1.7291964	6.77845	Growth	0.20965245	1.0410817	4.0810404
I433K	I433K	433	433	-0.49830505	0.5327312	0.3160482	0.46209863	2.6830835				0.2916582	1.0674651	7	0.69354	0.9918024	3.8878655	Growth	0.41755337	0.59712553	2.340732
I433M	I433M	433	433	0.46072724	0.7212063	0.30370605	0.46602362	0.72341436	0.45473233	0.22302152				7	0.47897592	0.18962525	0.743331	Growth	0.2883727	0.11416596	0.44753057
I433P	I433P	433	433	-1.9021579	0.22345209	-1.9152718	-1.8655409	0.10364901	-2.1251292				-2.2007117	7	-1.3831016	1.0642607	4.171902	Growth	-0.83271146	0.6407499	2.5117395
I433Q	I433Q	433	433	1.7698445				-1.8842638	-2.0402813	0.48551893	-0.37022793	0.5828606	1.1034924	7	-0.050436668	1.458193	5.7161164	Growth	-0.03036595	0.87792104	3.4414506
I433S	I433S	433	433	0.45838103	-0.17968225	-1.914616	0.81873524				0.13172112	-0.25054726	-1.9914868	7	-0.41821358	1.1105784	4.3534675	Growth	-0.25179008	0.6686359	2.6210527
I433W	I433W	433	433	-0.47288635	0.4587466	-0.6261652	-0.61789435	0.3561155				-0.27204034	0.4743894	7	-0.099962115	0.5105338	2.0012925	Growth	-0.060183287	0.30737248	1.2049001
K443C	K443C	443	443	2.5032039				0.06747501	0.27656537	0.80457217	-0.5359194	2.910423	2.6589656	7	1.2407551	1.4169195	5.5543246	Growth	0.74701023	0.8530719	3.344042
K443D	K443D	443	443	-0.5419786	-1.8485545	-1.875096				0.06841527	-2.517609	-2.3354063	-2.1637533	7	-1.6019975	0.9781866	3.8344915	Growth	-0.9645002	0.588928	2.3085978
K443F	K443F	443	443	-0.6448492	2.5811083	-0.46819186	-1.5797653				1.9761604	0.18145798	0.88968414	7	0.41937208	1.4883647	5.8343897	Growth	0.25248757	0.8960863	3.5126584
K443I	K443I	443	443	-1.507994	-0.45839885				-0.5414777	0.08414736	0.065251626	0.40745223	0.14009629	7	-0.2587033	0.6462539	2.5333152	Growth	-0.15575516	0.38908425	1.5252103
K443L	K443L	443	443	-1.794164	-1.7667184	2.7225697	-1.7626352	2.610625	2.6736865				-1.310032	7	0.19619021	2.3191342	9.091006	Growth	0.118118465	1.3962603	5.4733405
K443P	K443P	443	443	0.6139877	-1.8607115				-0.26137146	-1.0272017	-2.5401356	-0.096807994	-1.4334173	7	-0.9436654	1.098901	4.307692	Growth	-0.5681441	0.6616054	2.5934932
K443S	K443S	443	443	0.8364451				0.7108702	0.4966936	0.5701198	0.259123	0.42547065	0.28401968	7	0.51182026	0.2128517	0.8343787	Growth	0.308147	0.1281497	0.5023469
K443T	K443T	443	443	-0.03400219	0.22429354	1.7427213	0.07733935				0.026581202	-0.5064012	0.14082228	7	0.23876493	0.7038515	2.759098	Growth	0.14375104	0.42376155	1.6611453
K443V	K443V	443	443	2.198755	0.7243512	2.7575152				2.708862	2.0448902	-0.17345098	2.669947	7	1.847267	1.136848	4.4564443	Growth	1.1121674	0.6844518	2.683051
K443W	K443W	443	443	0.47107926	-1.8403008	0.19626175	2.2761142	-0.5229522				-2.314538	2.623863	7	0.1270753	1.8810468	7.3737035	Growth	0.07650708	1.1325048	4.439419
S444A	S444A	444	444	2.4981742	-1.8278844	2.73953	-0.9968223	0.6037564				2.8699353	0.058656674	7	0.84933513	1.8989302	7.4438066	Growth	0.5113515	1.1432718	4.4816256
S444C	S444C	444	444	2.5354917	2.5739577	1.7688092	0.52975315	-0.8400568	2.4076881				2.687227	7	1.6661243	1.3388649	5.2483506	Growth	1.0031085	0.8060783	3.159827
S444E	S444E	444	444	1.3032993				0.5130889	0.64972144	2.728755	-2.5239747	0.014672827	1.3692969	7	0.57926565	1.6189959	6.346464	Growth	0.34875324	0.97473425	3.8209584
S444F	S444F	444	444	-0.031773243	0.46792224	0.83716166	0.051067818				0.3829551	-0.12274554	-2.1558864	7	-0.081614055	0.97351164	3.8161657	Growth	-0.04913664	0.5861134	2.2975645
S444I	S444I	444	444	0.4324467	0.302478				0.43313614	0.54243344	1.0473325	2.9717796	0.31841972	7	0.8640038	0.9630332	3.7750902	Growth	0.52018297	0.5798047	2.2728345
S444L	S444L	444	444	2.5005012	2.5393977	2.7454655	0.13828017	-0.60844296				0.51806766	0.6987671	7	1.2188624	1.3530979	5.304144	Growth	0.7338295	0.81464744	3.193418
S444M	S444M	444	444	0.9506221	0.67839587	0.4731659	0.69788057	0.6710357	0.68585277				0.45098886	7	0.6582774	0.16613075	0.65123254	Growth	0.3963231	0.10002084	0.3920817
S444P	S444P	444	444	-1.8714633	2.5664294				-0.030277142	-2.005429	0.7304102	-2.3418634	-0.5688201	7	-0.50300187	1.7645538	6.917051	Growth	-0.3028378	1.062369	4.1644864
S444R	S444R	444	444	-0.3686547	-0.18222325	-1.9015852	-1.8523384	0.36058968	-0.39788026				0.3624981	7	-0.56851345	0.9463598	3.7097306	Growth	-0.34227976	0.5697663	2.2334838
S444T	S444T	444	444	0.48658732	0.5654539	0.4155758	0.70414567	0.41583908	0.69149095	0.46007392				7	0.53416663	0.12277447	0.48127592	Growth	0.32160088	0.07391772	0.28975746
S444V	S444V	444	444	0.46860433	-1.846945	2.7223194	2.357551	2.6115954				2.8626218	0.41919097	7	1.3707055	1.7625166	6.9090652	Growth	0.8252483	1.0611424	4.1596785
S444W	S444W	444	444	1.5062574	-0.6629699	-1.8917376	-0.023244217	0.50295925	-0.026021145				0.35051072	7	-0.03489222	1.0532119	4.128591	Growth	-0.021007244	0.6340978	2.4856634
S446A	S446A	446	446	0.7625442	2.5710688	0.865056	-1.837024				0.039815992	-0.41422248	1.4312185	7	0.48835102	1.4063542	5.5129085	Growth	0.29401708	0.846711	3.319107
S446E	S446E	446	446	1.5607213	2.5735962	0.54305583	2.4065416	0.3239661	0.8162094				0.29611218	7	1.2171718	0.9690102	3.7985198	Growth	0.7328116	0.5834032	2.2869408
S446H	S446H	446	446	0.85512227	-1.8357503	2.7496796	2.381937	2.6379228				1.1866108	2.6498501	7	1.5179102	1.6631095	6.5193896	Growth	0.9138745	1.0012933	3.9250698
S446I	S446I	446	446	0.64285505	0.47424826	0.5164112	2.2398705	0.2660007	0.5076459				0.70846176	7	0.7650705	0.66519713	2.6075728	Growth	0.4606191	0.40048924	1.5699178
S446N	S446N	446	446	-1.818529	-1.7921313	2.6972218	-1.7902968				-0.12789954	0.1908297	2.5849233	7	-0.00798314	1.9888483	7.7962856	Growth	-0.004806337	1.197408	4.693839
S446P	S446P	446	446	-0.04742097				-1.9168935	-2.0778863	-1.9999677	-2.5180886	2.9262204	0.60081846	7	-0.71903116	1.9849303	7.7809267	Growth	-0.4329006	1.195049	4.6845922
S446Q	S446Q	446	446	0.16388829	0.93937707	0.6229559	2.3339317	0.5347537	1.0229902	0.6133875				7	0.89018345	0.6959799	2.7282412	Growth	0.5359447	0.41902232	1.6425675
S446V	S446V	446	446	2.4928305				2.620512	-2.0311112	2.6768777	-2.4510517	2.8508315	2.6251345	7	1.2548605	2.3935983	9.382906	Growth	0.7555025	1.4410921	5.649081
S446Y	S446Y	446	446	2.4717414	-1.8172395	-1.7898974	0.28511748	-1.8811383	-2.0357513	0.26892957				7	-0.6426054	1.7108276	6.7064443	Growth	-0.38688764	1.0300225	4.0376883
K453C	K453C	453	453	0.9202473				-0.04929509	2.750441	2.7340922	-2.540998	-0.5725491	-0.26414627	7	0.42539886	1.8919557	7.4164667	Growth	0.25611606	1.1390727	4.465165
K453D	K453D	453	453	-1.8667734	-1.8449826				2.7088919	-0.07893872	0.39151478	-2.3270767	1.18178	7	-0.2622264	1.8581785	7.28406	Growth	-0.15787628	1.1187367	4.385448
K453E	K453E	453	453	0.65135276	0.31177017	-1.9048551	0.6099799	0.7233169	-0.60698247	0.2504697				7	0.0050074244	0.95535195	3.7449796	Growth	0.0030147748	0.5751801	2.2547061
K453F	K453F	453	453	-0.6270754	0.34442565	2.7692983	0.5271609				-2.4952064	-2.3172998	-2.1481931	7	-0.5638414	1.9340808	7.581597	Growth	-0.3394669	1.1644346	4.5645833
K453G	K453G	453	453	-1.8573275	-0.27357253	2.7179582	1.7652581	0.18735301				0.75747764	2.617104	7	0.84489304	1.6577665	6.4984446	Growth	0.5086771	0.9980765	3.9124599
K453H	K453H	453	453	2.5046723				1.7074956	1.371817	-2.0230525	-0.84659505	0.8777582	-0.2112808	7	0.48297355	1.5844308	6.210969	Growth	0.29077953	0.95392394	3.739382
K453I	K453I	453	453	0.31014228				0.7792849	-2.0660903	-1.9896356	-2.5013514	-0.29495242	2.668716	7	-0.4419837	1.8721292	7.3387465	Growth	-0.26610112	1.1271359	4.4183726
K453M	K453M	453	453	0.35382643	0.12896493	0.45163348				0.22225767	1.2334609	0.35452625	2.537973	7	0.75466317	0.86573684	3.3936884	Growth	0.45435324	0.52122635	2.0432074
K453P	K453P	453	453	-0.33829018				-0.5247166	0.5861095	-2.0344462	-2.5667367	0.23815274	-0.40800115	7	-0.7211327	1.1578252	4.538675	Growth	-0.43416587	0.6970814	2.7325592
K453R	K453R	453	453	2.537893				-0.7497851	2.748858	2.7331488	3.0640314	-0.22362196	-0.063353665	7	1.4353101	1.6857692	6.6082153	Growth	0.8641442	1.0149359	3.9785485
K453S	K453S	453	453	2.077972	0.45468634				1.3965696	-0.27903056	0.35455048	-2.2269547	1.7935114	7	0.5101864	1.4738078	5.7773266	Growth	0.3071633	0.8873222	3.478303
K453W	K453W	453	453	-1.9002235	-1.8809952	0.09381103				1.7506701	0.06933592	-0.09775708	2.6569943	7	0.09883368	1.694513	6.642491	Growth	0.0595039	1.0202001	3.9991846
K453Y	K453Y	453	453	-1.8776765	0.24146181	2.7665884				0.46596777	-0.35838854	-2.3484855	-1.9980643	7	-0.44408527	1.8124897	7.10496	Growth	-0.2673664	1.0912293	4.277619
K456C	K456C	456	456	0.21084088	0.54637223				-0.1900442	-2.0136728	-2.531943	2.8966813	0.2446149	7	-0.11959303	1.7886302	7.0114307	Growth	-0.0720023	1.0768645	4.2213087
K456E	K456E	456	456	0.19983934	0.36553726	-0.21488014	0.5687872	-0.15677978	0.9013893				-0.1622869	7	0.2145152	0.4251564	1.6666132	Growth	0.12915123	0.2559701	1.0034028
K456F	K456F	456	456	0.8756965	2.5396743	2.7457392	0.18838814	0.2525036	2.7122529	0.32344198				7	1.3768138	1.2279209	4.81345	Growth	0.82892585	0.73928326	2.8979905
K456G	K456G	456	456	0.08784082	0.31262627				2.74165	0.3484119	-2.5453663	2.9353428	0.009622275	7	0.55573255	1.856378	7.277002	Growth	0.3345849	1.1176528	4.381199
K456H	K456H	456	456	-1.8779594	0.8232281	-1.8858937				2.7177513	-0.13894922	0.050426062	0.72129995	7	0.058557596	1.615824	6.33403	Growth	0.035255242	0.9728246	3.8134725
K456M	K456M	456	456	-0.13554002	0.5893355	1.7268184	0.93820685	0.23640956	0.22475001	1.2805557				7	0.6943623	0.65816325	2.58	Growth	0.41804844	0.39625442	1.5533173
K456N	K456N	456	456	2.521511	2.5595515	-1.8698084	0.931334	-0.83327144				-2.3303192	0.23419589	7	0.17331327	1.9681718	7.715234	Growth	0.10434516	1.1849594	4.645041
K456P	K456P	456	456	-0.10584686	2.5255134	-1.8586897	2.3647437				2.1260908	0.40857086	-2.1487322	7	0.47309282	1.9652686	7.703853	Growth	0.28483072	1.1832116	4.6381893
K456Q	K456Q	456	456	0.97655904	0.17276788	0.3910205	0.5287251	2.654289	-2.0980725				2.6740499	7	0.7570484	1.6330855	6.4016953	Growth	0.45578933	0.98321706	3.8542109
K456V	K456V	456	456	-0.8564844	0.7635877	0.8204563	-1.8508296	1.1767008	-0.26159152	2.6914575				7	0.35475668	1.4850018	5.821207	Growth	0.21358515	0.8940616	3.5047216
K456W	K456W	456	456	2.5245388	0.052750174	0.5792492				0.78978693	-0.20769767	0.35997528	1.0289562	7	0.73250836	0.89543873	3.51012	Growth	0.4410147	0.5391087	2.113306
K456Y	K456Y	456	456	1.011686	1.0302882				2.710282	-1.972992	2.9917972	0.061431356	0.32076693	7	0.8790371	1.6818591	6.592888	Growth	0.52923393	1.0125817	3.9693203
K467A	K467A	467	467	0.44276288	0.8020225	0.52018577	0.73103935	1.142434				2.9542918	0.79863095	7	1.0559095	0.8670335	3.3987713	Growth	0.6357219	0.52200705	2.0462677
K467D	K467D	467	467	0.8264001	0.48205337	0.4678032	1.362338	1.1330767	0.69652903	0.13249473				7	0.7286707	0.42030945	1.647613	Growth	0.4387042	0.2530519	0.9919635
K467E	K467E	467	467	2.5135791	0.5151804				2.1266181	2.712451	3.07124	2.9299374	0.03417341	7	1.9861683	1.2156991	4.7655406	Growth	1.1957943	0.73192495	2.8691459
K467F	K467F	467	467	0.1150945	0.1281738				0.08451598	0.171674	0.052654766	0.061330926	0.16358007	7	0.111003436	0.04713507	0.18476948	Growth	0.066830836	0.028378187	0.111242495
K467G	K467G	467	467	0.54507166	0.8766109				0.8091345	0.712205	0.4928302	2.463532	1.0616742	7	0.9944369	0.67628574	2.65104	Growth	0.59871167	0.40716526	1.5960878
K467I	K467I	467	467	0.5349461	2.5786545	2.633705	0.6005079	0.60424405	-0.34731066				2.6944087	7	1.3284508	1.2665399	4.9648366	Growth	0.7998084	0.76253426	2.9891343
K467L	K467L	467	467	-0.020450206	0.8578905	0.63341564	0.04525727				-0.4176373	1.9750178	-0.16087219	7	0.4160888	0.8194251	3.2121465	Growth	0.2505108	0.4933439	1.9339081
K467M	K467M	467	467	0.3625825				1.176806	-2.118463	0.6979823	0.9143399	2.935596	0.67958075	7	0.66406065	1.4899743	5.840699	Growth	0.399805	0.8970553	3.5164568
K467Q	K467Q	467	467	0.5063912	0.6379112	-0.12724462	0.19556525	-0.23679394				0.091235824	0.20178539	7	0.18126433	0.3143552	1.2322724	Growth	0.10913218	0.18926099	0.74190307
K467R	K467R	467	467	-0.07040274	0.31921995	-0.23992279	0.23129149	-1.2931954	-0.048978772	0.1531383				7	-0.13554999	0.54581815	2.1396072	Growth	-0.08160936	0.3286158	1.288174
K467S	K467S	467	467	2.4863122	2.4187424	-1.8804126	1.6449466	-0.37678424	1.1911279				-2.168872	7	0.47358006	1.9565563	7.669701	Growth	0.28512406	1.1779662	4.6176276
K467V	K467V	467	467	-0.2615462	2.2803268	-1.8462602	-1.8173323	-1.8912514				-0.37684658	2.6251686	7	-0.18396303	1.930161	7.5662313	Growth	-0.11075696	1.1620746	4.555332
K467Y	K467Y	467	467	0.2161424	0.38527155	0.28121105	0.53232133				-0.19295326	0.12249874	-0.052252397	7	0.18460563	0.24966975	0.9787054	Growth	0.11114384	0.15031642	0.5892404
K471A	K471A	471	471	0.30482844	-1.8697419				0.6263102	2.1740768	-0.13999236	0.606239	-0.5616396	7	0.16286866	1.2399334	4.860539	Growth	0.09805687	0.7465155	2.9263408
K471D	K471D	471	471	0.10103867	0.49792716	0.08045186	0.14769112				3.0379903	0.9281361	2.6567328	7	1.0642812	1.2587438	4.9342756	Growth	0.6407622	0.7578405	2.9707348
K471E	K471E	471	471	-1.8375664	0.21466336	2.7010581				-1.9569011	-2.443379	2.8182547	2.5946617	7	0.2986845	2.40029	9.409137	Growth	0.17982629	1.4451209	5.664874
K471G	K471G	471	471	0.4941269				0.2643308	0.5297703	0.458225	0.14468278	0.43090856	0.2993097	7	0.37447914	0.14095984	0.5525626	Growth	0.22545928	0.08486642	0.33267638
K471H	K471H	471	471	0.38178316	0.42418897				0.37127662	0.3878331	0.29342887	0.3118804	0.39423376	7	0.36637497	0.046781853	0.18338487	Growth	0.22058007	0.028165529	0.11040887
K471I	K471I	471	471	2.5148766	2.5512664	1.5660049				2.702086	2.9932597	-0.7007187	-2.1304393	7	1.3566195	1.9871954	7.789806	Growth	0.81676763	1.1964128	4.689938
K471M	K471M	471	471	2.5117295	-0.665978	0.42669865				0.2682506	3.001626	2.2842667	0.20734185	7	1.1477051	1.4175317	5.5567245	Growth	0.6909884	0.8534405	3.3454869
K471P	K471P	471	471	0.084763765	0.6856282	0.06917232	-1.8199375	-1.8917601				-2.2939155	-2.1369984	7	-1.0432924	1.263763	4.953951	Growth	-0.62812567	0.76086235	2.9825804
K471Q	K471Q	471	471	0.16207574	0.18124022	0.4125094	0.033999532				-0.0058335685	0.22218737	0.041425485	7	0.14965774	0.14420575	0.5652866	Growth	0.09010308	0.086820655	0.34033698
K471R	K471R	471	471	0.4713027	0.49041492	0.6425188				0.48339507	0.46782276	0.30697528	0.5513159	7	0.4876779	0.10113288	0.3964409	Growth	0.29361182	0.06088816	0.23868158
K471S	K471S	471	471	0.20012158	0.262606	0.3210503	0.34577435	0.2687204	0.24622737	0.24417116				7	0.26981017	0.04919214	0.1928332	Growth	0.16244218	0.029616669	0.116097346
K471T	K471T	471	471	-0.90985733	2.5681818	0.7635483	-0.13968214	0.44807792	0.21832205				0.7820622	7	0.5329504	1.0722035	4.2030377	Growth	0.32086864	0.6455319	2.5304852
K471V	K471V	471	471	0.91765344	0.23511216	0.36020753	0.34631485	1.1758844				-0.22214083	-2.1684504	7	0.092083044	1.0971115	4.300677	Growth	0.055439606	0.660528	2.5892699
K471W	K471W	471	471	-0.12535663				0.57081395	0.7762959	-2.0000832	3.0094616	1.929291	-2.162112	7	0.2854729	1.9073454	7.4767942	Growth	0.1718721	1.1483382	4.501486
K471Y	K471Y	471	471	-1.8644744	2.5609958	2.7682915	-1.8289394				0.39038938	2.9137266	2.6714	7	1.0873413	2.181201	8.550308	Growth	0.65464574	1.313216	5.1478066
K479A	K479A	479	479	0.5473283				2.1642957	0.6951108	0.5006021	3.0929203	1.7604476	0.34961125	7	1.3014737	1.0526354	4.126331	Growth	0.78356653	0.63375074	2.484303
K479D	K479D	479	479	-1.8548113				-1.90122	-0.44874552	-1.9844041	3.0206773	2.9012434	0.5266492	7	0.037055552	2.1986225	8.6186	Growth	0.022309702	1.3237048	5.188923
K479E	K479E	479	479	0.060051125				0.15187697	-0.5998488	0.59671557	-0.19233815	1.3057302	-0.037127495	7	0.18357992	0.6123661	2.400475	Growth	0.11052631	0.36868173	1.4452324
K479F	K479F	479	479	-0.6407918	0.29541817				2.736314	-0.22538592	1.1788685	1.3104986	-0.05789152	7	0.6567186	1.1638752	4.562391	Growth	0.39538464	0.7007238	2.7468374
K479H	K479H	479	479	0.8416107	0.579089	0.971879	0.4368936				-0.031751353	-0.1588661	2.6880188	7	0.760982	0.9466709	3.71095	Growth	0.45815754	0.5699536	2.2342181
K479M	K479M	479	479	-0.18841343	0.44152364	-1.8992903	0.6851566	1.8970588	0.4144568	0.63949645				7	0.28428409	1.148987	4.5040293	Growth	0.17115635	0.69176024	2.7117002
K479Q	K479Q	479	479	0.82858485	0.25609422	2.750511	2.3770337				3.0598125	0.6145161	0.02785692	7	1.416344	1.2692766	4.9755645	Growth	0.85272545	0.7641819	2.995593
K479R	K479R	479	479	0.61433274	1.4935511	-0.015245158	0.2826656	2.2563682				1.3062493	0.19046406	7	0.8754837	0.8323352	3.262754	Growth	0.52709454	0.5011165	1.9643768
K479S	K479S	479	479	0.4919765	0.5141907	0.56978816	0.56601787				0.44980383	0.69242734	0.6596035	7	0.56340116	0.08791832	0.3446398	Growth	0.33920184	0.052932188	0.20749418
K479V	K479V	479	479	-0.2201726	0.76110166	0.59181106	-0.23594886				-0.46940768	-0.48241013	-0.37554193	7	-0.06150978	0.5166034	2.0250854	Growth	-0.037032638	0.31102675	1.2192249
K479W	K479W	479	479	0.30313882	-0.08461776	0.889401	0.03898053	0.96959245				0.15924452	0.9662523	7	0.4631417	0.46354023	1.8170778	Growth	0.27883956	0.27907947	1.0939915
K479Y	K479Y	479	479	0.8117761	0.3695124	0.3852951	0.8159941	1.1247014	-0.17610657				-0.50354385	7	0.40394694	0.5798175	2.2728846	Growth	0.24320069	0.34908548	1.3684151
K27D	K27D	27	27		-0.07552685	0.14504178	0.17582363	0.01838073	0.031027937	-0.2266529	0.025802756			7	0.013413866	0.13523668	0.5301278	Growth	0.008075966	0.08142073	0.31916925
K27T	K27T	27	27		0.580964	0.5493288	0.2008481	-0.033803202	0.3258626	0.8372419	0.45506138			7	0.41650054	0.28304783	1.1095475	Growth	0.2507587	0.17041205	0.66801524
K33Y	K33Y	33	33		-1.8668089	0.22671977	2.249749	0.5710426	0.60061467	2.737915	0.52955276			7	0.721255	1.4955332	5.86249	Growth	0.43423948	0.9004022	3.5295765
K43M	K43M	43	43		0.5733149	2.7524602	1.8075781	0.4821126	0.6009379	0.4074684	0.26959392			7	0.98478085	0.93236107	3.6548555	Growth	0.59289813	0.5613382	2.2004457
I45G	I45G	45	45		0.14505526	0.9530441	0.83038646	1.8767128	-0.2414055	2.7511795	0.18543532			7	0.92862976	1.0619248	4.1627455	Growth	0.55909175	0.6393435	2.5062265
I45L	I45L	45	45		2.5408082	2.746847	0.4194621	-1.9378489	2.482347	2.6964774	-2.215234			7	0.96183693	2.2284698	8.735602	Growth	0.57908446	1.3416747	5.259365
T91C	T91C	91	91		0.44439942	0.5288277	0.59316564	0.7467546	0.7228773	0.23432471	1.077728			7	0.6211539	0.26607317	1.0430068	Growth	0.3739725	0.16019227	0.6279537
T91K	T91K	91	91		2.504002	-1.8138949	2.348458	-0.100859545	-2.0112019	2.6484203	-2.4215293			7	0.16477068	2.3028421	9.027142	Growth	0.09920199	1.3864514	5.4348893
T91M	T91M	91	91		2.581111	0.8563918	1.6995997	0.7709295	0.21784164	-0.15832001	3.0772946			7	1.2921212	1.2064918	4.729448	Growth	0.77793574	0.72638166	2.8474162
V98H	V98H	98	98		-1.8364003	-0.35422826	2.379673	2.6354141	-2.0634043	-0.5214954	-0.43324822			7	-0.027669907	1.8627057	7.3018064	Growth	-0.016658971	1.1214625	4.396133
V98R	V98R	98	98		0.68706053	0.7419031	0.92563266	0.71042085	-0.9020769	0.5879996	0.4067336			7	0.45109624	0.6170454	2.418818	Growth	0.27158743	0.37149894	1.4562759
K99Q	K99Q	99	99		0.18925999	2.7429423	2.3742144	0.08204251	0.78780127	2.691541	3.0139217			7	1.697389	1.2899624	5.0566525	Growth	1.0219316	0.776636	3.044413
F104D	F104D	104	104		-1.8499771	0.21059757	-1.8341148	0.12318523	0.37403768	-2.0054195	3.064073			7	-0.27394542	1.8198329	7.133745	Growth	-0.16493185	1.0956504	4.29495
F104N	F104N	104	104		-1.8880771	-1.9186755	-1.7902672	0.13324587	-0.4922917	0.6477632	-2.5785255			7	-1.1266898	1.2174903	4.772562	Growth	-0.67833596	0.7330034	2.8733733
V106F	V106F	106	106		0.33680707	-1.8967409	0.5730139	-1.9405506	-1.9397943	-2.0232148	-0.50162184			7	-1.0560144	1.162383	4.5565414	Growth	-0.63578504	0.6998254	2.7433157
V106H	V106H	106	106		-1.8340139	-1.8606342	-1.8196939	-1.9038056	0.835891	-1.9874326	3.043059			7	-0.78951865	1.9709035	7.725942	Growth	-0.47533837	1.1866041	4.6514883
V106T	V106T	106	106		2.5435927	-1.9186916	2.3770409	-0.29724607	-0.8941119	-0.5547928	-0.25218526			7	0.14337227	1.6791297	6.5821886	Growth	0.08631885	1.0109385	3.9628792
V106W	V106W	106	106		2.4227197	2.6138682	2.2815435	-1.7287835	2.5493174	-0.21691889	-0.30953977			7	1.087458	1.7916447	7.0232472	Growth	0.654716	1.0786793	4.228423
N123A	N123A	123	123		2.5595796	0.5033326	0.28901398	0.79989624	0.55712533	-0.12122687	0.6707007			7	0.7512031	0.85175663	3.338886	Growth	0.4522701	0.51280946	2.0102131
N123C	N123C	123	123		0.63545376	0.6034085	0.12786436	1.5519329	0.9081979	2.7274263	0.30135995			7	0.9793776	0.8974946	3.518179	Growth	0.589645	0.5403465	2.1181583
N123G	N123G	123	123		0.28580615	0.9241244	-1.8020134	-1.8761158	2.6952858	-0.016066415	2.0588977			7	0.32427406	1.7545446	6.8778152	Growth	0.19523276	1.0563428	4.140864
N123S	N123S	123	123		0.30077255	-1.8931246	2.3961704	0.76833886	2.7370918	0.9798303	0.6002021			7	0.8413259	1.5200624	5.958645	Growth	0.50652945	0.91517025	3.5874674
N123T	N123T	123	123		1.7642304	2.4304006	1.6692947	-0.09095642	0.7509953	0.37501833	-2.5273647			7	0.62451684	1.6419617	6.43649	Growth	0.37599722	0.98856103	3.8751593
N123V	N123V	123	123		0.14094773	0.12403516	0.115531854	0.594317	0.96528256	0.98256475	0.3133988			7	0.4622968	0.38755763	1.519226	Growth	0.27833086	0.23333332	0.91466665
H126C	H126C	126	126		2.5114567	2.713146	-1.7927009	2.6014397	1.3787807	2.6563504	2.9134562			7	1.8545612	1.6842169	6.6021304	Growth	1.1165589	1.0140013	3.974885
W128S	W128S	128	128		0.576982	0.24378611	0.5763226	-0.19103584	1.2669057	0.9218262	3.058686			7	0.9219247	1.0505348	4.118097	Growth	0.5550549	0.63248605	2.4793453
S129C	S129C	129	129		0.060825463	0.34205005	-1.8445702	-1.9305601	2.719136	-0.4293181	-2.5316415			7	-0.5162969	1.7968253	7.0435553	Growth	-0.31084222	1.0817984	4.24065
S129T	S129T	129	129		-1.840691	2.7442915	2.376814	-0.5492552	0.49412376	-1.9917868	-2.5003135			7	-0.18097393	2.1253974	8.331558	Growth	-0.10895734	1.2796189	5.016106
L132F	L132F	132	132		0.33928543	0.6897835	-0.55251694	0.19466467	-0.45755345	0.5492118	0.14266488			7	0.12936284	0.4740401	1.8582371	Growth	0.07788432	0.28540105	1.1187721
L132I	L132I	132	132		-0.347875	-0.2091043	0.14565626	-0.15079266	0.013265172	-2.0400183	-2.5738394			7	-0.73752975	1.0944972	4.290429	Growth	-0.44403788	0.658954	2.5830998
L132K	L132K	132	132		-1.8647277	2.7913024	0.86175853	0.46749616	-0.22127917	-0.71463716	0.50673443			7	0.26094964	1.4473854	5.673751	Growth	0.15710759	0.8714143	3.415944
H141F	H141F	141	141		2.5648797	0.09835217	0.22741863	0.9585998	-0.5592366	-0.5960056	3.0553148			7	0.82133186	1.4628584	5.734405	Growth	0.49449185	0.88073	3.4524615
H141V	H141V	141	141		0.9302346	0.34079725	1.7922882	0.4446563	2.7067175	2.0901248	-2.380053			7	0.8463951	1.6701496	6.5469866	Growth	0.50958145	1.0055319	3.9416852
Q142R	Q142R	142	142		0.64264065	0.95577896	0.48420733	0.6153387	0.3165957	-0.5755031	0.66756624			7	0.4438035	0.489549	1.9190322	Growth	0.26719677	0.29473835	1.1553744
L150G	L150G	150	150		-1.7943518	-1.8116016	2.364843	2.6112905	-2.0082963	-1.9386948	-2.4209962			7	-0.7139725	2.1983948	8.617707	Growth	-0.429855	1.3235677	5.1883855
L150K	L150K	150	150		-1.4692748	-1.919972	-1.8685362	-0.9089806	-2.1303928	0.31998965	-2.5845058			7	-1.5088103	0.96157944	3.7693915	Growth	-0.90839577	0.5789295	2.2694037
M154C	M154C	154	154		0.9705651	0.5580007	0.19684428	0.080543146	-2.0826495	0.66310096	-2.5237885			7	-0.30534056	1.4019395	5.495603	Growth	-0.18383363	0.8440531	3.3086882
K158D	K158D	158	158		-1.8408505	-0.34871572	2.3947277	0.59988964	0.7156666	2.7133384	1.5104059			7	0.8206375	1.5835882	6.207666	Growth	0.49407384	0.9534167	3.7373936
K158F	K158F	158	158		0.8019891	-1.87211	-1.8362504	0.5342143	-2.0767376	2.0154564	0.25561705			7	-0.31111732	1.6107901	6.3142977	Growth	-0.1873116	0.96979386	3.8015919
K158M	K158M	158	158		0.31246862	0.022669004	0.7410748	2.6773262	0.8204045	0.6489422	0.49830902			7	0.8173135	0.86428297	3.3879893	Growth	0.49207255	0.52035105	2.039776
K158P	K158P	158	158		-1.8736892	-0.4135122	-0.11631648	0.14607266	-0.1725569	-0.15100044	-2.1116889			7	-0.67038447	0.92036855	3.6078448	Growth	-0.40361232	0.554118	2.1721425
N168E	N168E	168	168		-0.02629745	-0.35690597	0.011697884	0.66445667	0.6118092	0.6983752	0.22408928			7	0.26103213	0.40926823	1.6043315	Growth	0.15715726	0.24640442	0.96590537
E228F	E228F	228	228		0.21262348	0.19456474	0.3462605	0.36638302	0.11269648	0.18102695	-0.07490279			7	0.19123605	0.14848126	0.58204657	Growth	0.11513576	0.08939478	0.35042754
V229Q	V229Q	229	229		0.62436336	-0.46274734	0.4608187	0.34201258	-2.0988002	2.4223762	-0.061957244			7	0.17515229	1.353714	5.306559	Growth	0.10545236	0.81501836	3.194872
M231C	M231C	231	231		0.4131622	-0.4127176	0.8827586	0.8264461	-0.4171438	0.6161985	0.64832896			7	0.36529043	0.55427057	2.1727407	Growth	0.21992712	0.33370468	1.3081224
M231K	M231K	231	231		-0.19489071	-0.20841132	0.19899942	-1.3171407	-0.6036722	-2.0485978	-1.9213732			7	-0.8707267	0.8945736	3.5067286	Growth	-0.52423054	0.53858787	2.1112645
M231L	M231L	231	231		1.8078941	1.0234867	0.40958336	1.9389997	2.6718683	0.77961487	2.050793			7	1.5260342	0.805652	3.158156	Growth	0.91876566	0.48505163	1.9014025
K233I	K233I	233	233		2.553866	0.6538867	2.3912082	1.6911263	0.16993165	2.7069612	2.8475654			7	1.8592207	1.0642537	4.1718745	Growth	1.1193643	0.64074564	2.511723
A244V	A244V	244	244		0.56304294	2.4023836	0.08229321	2.660182	0.07342241	0.56444186	0.42882815			7	0.9677992	1.08959	4.2711926	Growth	0.58267415	0.6559996	2.5715184
Q247C	Q247C	247	247		-1.8683989	0.37694177	0.13585389	0.95389575	0.5503247	-0.6642159	0.47942528			7	-0.0051676207	0.96047515	3.7650626	Growth	-0.0031112228	0.5782646	2.2667973
Q247D	Q247D	247	247		0.49475265	-0.13617413	-0.01381092	-0.11163388	0.2037123	0.08584558	0.3254679			7	0.12116565	0.23381124	0.9165401	Growth	0.07294911	0.14076863	0.55181307
Q247M	Q247M	247	247		-1.8042864	-1.8240881	2.3782582	2.6283119	2.697281	0.25518906	2.957163			7	1.0411184	2.146495	8.414261	Growth	0.62681675	1.292321	5.0658984
Q247R	Q247R	247	247		1.4705547	2.762386	2.3918002	-0.6408368	-0.6211026	0.18638377	1.3458734			7	0.98500836	1.37628	5.3950176	Growth	0.5930351	0.82860446	3.2481296
Y259S	Y259S	259	259		0.8066382	-1.9026761	1.2787396	-0.24858855	0.94858	1.1226267	0.92091596			7	0.41803366	1.1367152	4.4559236	Growth	0.25168175	0.6843718	2.6827376
H265W	H265W	265	265		2.529283	-1.8623791	2.3679566	-1.9076711	2.6953642	-0.07038986	1.1544102			7	0.7009392	2.0114486	7.8848786	Growth	0.42200813	1.2110147	4.747178
F269D	F269D	269	269		0.2890164	-1.7611748	0.09870203	0.22459501	-2.108296	0.5042431	-0.6480383			7	-0.48585033	1.0576881	4.1461377	Growth	-0.29251152	0.6367927	2.4962275
F269K	F269K	269	269		0.3149884	0.20056967	0.1968483	0.24352404	0.2575063	0.052431796	0.014316011			7	0.1828835	0.11002879	0.43131286	Growth	0.11010702	0.066244036	0.25967664
F269N	F269N	269	269		0.9522971	0.21665558	0.31041852	0.17189118	-0.4264391	0.5088085	0.4263061			7	0.30856255	0.41547424	1.628659	Growth	0.18577346	0.25014082	0.980552
V270N	V270N	270	270		-0.040925905	-1.8643881	-1.8223399	-0.39551383	-2.0678658	-1.9911537	-2.5060303			7	-1.5268881	0.9270211	3.6339228	Growth	-0.91927975	0.55812323	2.187843
V270W	V270W	270	270		-0.21577702	-1.926856	-0.9158235	-1.9720567	-2.1380656	-0.32941243	-0.48565567			7	-1.1405209	0.8462915	3.3174627	Growth	-0.68666315	0.5095191	1.9973149
A275K	A275K	275	275		-1.8840452	-0.13473758	-0.7521902	0.2916944	0.40136382	-0.34791842	-2.574295			7	-0.71430403	1.1222136	4.3990774	Growth	-0.43005458	0.675641	2.6485128
A295P	A295P	295	295		0.89098513	0.24351451	0.52252454	1.5700446	0.7350537	2.7402792	0.5363504			7	1.0341074	0.8604925	3.3731308	Growth	0.6225957	0.51806897	2.0308304
E303R	E303R	303	303		-1.8579565	0.53757894	0.1594753	-0.72587895	2.7217016	1.1226796	-0.36386266			7	0.22767676	1.4566476	5.7100587	Growth	0.13707529	0.8769907	3.4378035
Y322L	Y322L	322	322		2.517593	0.5466664	-0.10397752	0.4556606	0.66925836	-0.2399877	0.69537896			7	0.648656	0.903634	3.5422454	Growth	0.39053047	0.54404277	2.1326478
K323H	K323H	323	323		0.22394523	-0.12599075	-0.71954584	0.2572096	0.102659516	-2.0446012	-2.5778904			7	-0.6977449	1.160348	4.5485644	Growth	-0.42008498	0.6986003	2.7385132
M326I	M326I	326	326		0.18481752	2.7469182	0.8139058	1.719502	1.3943157	0.7873928	0.5452671			7	1.1703027	0.8634241	3.3846226	Growth	0.7045936	0.519834	2.0377493
M328R	M328R	328	328		0.84130263	-0.26020876	2.3368008	2.5687258	2.6257012	2.6173077	-2.3170037			7	1.2018036	1.9077594	7.478417	Growth	0.723559	1.1485875	4.502463
M328V	M328V	328	328		-0.0180715	0.54976773	1.8012367	1.4705492	0.19247037	2.7026143	-0.015204256			7	0.95476615	1.0543475	4.1330423	Growth	0.57482743	0.6347815	2.4883435
M328Y	M328Y	328	328		2.5766497	-0.56809384	0.7976977	0.724235	0.9199359	0.40205908	3.0837562			7	1.1337485	1.2677064	4.969409	Growth	0.6825857	0.7632365	2.9918873
D329E	D329E	329	329		0.9224035	-1.8255506	-1.794618	-1.8683636	2.712458	2.6988325	-2.4459171			7	-0.22867934	2.2786133	8.932164	Growth	-0.1376789	1.3718642	5.377708
D329I	D329I	329	329		-0.1699001	-0.56969696	0.013541307	-1.95269	-0.1704891	-0.020216377	-0.8478435			7	-0.53104216	0.7001043	2.7444088	Growth	-0.31971976	0.42150548	1.6523015
D329P	D329P	329	329		-1.8693608	0.8084302	0.04191937	0.51998097	-1.9710552	0.14373517	0.16645932			7	-0.30855584	1.1319001	4.4370484	Growth	-0.18576942	0.68147284	2.6713736
Y333H	Y333H	333	333		-0.32930124	0.55778164	2.3613062	2.6136103	0.6366191	-1.9806439	-0.76710814			7	0.441752	1.6521178	6.476302	Growth	0.26596162	0.9946757	3.899129
Y333M	Y333M	333	333		-0.4840278	2.7626135	0.42683443	0.7335502	2.7279372	0.6948327	0.020212997			7	0.9831361	1.2744637	4.995898	Growth	0.59190786	0.76730484	3.007835
Y333T	Y333T	333	333		2.541169	-1.8727764	0.62804604	-1.917764	2.7100942	2.6948524	-2.512079			7	0.324506	2.3880725	9.361244	Growth	0.1953724	1.4377652	5.6360397
L336W	L336W	336	336		0.24815215	-0.1030813	-1.8458304	-1.9369551	0.5159333	0.40563065	3.0748246			7	0.051239114	1.6880946	6.617331	Growth	0.030849071	1.0163358	3.9840367
V337F	V337F	337	337		0.37728664	0.19957805	0.12860513	-0.15489087	0.01888617	0.31256163	-0.11269091			7	0.10990512	0.20367613	0.7984105	Growth	0.06616958	0.122625455	0.4806918
V337H	V337H	337	337		-0.13388523	-0.11423372	0.5635421	2.6791322	0.69969064	0.91621524	1.1209059			7	0.8187667	0.9503594	3.725409	Growth	0.4929475	0.5721743	2.2429233
V337R	V337R	337	337		0.45266995	0.09514162	2.403788	-0.032889683	-1.2511265	-0.9632478	1.378795			7	0.29759008	1.2759024	5.0015373	Growth	0.17916737	0.768171	3.0112305
V337S	V337S	337	337		-0.11134393	0.3125771	0.3678673	-0.095096536	-0.09449613	-2.0508122	0.63801193			7	-0.14761321	0.88729584	3.4781997	Growth	-0.08887216	0.5342062	2.0940883
M340K	M340K	340	340		-1.8872982	-0.30243266	-1.8692664	-1.964644	-0.21272779	-2.045779	-2.5824208			7	-1.5520812	0.9168798	3.5941687	Growth	-0.9344475	0.5520175	2.1639087
M345C	M345C	345	345		0.37901047	-1.8979164	-1.8473359	0.27594808	-0.5822857	-2.0243626	-2.5566561			7	-1.1790855	1.1885865	4.659259	Growth	-0.70988137	0.7156015	2.805158
M345Y	M345Y	345	345		-1.8827121	-1.6038258	-1.866454	-0.041270003	-0.53587955	-2.0395331	-2.5710714			7	-1.5058209	0.8932162	3.5014076	Growth	-0.906596	0.5377706	2.1080608
H358G	H358G	358	358		2.5290668	0.67201036	-1.8460584	2.6231327	2.6982133	-0.6836043	3.0051308			7	1.285413	1.929983	7.5655336	Growth	0.773897	1.1619674	4.554912
G359K	G359K	359	359		0.4656832	0.14184156	-0.29840145	0.18736638	0.54064125	-0.60883623	0.14778006			7	0.08229639	0.40794894	1.5991598	Growth	0.04954744	0.24561013	0.96279174
G359L	G359L	359	359		-0.17569517	-1.8506612	-1.8230925	0.14144577	-2.0527315	-1.9777474	-2.475732			7	-1.4591734	1.0123914	3.9685745	Growth	-0.87851137	0.6095214	2.389324
K360M	K360M	360	360		8.626701e-05	2.784484	0.5116128	-0.081693746	0.3878768	2.5755017	0.14593641			7	0.9034006	1.2324636	4.8312573	Growth	0.5439022	0.7420182	2.9087114
Y379N	Y379N	379	379		0.36132875	0.36364183	0.34443486	0.3277764	0.29286593	0.35758418	0.21255098			7	0.32288328	0.05462926	0.2141467	Growth	0.19439542	0.032890145	0.12892938
K381G	K381G	381	381		0.06684797	0.18333733	-1.1712509	-0.6519379	-0.2469414	-2.0368228	-2.531875			7	-0.9126633	1.0507356	4.1188836	Growth	-0.54947895	0.6326069	2.4798193
K381P	K381P	381	381		0.2102914	1.1850384	2.3568397	0.9486143	2.684705	-0.120791	0.92409927			7	1.1698282	1.0327799	4.048497	Growth	0.7043079	0.6217965	2.4374423
Q406F	Q406F	406	406		-1.8298117	-1.8496544	2.3501363	0.43538594	1.6386666	-1.9767661	0.42902976			7	-0.11471624	1.7873124	7.0062647	Growth	-0.069066174	1.076071	4.2181983
G411I	G411I	411	411		-1.8831257	-1.9008778	-1.8632017	-1.9613218	-0.5022233	-2.043277	-1.2581283			7	-1.630308	0.5601444	2.1957662	Growth	-0.98154485	0.33724108	1.3219851
N412R	N412R	412	412		-1.8005024	2.7409184	0.428527	-1.8632329	0.36871994	-1.9470181	-0.3197239			7	-0.3417588	1.7137278	6.717813	Growth	-0.20575963	1.0317687	4.0445333
N415R	N415R	415	415		2.5108533	0.055792823	2.3552682	2.6007552	-0.48407838	2.65559	-2.4206944			7	1.0390695	2.0086193	7.873788	Growth	0.62558323	1.2093112	4.7405
C417W	C417W	417	417		0.22841541	-0.031410027	2.3906717	-1.9272395	-2.0885692	-2.0094306	-2.529131			7	-0.85238487	1.7885395	7.011075	Growth	-0.51318765	1.0768099	4.2210946
I425M	I425M	425	425		0.08595848	1.0788022	1.6518923	0.17601164	-0.1465985	0.9459818	0.033181414			7	0.54646134	0.6779952	2.6577413	Growth	0.32900304	0.40819445	1.6001223
I425S	I425S	425	425		0.3482594	0.8538637	-1.8524317	1.7698312	-1.0956206	-0.35625222	-2.5537643			7	-0.41230208	1.5315152	6.00354	Growth	-0.248231	0.92206556	3.614497
I425V	I425V	425	425		0.80340964	-1.8576185	2.3573031	2.609653	-0.13913316	-1.9846743	2.9652386			7	0.67916834	2.0810823	8.157843	Growth	0.40890077	1.2529385	4.911519
A429C	A429C	429	429		-1.8882431	0.2964716	0.42741784	-0.04257671	0.20230274	-0.15426151	-2.4671466			7	-0.51800513	1.1626899	4.5577445	Growth	-0.31187066	0.70001024	2.7440403
A429K	A429K	429	429		0.3612596	2.7767198	0.010945123	1.044828	0.1212532	0.10624034	-0.229111			7	0.5988765	1.0408632	4.0801835	Growth	0.36056015	0.6266631	2.4565194
A429W	A429W	429	429		0.07869022	-0.19066484	-0.122921824	-0.025392355	0.06536934	0.112969294	-0.09836471			7	-0.025759265	0.115733765	0.45367637	Growth	-0.015508648	0.06967878	0.27314085
A429Y	A429Y	429	429		-1.8859957	0.038143385	-0.114916764	-1.9628435	-0.14031896	-0.22777547	-2.3101206			7	-0.943404	1.0490111	4.1121235	Growth	-0.5679867	0.6315687	2.4757493
G432L	G432L	432	432		-0.5378498	0.02020227	-1.8431755	-1.9336638	-2.096356	-2.0162055	-0.15869053			7	-1.2236769	0.9512554	3.7289212	Growth	-0.73672813	0.57271373	2.2450378
G432M	G432M	432	432		-0.23982452	-1.9245906	-0.81313676	-1.9516332	-1.1210349	-2.0509005	-1.9057126			7	-1.4295475	0.7095817	2.7815602	Growth	-0.8606748	0.42721143	1.6746689
I433D	I433D	433	433		-1.8582556	2.7478538	-0.090272084	0.17337048	-0.040592078	-2.0116425	-2.529544			7	-0.51558316	1.8086913	7.09007	Growth	-0.3104125	1.0889424	4.2686543
I433H	I433H	433	433		0.18599288	0.33153492	0.08788381	-0.07573839	0.2798303	0.1304545	0.18814977			7	0.16115825	0.13347188	0.52320975	Growth	0.09702709	0.08035821	0.31500417
I433T	I433T	433	433		-0.43802816	0.054803774	0.49951613	0.89160293	-2.1017947	0.83598316	0.82978135			7	0.081694946	1.0799361	4.23335	Growth	0.04918534	0.65018743	2.548735
K443G	K443G	443	443		0.43240827	-0.5120691	0.067384966	-0.062131755	0.7299017	0.20164686	1.0835035			7	0.27723488	0.5270952	2.0662131	Growth	0.1669123	0.31734344	1.2439864
K443M	K443M	443	443		0.07469457	0.8083567	0.8326697	0.45974782	0.40558162	0.70775586	3.0479171			7	0.9052462	0.98172003	3.8483427	Growth	0.5450134	0.59105533	2.316937
K443Q	K443Q	443	443		0.5187327	-1.8757591	-1.837095	-1.9206105	2.7154331	0.7373342	-2.5171978			7	-0.5970232	1.9412061	7.609528	Growth	-0.35944435	1.1687244	4.5814
S444H	S444H	444	444		0.39591175	0.80758226	-1.8272527	0.16491054	-2.0658016	0.95481753	-0.4405675			7	-0.28719997	1.2227639	4.7932343	Growth	-0.1729119	0.7361784	2.8858194
S444K	S444K	444	444		0.6733831	0.7522091	0.5381058	2.63193	-1.0725216	2.379124	0.16129832			7	0.8662184	1.2793285	5.014968	Growth	0.52151626	0.77023375	3.0193164
S446C	S446C	446	446		2.572322	0.37976277	0.85225135	0.33504936	-0.71369684	2.729578	3.065894			7	1.3173087	1.4612894	5.728255	Growth	0.7931001	0.8797853	3.4487584
S446G	S446G	446	446		2.533177	1.1763343	0.82882917	0.8381904	2.488327	-2.029237	1.5733098			7	1.0584186	1.5347854	6.016359	Growth	0.63723254	0.92403436	3.6222148
S446R	S446R	446	446		-0.25670475	2.768737	-1.8446585	0.7371963	0.34448725	0.067369446	3.0576086			7	0.6962908	1.7202935	6.743551	Growth	0.4192095	1.0357215	4.0600286
S446T	S446T	446	446		-1.8518231	0.9578308	0.08185343	2.634887	2.7100432	0.6905953	3.0165656			7	1.1771362	1.7567677	6.88653	Growth	0.70870775	1.0576813	4.146111
K453L	K453L	453	453		1.312848	1.3114129	0.8039998	-1.9329045	2.5440712	0.61675525	3.0255747			7	1.0973939	1.6022267	6.280729	Growth	0.660698	0.9646382	3.7813816
K453N	K453N	453	453		0.6738463	0.3788248	-1.8454303	-0.59118867	-0.03638574	0.89229196	0.55831707			7	0.004325066	0.95409554	3.7400546	Growth	0.0026039535	0.5744237	2.251741
K453T	K453T	453	453		0.37966132	0.17305206	0.05405334	-1.9030889	-2.0618577	2.7036898	-0.84007424			7	-0.21350922	1.6200091	6.3504357	Growth	-0.12854557	0.97534424	3.8233495
K479C	K479C	479	479		0.8806121	0.58676046	0.25351566	0.017475072	2.7630608	2.746469	0.5155028			7	1.1090566	1.1559726	4.5314126	Growth	0.66771966	0.695966	2.7281868
K479L	K479L	479	479		0.6973795	2.3487742	0.49594003	0.38477707	-0.392468	-2.0392618	-0.7094457			7	0.112242185	1.3616676	5.337737	Growth	0.06757664	0.81980693	3.2136433
K479N	K479N	479	479		0.6113607	0.06503008	2.0293603	-0.61901367	1.2815882	-0.6652612	0.059454586			7	0.3946456	0.98976696	3.8798866	Growth	0.23760071	0.59590006	2.3359282
K479T	K479T	479	479		0.5335413	0.7371526	-0.013233841	2.1342337	0.54478663	0.40166196	0.353441			7	0.6702262	0.6857857	2.68828	Growth	0.40351704	0.4128848	1.6185085
K27A	K27A	27	27			-1.8731323	-1.8345761	0.6064953	0.22922951	0.33581582	-2.5137742	-0.5519085		7	-0.80026436	1.2614907	4.9450436	Growth	-0.48180795	0.7594943	2.9772177
K27L	K27L	27	27			0.4340026	0.26129434	0.24231073	0.57700175	0.5494101	0.54058176	0.5969566		7	0.45736536	0.14968519	0.58676594	Growth	0.27536184	0.09011961	0.35326886
K33C	K33C	33	33			0.31056657	0.45378685	-0.36644053	0.38613647	0.0006213838	0.6222693	0.1605041		7	0.22392058	0.32857066	1.287997	Growth	0.13481385	0.19781958	0.77545273
K43S	K43S	43	43			0.8660838	1.927512	2.6534445	0.32316017	2.7143297	-0.034814894	2.9193754		7	1.6241558	1.2272584	4.810853	Growth	0.9778408	0.7388844	2.896427
I45Y	I45Y	45	45			-1.9031523	1.6813761	-1.7702463	-0.5333959	0.66179836	1.281093	2.927902		7	0.33505353	1.8135259	7.1090217	Growth	0.20172265	1.0918531	4.2800646
T91N	T91N	91	91			0.60509986	0.2711996	0.22794804	0.24432223	0.30271184	0.3346304	0.46675903		7	0.35038158	0.13750997	0.5390391	Growth	0.21095107	0.082789384	0.3245344
T91V	T91V	91	91			0.4723861	-0.5902858	-1.9226812	0.419448	0.83742636	3.0042834	2.882572		7	0.72902125	1.7682451	6.931521	Growth	0.43891525	1.0645914	4.173198
V98N	V98N	98	98			0.7994933	-0.21106328	-0.043709345	1.9084991	0.5818284	1.0104676	0.9706046		7	0.7165886	0.71123886	2.7880564	Growth	0.43143004	0.42820916	1.6785799
V98Q	V98Q	98	98			0.7602852	2.3842514	0.48889184	0.5638453	0.14764528	3.0795197	0.5665337		7	1.1415675	1.119791	4.3895807	Growth	0.68729323	0.6741825	2.6427953
K99T	K99T	99	99			2.1090405	2.080514	0.5007389	2.721512	2.7043343	1.9029398	2.9176953		7	2.1338248	0.8174191	3.204283	Growth	1.2846926	0.49213615	1.9291737
K99Y	K99Y	99	99			0.19763888	-0.022976842	0.83999753	0.22707886	0.15687843	-2.5341527	0.6088689		7	-0.07523813	1.1235647	4.4043736	Growth	-0.045297943	0.6764545	2.6517017
F104G	F104G	104	104			-0.2483861	-1.3922459	-0.27596956	0.95659196	-2.02393	-0.32423407	-2.3578963		7	-0.8094386	1.1666213	4.573156	Growth	-0.4873314	0.7023772	2.7533188
V106R	V106R	106	106			2.78844	0.40740657	-0.43155658	-2.1052685	0.107505664	-2.5551066	0.7772867		7	-0.14447045	1.8054535	7.077378	Growth	-0.08698002	1.0869931	4.261013
H126E	H126E	126	126			-1.8985825	0.39880815	0.92126155	-0.26514468	0.09942312	-1.8506796	0.08585715		7	-0.35843667	1.0973924	4.3017783	Growth	-0.21580073	0.66069716	2.589933
H126K	H126K	126	126			-1.79563	2.3724203	2.6171324	-0.9828134	-1.9226725	-2.3992503	2.8229623		7	0.101735555	2.381096	9.333896	Growth	0.061251007	1.4335649	5.6195745
W128N	W128N	128	128			0.40669724	2.3803306	2.6347141	-0.6910504	0.67000276	2.9913273	2.8777382		7	1.6099656	1.4597397	5.72218	Growth	0.9692974	0.8788523	3.445101
W128Q	W128Q	128	128			1.3662697	0.21249484	0.7900501	0.75244445	0.16743028	0.42224598	0.3102969		7	0.57446176	0.42715403	1.6744438	Growth	0.34586102	0.25717276	1.0081172
W128Y	W128Y	128	128			2.2949486	0.041134752	-0.0683949	-0.82105124	-1.3260792	0.51945174	-2.371656		7	-0.24737802	1.4816647	5.8081255	Growth	-0.14893666	0.8920525	3.4968457
S129P	S129P	129	129			-1.9257278	-0.2902928	-1.9713445	-0.5029945	-2.0521004	0.15381913	-0.31545952		7	-0.9863001	0.95364887	3.7383037	Growth	-0.5938128	0.57415473	2.2506866
L132R	L132R	132	132			0.082943074	-1.862601	0.35850984	-1.7066103	-2.0371797	0.025393654	-2.3783572		7	-1.0739859	1.1726336	4.596724	Growth	-0.646605	0.70599693	2.767508
Q142T	Q142T	142	142			0.02296327	2.3861825	0.07610097	2.7226512	2.7067113	3.0380485	-2.0850344		7	1.2668034	1.9486266	7.6386166	Growth	0.76269287	1.173192	4.5989127
L150A	L150A	150	150			0.31510857	0.65517294	0.000808391	0.50823075	-0.059343226	0.03866282	0.2061815		7	0.23783168	0.2703159	1.0596383	Growth	0.14318918	0.16274664	0.6379668
L150C	L150C	150	150			1.5496972	0.17420478	-1.9507647	0.8758153	2.690665	3.033339	-2.367465		7	0.57221305	2.1117988	8.278252	Growth	0.34450716	1.2714316	4.9840117
L150E	L150E	150	150			0.46047696	-1.8569075	0.80116963	0.12638125	-2.0321288	-2.2279105	-0.34764186		7	-0.725223	1.2812974	5.022686	Growth	-0.43662846	0.77141917	3.0239632
L150Q	L150Q	150	150			0.60074	0.9508651	0.025915818	0.6471893	-2.0284464	0.1521501	2.9383967		7	0.46954438	1.4670365	5.750783	Growth	0.28269434	0.8832454	3.462322
L150R	L150R	150	150			0.37282982	-1.8265578	-0.33382392	0.2900381	-2.037621	0.6306939	0.12832612		7	-0.39658782	1.090569	4.2750306	Growth	-0.23877005	0.65658903	2.573829
L150V	L150V	150	150			0.38118345	-1.8198634	-0.4816896	2.7410114	0.7341704	3.043903	-0.26025948		7	0.61977947	1.7505034	6.861974	Growth	0.37314504	1.0539098	4.131326
M154F	M154F	154	154			0.06276715	-0.30579427	0.50041837	0.58048296	0.06364918	1.0474334	0.21146914		7	0.30863228	0.44044274	1.7265356	Growth	0.18581545	0.26517338	1.0394796
M154K	M154K	154	154			0.69741577	-0.18008131	0.3282142	0.44885615	1.8288567	-2.5335267	0.23572598		7	0.11792298	1.3260037	5.1979346	Growth	0.07099682	0.7983351	3.1294734
M154N	M154N	154	154			0.9955624	2.3994577	1.6980956	0.31791347	2.7268863	0.6792795	0.6722756		7	1.3556386	0.9325709	3.6556778	Growth	0.8161771	0.56146455	2.200941
V156C	V156C	156	156			0.4012183	-1.8274366	0.119819134	0.4313154	-0.77163386	3.0585396	-2.3338726		7	-0.1317215	1.7784114	6.9713726	Growth	-0.079304375	1.0707121	4.197191
V156F	V156F	156	156			-0.40215072	0.19345978	-0.24757764	-2.1154463	0.7522785	-0.44405052	-0.10085333		7	-0.3377629	0.88602567	3.4732206	Growth	-0.20335385	0.5334415	2.0910907
V156S	V156S	156	156			-1.9084234	-0.5775313	-1.9533513	0.19365597	0.74953836	-2.549629	0.2464573		7	-0.8284691	1.3004701	5.097843	Growth	-0.49878892	0.7829623	3.0692124
K158N	K158N	158	158			-1.911895	1.6717254	0.5498908	0.48805347	-0.18340646	0.45189282	-0.19740382		7	0.12412246	1.092364	4.282067	Growth	0.07472929	0.6576697	2.5780654
A164R	A164R	164	164			0.46725515	-1.8556569	-0.42221028	0.28651246	-0.77218205	-2.3750172	0.48630413		7	-0.5978564	1.1469945	4.496218	Growth	-0.359946	0.6905606	2.7069976
N168T	N168T	168	168			2.7445042	0.36271346	2.6328776	2.7059052	0.7886078	0.33043677	-2.3133197		7	1.0359608	1.8478757	7.243673	Growth	0.6237116	1.1125338	4.3611326
K214E	K214E	214	214			-1.8850204	-0.08370623	-0.092238866	-2.091201	-2.0116274	0.09322579	-2.35067		7	-1.203034	1.1099466	4.350991	Growth	-0.72429985	0.6682555	2.6195617
K214M	K214M	214	214			2.6692035	2.3323264	2.5574918	-1.8898158	2.6020312	2.7532175	-0.29028878		7	1.5334522	1.8552301	7.272502	Growth	0.9232317	1.1169616	4.3784895
E228C	E228C	228	228			0.45617396	-1.8083147	2.6022584	2.6711218	0.4764554	2.9322217	0.31855825		7	1.0926393	1.7298423	6.780982	Growth	0.6578355	1.0414705	4.0825644
E228G	E228G	228	228			0.75252753	0.57983017	0.351749	2.7257187	0.4949511	-2.0803785	0.21421437		7	0.43408749	1.3997372	5.48697	Growth	0.26134714	0.8427272	3.3034906
V229L	V229L	229	229			-0.7853152	-1.8079494	-0.2319247	-2.0421164	-1.9685881	-0.1358712	2.8828807		7	-0.58412635	1.7284774	6.7756314	Growth	-0.35167968	1.0406488	4.0793433
V229T	V229T	229	229			0.19726408	0.59784204	0.2831118	0.92724025	0.35872963	0.2622181	2.9184592		7	0.7921236	0.9711579	3.8069391	Growth	0.47690672	0.5846963	2.2920096
M231I	M231I	231	231			0.040146925	0.2703411	1.186421	0.19884528	0.44465372	0.66512036	0.3091214		7	0.44494995	0.38114414	1.4940851	Growth	0.267887	0.22947201	0.8995303
M231V	M231V	231	231			0.006985365	2.3984475	2.6625605	-0.07689536	0.011120392	0.9201856	0.82283604		7	0.96360576	1.1454194	4.490044	Growth	0.5801494	0.68961227	2.7032802
M231W	M231W	231	231			-0.44067934	-1.826443	0.51291054	2.6717093	-1.9801918	-2.4781542	-0.20778659		7	-0.53551924	1.7808853	6.9810705	Growth	-0.32241523	1.0722016	4.2030306
A244C	A244C	244	244			2.51794	0.5342489	0.6315789	0.08146541	2.7456996	3.0994163	-2.2221649		7	1.0554549	1.884867	7.3886786	Growth	0.63544816	1.1348048	4.4484353
Y259D	Y259D	259	259			-1.8155494	2.3820202	-0.10496051	2.6992345	2.6862264	2.9521148	-2.2638166		7	0.93360984	2.2811325	8.9420395	Growth	0.56209004	1.3733808	5.3836527
Y259E	Y259E	259	259			0.28960013	-0.24023351	-0.90937734	-0.54782057	-2.0442128	-0.102807365	-2.384963		7	-0.84854496	1.0087847	3.9544358	Growth	-0.5108758	0.6073499	2.3808115
Y259K	Y259K	259	259			-1.8966631	-1.8537171	0.38720438	-2.1042893	2.702981	-2.5474045	0.000243071		7	-0.7588065	1.8875215	7.3990846	Growth	-0.4568478	1.1364031	4.4547
F269M	F269M	269	269			0.44090855	0.39957067	0.38812074	0.34387416	0.41421342	0.27710232	0.37477562		7	0.37693793	0.05351641	0.20978433	Growth	0.22693962	0.032220144	0.12630297
V270P	V270P	270	270			-1.8105966	-1.7876866	2.613404	2.680205	-1.937683	2.144388	-2.254835		7	-0.050400563	2.3772175	9.318693	Growth	-0.030344212	1.43123	5.6104217
A275E	A275E	275	275			0.49947378	0.2817854	0.75806344	0.85517186	-0.060431644	0.3636843	0.17495026		7	0.41038537	0.32209447	1.2626103	Growth	0.24707702	0.19392051	0.76016843
K276A	K276A	276	276			0.23982531	0.42887163	0.7762827	0.898462	0.8582051	0.6558862	0.6960496		7	0.6505118	0.23816116	0.9335918	Growth	0.39164776	0.14338754	0.5620792
A295D	A295D	295	295			-1.9228507	-1.874549	-1.9687449	-2.1335537	-0.04103282	1.5591266	0.25933933		7	-0.87460935	1.4597101	5.722064	Growth	-0.5265682	0.8788345	3.4450312
A295G	A295G	295	295			0.08663608	0.017301943	0.40600806	-2.1232452	-0.33677924	0.12654348	-0.114001274		7	-0.2767909	0.8452766	3.3134844	Growth	-0.16664499	0.50890803	1.9949195
A295N	A295N	295	295			0.49624404	0.7521999	1.6520667	2.316673	1.0935621	0.43611518	0.2299351		7	0.99668515	0.7520679	2.9481063	Growth	0.60006523	0.45279074	1.7749398
Y322A	Y322A	322	322			0.7220782	0.18422043	2.6570807	0.2210371	-0.6644144	3.0556827	0.005310367		7	0.88299936	1.4133369	5.540281	Growth	0.5316194	0.85091496	3.3355868
Y322C	Y322C	322	322			0.6127132	0.5427625	0.6000635	0.6196895	0.5981519	0.53552127	0.5642353		7	0.58187675	0.0340742	0.13357086	Growth	0.3503253	0.020514745	0.080417804
Y322H	Y322H	322	322			2.1947405	0.10907374	2.6517222	2.7259758	2.7109559	3.0241582	2.9034662		7	2.3314416	1.0138165	3.9741607	Growth	1.4036701	0.61037934	2.392687
Y322S	Y322S	322	322			1.4450017	2.3727083	1.6673148	0.9901939	2.695035	0.15837738	1.0091231		7	1.4768219	0.8677366	3.4015274	Growth	0.88913685	0.5224303	2.047927
K323E	K323E	323	323			-0.47238067	-0.79901344	-0.7702185	-1.1410584	-0.3829976	-0.7422464	-0.51674205		7	-0.68923676	0.25694525	1.0072254	Growth	-0.41496256	0.1546967	0.6064111
K323T	K323T	323	323			0.7155319	0.7397635	0.5906231	-2.1131904	-0.07294644	-0.071745865	-2.3703547		7	-0.36890268	1.3260261	5.1980224	Growth	-0.22210191	0.79834855	3.1295264
M326G	M326G	326	326			0.6702771	0.44139615	-0.07500362	1.0537347	0.9563565	0.0065398472	0.25446436		7	0.47253785	0.44280407	1.735792	Growth	0.2844966	0.26659504	1.0450525
M328S	M328S	328	328			0.5568249	-1.8592744	-1.9497979	0.25873682	0.65940404	0.68742526	2.918897		7	0.1817451	1.674899	6.565604	Growth	0.10942163	1.0083913	3.9528937
D329F	D329F	329	329			0.1017461	-0.41000995	-1.9593328	-2.02078	-2.0403833	-2.5732543	-2.381368		7	-1.6119118	1.0302829	4.0387087	Growth	-0.9704692	0.6202931	2.4315488
D329N	D329N	329	329			0.86690646	0.31796208	0.13436133	2.7122533	0.74131846	0.59896594	0.39603293		7	0.82397157	0.86983234	3.4097428	Growth	0.4960811	0.52369213	2.0528731
L336G	L336G	336	336			0.33467975	0.30629793	0.2854811	0.29487765	0.26113382	0.16089883	0.1982117		7	0.26308295	0.06212875	0.2435447	Growth	0.15839198	0.037405293	0.14662875
M340C	M340C	340	340			-0.1322759	0.26427612	-1.8934895	2.7235281	2.7089353	0.54517615	1.3501818		7	0.7951903	1.6392322	6.4257903	Growth	0.47875303	0.98691773	3.8687177
M340E	M340E	340	340			-1.8806443	1.6741331	2.0765386	0.4766818	-2.0074065	0.33914903	0.10834392		7	0.11239935	1.5783318	6.187061	Growth	0.06767126	0.950252	3.724988
M340I	M340I	340	340			0.56608284	-0.032351274	0.24589655	-2.0731492	0.41540492	-0.3954268	0.32458192		7	-0.13556586	0.9115499	3.5732758	Growth	-0.08161891	0.54880863	2.15133
M340P	M340P	340	340			-1.7775725	-1.7666501	-1.8216672	-0.013193789	-1.904585	2.8478916	-1.0576897		7	-0.784781	1.7390099	6.816919	Growth	-0.472486	1.0469899	4.1042004
M345F	M345F	345	345			-0.17067532	2.355711	2.6024382	2.6699936	-1.9474081	-2.4319358	-2.263847		7	0.11632521	2.3880622	9.361204	Growth	0.07003487	1.437759	5.6360154
M345G	M345G	345	345			0.45943046	-1.8617685	-1.9550192	-2.1191683	-2.0364413	-2.5689273	0.07445631		7	-1.429634	1.1856984	4.647938	Growth	-0.86072683	0.7138627	2.798342
M345I	M345I	345	345			0.9584491	0.96102613	0.3962698	0.3217971	-0.40672734	1.2375451	2.929364		7	0.9139606	1.0435221	4.0906067	Growth	0.55026	0.62826395	2.4627948
H358R	H358R	358	358			1.0776951	1.0449675	2.63721	2.1455986	-0.0065794215	0.2736561	0.67980677		7	1.1217649	0.9609393	3.7668822	Growth	0.6753709	0.578544	2.2678926
H358S	H358S	358	358			2.7381527	2.3712146	2.6269445	2.7007732	1.9793348	-1.700357	2.8790996		7	1.9421661	1.6334668	6.40319	Growth	1.1693025	0.98344666	3.855111
K360L	K360L	360	360			1.143167	0.5633482	0.81085056	0.89389026	0.56216556	0.86173636	0.49178097		7	0.7609912	0.23360386	0.91572714	Growth	0.4581631	0.14064378	0.5513236
K360Y	K360Y	360	360			-0.060434934	2.4055266	-1.9087589	2.7412596	2.725884	3.0479417	2.922998		7	1.6963452	1.9178667	7.518038	Growth	1.0213033	1.1546727	4.526317
Y379Q	Y379Q	379	379			0.5201878	0.5797463	0.59477335	1.7779694	2.7445004	0.6591935	-0.021546619		7	0.97926056	0.94659525	3.7106535	Growth	0.5895746	0.5699081	2.2340398
K381F	K381F	381	381			1.4689288	0.07107414	2.653864	0.3791729	0.23295578	-0.58332336	0.088270254		7	0.6158489	1.0875819	4.263321	Growth	0.3707786	0.6547906	2.5667791
K381T	K381T	381	381			-1.8783362	0.4069181	2.6480515	0.25014922	-0.4281564	0.46322605	-2.3392594		7	-0.12534387	1.6597457	6.506203	Growth	-0.07546466	0.9992681	3.9171312
Q406R	Q406R	406	406			0.7362794	2.3763874	0.81074995	0.002914296	2.6985211	0.21316615	0.37027618		7	1.0297563	1.0714804	4.2002034	Growth	0.6199761	0.64509654	2.5287786
Q406V	Q406V	406	406			2.7576332	0.8637308	1.4512752	2.7274437	0.087184496	0.439239	0.08912374		7	1.202233	1.1537366	4.5226474	Growth	0.7238175	0.6946198	2.7229097
Q406W	Q406W	406	406			2.7659879	0.03663026	-0.08124114	-0.58654267	-1.9678143	-2.4696772	-2.2966943		7	-0.6570502	1.8360765	7.19742	Growth	-0.3955843	1.10543	4.333286
G411E	G411E	411	411			-1.9125141	-0.022567393	-0.33277062	-0.83691204	-0.6638212	-0.08707074	-2.38356		7	-0.89131653	0.91632044	3.5919762	Growth	-0.5366269	0.5516808	2.1625888
N412F	N412F	412	412			-1.8973652	-1.8533094	-1.9425094	-2.1050713	-2.0240195	3.0509882	2.9174252		7	-0.5505517	2.41641	9.472327	Growth	-0.3314657	1.4548261	5.7029185
N412K	N412K	412	412			0.5661927	-0.6579122	0.6420177	-0.82778776	-2.0327566	0.32404944	-2.3741958		7	-0.62291324	1.2253305	4.8032956	Growth	-0.37503174	0.73772365	2.8918767
N412Q	N412Q	412	412			-1.7100691	-0.1961271	-1.9554349	-2.1209064	-2.0377057	-2.5762146	-0.515035		7	-1.5873562	0.8851801	3.469906	Growth	-0.9556852	0.5329324	2.089095
C417G	C417G	417	417			0.22626898	-0.109250866	-0.19710435	-0.03230882	0.4627342	0.09717654	0.009828068		7	0.06533482	0.22241467	0.8718655	Growth	0.039335545	0.1339072	0.52491623
C417L	C417L	417	417			-0.5096934	-0.35465163	-0.73733604	-0.50986916	-2.05399	-2.5956125	-2.399764		7	-1.3087025	0.9929106	3.8922098	Growth	-0.7879187	0.59779274	2.3433475
C417N	C417N	417	417			0.7472148	-0.035875797	0.23327878	-2.1223173	-0.5084256	-0.2397912	-0.022667004		7	-0.27836907	0.9029906	3.5397232	Growth	-0.16759515	0.5436554	2.1311293
C417T	C417T	417	417			0.17586206	0.24463154	0.1315977	0.10001206	0.006674774	-0.13825618	0.03044926		7	0.07871018	0.12570591	0.49276718	Growth	0.04738833	0.075682625	0.2966759
I425K	I425K	425	425			0.93354326	0.11926161	0.6112861	-2.1106904	0.057235893	0.33503246	-0.111943215		7	-0.023753451	0.98645115	3.8668885	Growth	-0.014301026	0.5939037	2.3281026
I425W	I425W	425	425			-0.44852978	0.74381465	-1.942697	-0.5395005	2.6924696	3.0295508	-1.948779		7	0.22661838	2.0283568	7.951159	Growth	0.13643809	1.2211945	4.7870827
A429F	A429F	429	429			2.570042	2.40983	0.21228781	0.07394504	-0.31455192	0.57154393	0.94175565		7	0.9235503	1.1405278	4.470869	Growth	0.5560336	0.6866673	2.691736
A429H	A429H	429	429			0.6150083	0.017090289	-0.21902865	-2.14097	0.20571114	-2.5848732	-0.37392035		7	-0.64014035	1.225119	4.8024664	Growth	-0.3854035	0.73759633	2.8913777
A429P	A429P	429	429			2.7708488	-1.8348175	0.5493744	-0.8133962	-0.39799097	-0.7569056	0.88231623		7	0.057061296	1.4996986	5.878819	Growth	0.03435438	0.90291	3.5394073
G432C	G432C	432	432			-1.736468	0.10390419	-1.9213629	-2.0829258	-0.07525234	-0.6556079	0.3597697		7	-0.8582776	1.0380083	4.0689926	Growth	-0.51673543	0.6249443	2.449782
G432V	G432V	432	432			-0.030670535	-0.41251728	0.77491695	0.50112134	0.7018583	-0.1985513	2.956573		7	0.6132472	1.1301606	4.4302297	Growth	0.3692122	0.6804256	2.6672683
I433A	I433A	433	433			-0.14932637	1.9458783	0.24670823	1.2442354	2.7362974	0.009895191	-0.3213062		7	0.81605446	1.1794611	4.6234875	Growth	0.49131453	0.7101075	2.7836215
I433C	I433C	433	433			2.7608967	0.20937854	0.32365346	-2.0631068	-1.9870213	0.72462803	-2.3181565		7	-0.33567542	1.8746552	7.3486485	Growth	-0.20209707	1.1286567	4.4243345
I433N	I433N	433	433			0.6164181	-0.9182769	0.25056466	0.33809868	0.08708473	0.389087	-0.052608144		7	0.10148116	0.4983219	1.9534218	Growth	0.061097845	0.30002016	1.176079
K443A	K443A	443	443			-1.8318317	2.3615363	-1.8765771	2.6798666	2.6670225	-2.4496064	-2.2787182		7	-0.10404403	2.512172	9.847714	Growth	-0.062640846	1.5124807	5.9289246
K443E	K443E	443	443			-1.8571026	0.8978292	2.645163	0.18686216	-0.81468743	-2.4914227	-0.2721733		7	-0.24364737	1.7231834	6.754879	Growth	-0.14669058	1.0374615	4.066849
K443R	K443R	443	443			0.2638905	0.45627555	0.91786146	2.7291567	2.7142298	-2.4931927	0.82498246		7	0.7733149	1.7628638	6.910426	Growth	0.46558273	1.0613514	4.1604977
K443Y	K443Y	443	443			0.5573825	0.16540408	0.16588604	-2.0676312	0.30456176	2.996982	2.6644242		7	0.68385845	1.7098162	6.70248	Growth	0.41172448	1.0294136	4.035301
S444D	S444D	444	444			0.49924636	0.6044427	0.5258596	0.3705633	0.33255485	0.6371394	0.18978974		7	0.45137087	0.16065146	0.6297537	Growth	0.27175277	0.09672198	0.37915015
S444Y	S444Y	444	444			-1.7897987	2.344477	2.5852222	2.6486738	-1.9168719	2.8708708	2.7886624		7	1.3616053	2.2027996	8.6349745	Growth	0.8197694	1.3262197	5.198781
S446D	S446D	446	446			-1.8278013	-0.4088761	2.6342664	-2.0264761	2.6904593	2.9684985	-2.2783852		7	0.25024074	2.4275246	9.515897	Growth	0.15066019	1.4615178	5.72915
S446F	S446F	446	446			-1.8969038	-0.7982391	-1.9427582	2.7083354	1.8955693	-2.5457864	-0.14148994		7	-0.3887532	2.0158186	7.902009	Growth	-0.23405313	1.2136457	4.757491
S446K	S446K	446	446			1.0844306	0.29894716	0.9673095	2.434661	0.4477083	3.0686219	-0.26264527		7	1.1484333	1.1959789	4.688237	Growth	0.6914269	0.7200522	2.8226047
S446L	S446L	446	446			-0.034641	2.3994265	0.7292551	-2.0573835	0.34932685	3.0260334	2.9063904		7	1.0454867	1.8528267	7.263081	Growth	0.62944674	1.1155146	4.3728175
K456D	K456D	456	456			0.4272111	0.74988115	0.89988834	-2.098654	-0.07578351	3.0183065	2.8907862		7	0.8302337	1.7609905	6.903083	Growth	0.49985132	1.0602237	4.156077
K456I	K456I	456	456			0.2597692	0.5319339	2.6695685	1.2373052	-2.0074885	0.12723072	0.9046371		7	0.53185093	1.4078627	5.5188217	Growth	0.3202067	0.8476192	3.3226671
K456L	K456L	456	456			0.47011262	0.120947905	-1.9094391	-2.0692894	2.7140152	3.0334911	-2.3255563		7	0.00489739	2.2412624	8.7857485	Growth	0.0029485275	1.3493767	5.2895565
K456R	K456R	456	456			0.7696032	-1.8155167	2.6135833	0.41186142	1.8426411	2.9570637	2.8504567		7	1.3756703	1.7275324	6.771927	Growth	0.8282374	1.0400798	4.077113
K456S	K456S	456	456			2.730904	0.5346116	2.6202617	1.0187615	2.265491	3.000166	-2.3381119		7	1.4045836	1.8902171	7.4096513	Growth	0.84564495	1.1380259	4.4610615
K467N	K467N	467	467			-1.7825643	-1.7713473	-1.8269985	2.6368392	2.627307	2.8515947	2.7741337		7	0.78699493	2.4152527	9.467791	Growth	0.47381893	1.4541293	5.700187
K467T	K467T	467	467			0.25482494	-0.9435496	2.5302725	0.5361087	0.24563314	1.5003812	0.57938546		7	0.67186517	1.0902798	4.273897	Growth	0.4045038	0.6564149	2.5731466
K467W	K467W	467	467			2.7068954	-1.7905742	2.595197	2.661276	0.17098345	2.9020913	2.8111851		7	1.7224362	1.8228868	7.1457167	Growth	1.0370116	1.097489	4.302157
K471C	K471C	471	471			0.5224001	0.29349226	0.6111409	2.722648	0.41326487	0.92982846	-2.3042514		7	0.45550328	1.4741045	5.77849	Growth	0.27424076	0.8875008	3.4790032
K471L	K471L	471	471			0.41509637	-0.18993427	-1.9563012	2.7150168	-0.13119996	3.0474632	0.7676099		7	0.66682154	1.7410593	6.8249526	Growth	0.40146723	1.0482239	4.1090374
K471N	K471N	471	471			0.9118053	-1.8614259	0.51265943	0.2972158	0.39948475	-0.30227786	2.942946		7	0.41434392	1.4351293	5.6257067	Growth	0.24946031	0.8640353	3.3870184
K27E	K27E	27	27				-1.8198583	-1.9018352	-0.1304658	-1.9851084	1.1485678	-0.5699045	-2.14818	7	-1.058112	1.2455257	4.882461	Growth	-0.63704795	0.7498824	2.939539
K27S	K27S	27	27				2.3994043	2.6178606	1.2872738	2.7268276	2.8229885	2.9428346	0.35904968	7	2.165177	0.97000974	3.8024383	Growth	1.3035686	0.584005	2.2892997
K33D	K33D	33	33				2.3956766	-0.48412573	1.2322316	0.6635271	-5.6760153e-05	-0.047019936	0.5700279	7	0.61860865	0.9644267	3.7805526	Growth	0.37244013	0.58064365	2.2761233
K33N	K33N	33	33				0.4730152	0.39417267	0.27480707	0.31481835	0.23528284	0.34695232	0.17863253	7	0.31681156	0.09899622	0.3880652	Growth	0.19073987	0.05960176	0.23363891
K33R	K33R	33	33				0.5271374	0.07450768	0.21600185	0.55451566	0.42815426	0.089277625	1.4505491	7	0.47716337	0.4724325	1.8519354	Growth	0.28728145	0.28443316	1.114978
K43H	K43H	43	43				0.3737416	0.5645125	0.8633795	0.586357	0.07028544	1.6507102	0.34773025	7	0.6366738	0.5100363	1.9993423	Growth	0.38331646	0.30707294	1.2037259
I45F	I45F	45	45				-0.08454573	0.56234515	-2.1098795	-2.0283039	-0.2541736	2.9120884	0.55522203	7	-0.06389243	1.7182136	6.7353973	Growth	-0.03846714	1.0344694	4.05512
I45N	I45N	45	45				-1.8319657	0.22507279	2.6945891	2.6800191	-0.4217532	0.1293085	-0.5565596	7	0.41695875	1.6900415	6.624963	Growth	0.2510346	1.017508	3.9886315
I45V	I45V	45	45				0.9141812	-1.8897177	-2.045782	-1.9716628	2.9575298	-2.2939014	0.21343607	7	-0.5879881	2.004738	7.8585734	Growth	-0.35400468	1.2069746	4.7313404
V98G	V98G	98	98				-1.7548164	2.577319	-1.9552616	-1.8916411	2.8362856	1.1499075	-2.0612426	7	-0.15706424	2.2570684	8.847709	Growth	-0.094562255	1.3588928	5.32686
V98I	V98I	98	98				0.21667431	-0.22098684	2.7508135	2.7345116	0.30300307	0.10742211	0.91789335	7	0.9727616	1.2558088	4.9227705	Growth	0.58566177	0.7560735	2.963808
V98W	V98W	98	98				0.25639203	0.30935067	0.4360552	0.5459471	-0.24550352	0.6448966	2.5134609	7	0.6372284	0.8756774	3.4326556	Growth	0.38365036	0.5272112	2.0666678
F104Y	F104Y	104	104				0.58477885	1.0350674	0.12354095	2.6931012	-0.6101729	-0.20087048	-2.1232755	7	0.21459563	1.4877268	5.831889	Growth	0.12919965	0.89570224	3.5111527
N123E	N123E	123	123				2.3622005	2.2773583	0.025224349	1.029636	-2.4597533	-2.2870746	-2.1302867	7	-0.16895649	2.13879	8.384056	Growth	-0.10172211	1.2876819	5.0477133
N123M	N123M	123	123				0.15794219	2.660202	0.6026467	-2.0018623	1.8439127	-0.6471176	2.6771715	7	0.7561279	1.7538611	6.8751354	Growth	0.4552351	1.0559313	4.1392508
H126F	H126F	126	126				-1.0425358	-0.0004889091	0.32782823	2.1560059	0.15892914	-2.0253985	0.71022946	7	0.040652793	1.3205471	5.1765447	Growth	0.02447546	0.79504985	3.1165955
W128C	W128C	128	128				0.0019239656	-0.37862942	-0.110672265	0.35677493	1.0010253	2.936111	0.5060102	7	0.6160777	1.118398	4.38412	Growth	0.37091637	0.6733438	2.6395078
W128T	W128T	128	128				0.75051886	2.6624494	2.7422845	0.54094726	-0.5702205	-0.018984288	1.6909997	7	1.1139992	1.2885841	5.05125	Growth	0.6706955	0.7758062	3.0411603
S129H	S129H	129	129				-1.8431895	0.22508858	0.9981152	1.2334965	-2.550819	0.5222329	-2.1598253	7	-0.5107001	1.6116403	6.3176303	Growth	-0.30747262	0.97030574	3.8035986
S129Q	S129Q	129	129				-1.7932824	-1.8645298	2.7000337	-1.9483707	2.9581358	-2.2704318	2.6329613	7	0.059216566	2.5361397	9.941668	Growth	0.03565198	1.5269108	5.9854903
L132H	L132H	132	132				0.12931783	-1.954637	-1.1386576	-1.08544	-2.5700872	0.35281622	-2.038065	7	-1.1863931	1.1062613	4.336544	Growth	-0.714281	0.6660367	2.610864
L132W	L132W	132	132				-0.78102654	-0.23596793	0.6735072	0.44066712	-0.14904621	0.28697956	-2.1806674	7	-0.2779363	0.9689019	3.7980955	Growth	-0.1673346	0.583338	2.286685
L132Y	L132Y	132	132				0.59395397	0.51804465	0.041994233	-0.19097896	0.4497322	0.38258475	1.806753	7	0.5145834	0.6349281	2.4889183	Growth	0.30981058	0.38226545	1.4984806
H141I	H141I	141	141				0.61314255	-0.94107133	0.4959501	-0.17292015	3.0883553	2.9486406	-1.6017604	7	0.6329052	1.8042312	7.0725865	Growth	0.38104752	1.0862572	4.258128
Q142C	Q142C	142	142				0.571149	0.20304805	0.7562017	2.7081537	1.093377	0.7460649	2.669242	7	1.2496052	1.0181457	3.991131	Growth	0.7523385	0.6129858	2.4029043
M154S	M154S	154	154				-0.17387019	0.31887156	-0.51878226	-0.0865956	-0.407008	-0.438775	-0.29514408	7	-0.22875765	0.2850504	1.1173975	Growth	-0.13772605	0.17161772	0.6727415
V156M	V156M	156	156				0.9308211	0.1743504	0.60554856	2.546358	3.0871012	2.9510605	2.6987524	7	1.8562845	1.2348497	4.840611	Growth	1.1175965	0.7434548	2.9143429
V156T	V156T	156	156				-1.8075881	2.585812	-2.0262568	-1.9541985	-0.2535642	2.8128264	-2.1191647	7	-0.39459056	2.2081532	8.655961	Growth	-0.23756757	1.3294429	5.2114162
K158V	K158V	158	158				2.2884488	2.6695921	-2.081509	-2.003125	0.41881528	0.5133407	-0.025414806	7	0.25430685	1.8572282	7.2803345	Growth	0.15310822	1.1181645	4.383205
N168D	N168D	168	168				-1.8612117	-1.9495757	-2.1120954	-2.0302978	0.5467573	2.902769	-0.49962723	7	-0.7147545	1.881778	7.3765697	Growth	-0.4303258	1.1329451	4.441145
N168K	N168K	168	168				2.3819017	-0.20876436	-2.0705934	0.9565236	3.0121498	0.47011748	0.8038481	7	0.7635976	1.6722237	6.555117	Growth	0.45973232	1.0067806	3.9465802
N168L	N168L	168	168				-0.17148907	0.13525127	-2.1203518	-0.06446585	-0.73309726	0.4909752	-0.02888547	7	-0.35600898	0.86022043	3.372064	Growth	-0.2143391	0.5179052	2.0301883
N168M	N168M	168	168				0.10761171	0.38866356	-2.1307251	0.5097669	-0.2701963	-0.43322468	-0.081421666	7	-0.2727894	0.88589996	3.472728	Growth	-0.16423585	0.5333658	2.0907938
K214W	K214W	214	214				0.3964966	-1.9125894	1.03527	-1.9951994	-0.02039134	-2.3276272	-2.1575353	7	-0.997368	1.4129069	5.538595	Growth	-0.6004763	0.8506561	3.3345718
E228I	E228I	228	228				0.537823	-0.14672095	0.18322417	-0.19823597	0.093200736	-0.4576361	-0.08738372	7	-0.0108184	0.31848156	1.2484478	Growth	-0.0065133367	0.19174533	0.7516417
V229F	V229F	229	229				0.7019789	0.24323335	0.88531595	0.44598103	0.7863498	0.4429091	0.549103	7	0.5792673	0.22427459	0.8791564	Growth	0.34875426	0.13502698	0.52930576
V229I	V229I	229	229				-0.7986011	-1.9608446	0.44443902	-0.51355636	-1.9862428	0.7988199	0.307126	7	-0.52983713	1.1296349	4.428169	Growth	-0.31899425	0.6801091	2.6660275
M231E	M231E	231	231				1.6940694	-1.9480797	-0.17021292	0.43257967	-0.2482067	-2.371781	-2.1897733	7	-0.685915	1.5313222	6.0027833	Growth	-0.41296265	0.9219494	3.6140416
M231T	M231T	231	231				-1.7905221	2.5760384	-2.0011349	2.6307023	-2.4061651	2.7901795	2.5756464	7	0.62496346	2.5246027	9.896442	Growth	0.37626612	1.5199647	5.9582615
K233S	K233S	233	233				0.60797393	-0.5305925	0.5602502	-0.39448327	-2.5390902	-2.352905	2.647515	7	-0.2859045	1.8046674	7.074296	Growth	-0.17213194	1.0865198	4.2591577
Y259W	Y259W	259	259				0.6253502	0.5566409	0.5605405	0.5538018	0.4442435	0.68771464	0.37462008	7	0.5432731	0.105228655	0.41249633	Growth	0.32708353	0.06335407	0.24834795
K261G	K261G	261	261				0.7908666	0.7561462	0.76404697	0.85367715	0.7526255	0.7054602	0.97219366	7	0.7992881	0.088515215	0.34697965	Growth	0.48122016	0.053291555	0.2089029
K261L	K261L	261	261				1.7884077	0.7212639	0.58027655	0.33093724	0.7464065	2.9373834	2.6821897	7	1.3981236	1.0693536	4.191866	Growth	0.8417557	0.64381605	2.523759
K261W	K261W	261	261				-1.7120454	-1.9349916	-2.09857	-0.47042206	-2.5478919	-2.109557	-0.16354804	7	-1.5767181	0.9006515	3.530554	Growth	-0.94928044	0.5422471	2.1256087
H265C	H265C	265	265				2.4031444	-0.7585643	-0.35152522	0.02857238	-2.5464003	2.9400442	-0.42333016	7	0.18456297	1.8948917	7.4279757	Growth	0.11111816	1.1408404	4.4720945
H265I	H265I	265	265				-1.8417084	0.6814231	-0.01875859	0.05346386	0.50426733	0.57793844	0.83734614	7	0.11342456	0.9182255	3.5994442	Growth	0.068288505	0.5528278	2.167085
D268L	D268L	268	268				0.46216673	-0.16939585	-2.1116004	-0.43839446	0.2047064	0.97189313	0.82397336	7	-0.03666446	1.0447761	4.0955224	Growth	-0.022074241	0.6290189	2.465754
D268M	D268M	268	268				2.2500718	0.6174516	0.37902698	0.123713225	3.07168	0.18375014	-0.24965188	7	0.91086304	1.246772	4.8873467	Growth	0.5483951	0.7506328	2.9424808
F269P	F269P	269	269				2.3723142	-0.24573572	0.8471469	0.7508957	-0.2886234	-2.2997153	-2.1385736	7	-0.14318445	1.6719122	6.553896	Growth	-0.08620577	1.0065931	3.9458451
V270D	V270D	270	270				-0.11613158	-1.9441316	2.7148535	-2.0252202	-2.5492086	0.4350199	-0.4567363	7	-0.56307924	1.8230921	7.146521	Growth	-0.33900803	1.0976126	4.3026414
V270G	V270G	270	270				-1.8092463	-0.72849256	-2.033775	0.063432716	-2.4517677	2.8367412	-2.125746	7	-0.8926932	1.868292	7.3237047	Growth	-0.53745574	1.1248257	4.409317
V270H	V270H	270	270				-1.871376	0.59854954	0.17227022	0.15926331	2.989423	-2.3856497	0.44432768	7	0.015258291	1.7672541	6.927636	Growth	0.0091864215	1.0639948	4.1708593
K276C	K276C	276	276				-1.8475716	-1.9412177	-0.008152333	-0.7434787	0.17590447	-2.3657749	0.013447318	7	-0.9595491	1.0737432	4.2090735	Growth	-0.5777071	0.64645886	2.534119
K276R	K276R	276	276				2.3918486	1.153424	0.07422689	0.3764523	-0.8644455	0.67123663	2.6710851	7	0.92483264	1.2612075	4.9439335	Growth	0.5568057	0.7593238	2.9765491
K276T	K276T	276	276				2.4107103	1.2021841	1.0319614	0.74101126	0.67782784	0.07837603	-0.14089145	7	0.8573113	0.8377925	3.2841468	Growth	0.5161537	0.50440216	1.9772565
A295C	A295C	295	295				0.2991197	2.6468997	0.5843875	2.7063065	3.0223262	-2.3245816	-2.1553092	7	0.68273556	2.2613328	8.864425	Growth	0.41104844	1.3614602	5.336924
A295M	A295M	295	295				2.4048407	0.042306893	-2.0920527	0.31379896	3.0704231	0.6717356	0.3480243	7	0.67986816	1.6844636	6.6030974	Growth	0.40932208	1.0141498	3.9754672
E303C	E303C	303	303				2.369818	-1.9119087	-2.0705714	2.6839068	-0.61436164	0.44539398	0.6590144	7	0.22304165	1.8896179	7.4073024	Growth	0.13428468	1.1376652	4.4596477
E303P	E303P	303	303				-1.8737844	-1.9666548	0.21977977	-2.04707	-0.070169404	-2.1109765	-0.22536428	7	-1.1534628	1.0658485	4.178126	Growth	-0.6944549	0.64170575	2.5154865
E303V	E303V	303	303				-1.8436961	0.07279853	-0.5220934	-1.0647386	-2.5295696	-2.3423812	-2.1722367	7	-1.4859883	0.99647075	3.9061654	Growth	-0.8946555	0.5999361	2.3517497
Y322P	Y322P	322	322				-0.31031287	0.4506464	-2.122011	0.5194747	-2.5720778	-0.58122474	-1.4975488	7	-0.87329346	1.2199541	4.7822204	Growth	-0.5257759	0.73448676	2.879188
Y322V	Y322V	322	322				2.3839717	0.5700925	0.49877197	-0.3241937	3.0736842	0.19622275	0.15373772	7	0.936041	1.2740136	4.9941335	Growth	0.56355375	0.7670339	3.0067728
K323A	K323A	323	323				2.3756144	2.6324432	0.05989812	-1.9988081	3.008225	0.63209665	-2.1609275	7	0.6497917	2.1500034	8.428014	Growth	0.39121422	1.2944331	5.0741777
K323N	K323N	323	323				-1.7983342	-1.7401403	-2.0232449	-1.9519073	2.6554885	2.8470871	2.6238835	7	0.0875475	2.4547298	9.622541	Growth	0.052708935	1.477897	5.7933564
M328G	M328G	328	328				0.4831352	0.9685757	2.7387764	0.46103957	-0.33421576	0.46644968	2.6825526	7	1.0666162	1.1864995	4.651078	Growth	0.642168	0.71434504	2.8002326
M328H	M328H	328	328				0.6965451	0.23216529	0.2582997	0.5262823	3.0972562	0.106211245	2.2271307	7	1.0205557	1.1659343	4.5704627	Growth	0.6144368	0.70196354	2.751697
D329Q	D329Q	329	329				0.12262232	-0.02018946	0.028804373	0.09393756	-0.085478105	0.15346166	0.08870203	7	0.054551482	0.08464809	0.33182052	Growth	0.032843318	0.05096331	0.19977617
Y333C	Y333C	333	333				-1.8310187	-0.46338093	2.6907334	2.477676	2.9807386	2.866043	2.6297808	7	1.6215104	1.9388982	7.600481	Growth	0.97624815	1.1673349	4.575953
Y333Q	Y333Q	333	333				2.3752308	2.6342554	2.710476	2.6945	-0.3816013	2.8976793	-0.3709554	7	1.7942264	1.4906971	5.843533	Growth	1.0802337	0.89749056	3.518163
Y333S	Y333S	333	333				-0.08527509	2.6282828	2.698785	1.040013	0.34775683	-2.0492554	2.6344025	7	1.0306728	1.7844076	6.994878	Growth	0.62052786	1.0743222	4.2113433
L336I	L336I	336	336				0.4819772	0.014408117	-0.31967926	1.8404658	0.44113693	-0.15410703	0.644643	7	0.42126352	0.7203811	2.8238938	Growth	0.25362632	0.43371335	1.7001563
L336Y	L336Y	336	336				-0.33451042	-1.9428236	0.27144575	-0.14395581	0.9522465	-0.45959964	0.6718975	7	-0.14075711	0.9497044	3.7228413	Growth	-0.084744364	0.57177997	2.2413776
V337G	V337G	337	337				0.31183237	-0.15350944	0.45148683	0.14736629	0.38295034	-0.15952432	-2.1659331	7	-0.16933301	0.9136932	3.5816774	Growth	-0.1019488	0.550099	2.1563883
V337N	V337N	337	337				0.5231919	-1.9623302	0.8017042	-0.047730837	-2.0435765	0.056150302	0.29969114	7	-0.3389857	1.1714855	4.5922236	Growth	-0.20409007	0.70530576	2.7647986
M340L	M340L	340	340				0.51619846	1.3634	-2.0608685	2.7234945	-2.4964159	1.3108016	2.6771846	7	0.5762564	2.1048765	8.251116	Growth	0.34694147	1.267264	4.967675
M340Q	M340Q	340	340				2.3935204	0.73026234	0.6671222	-0.25948274	-2.5219903	0.61643624	-2.1657877	7	-0.07713139	1.7399247	6.8205047	Growth	-0.0464378	1.0475408	4.10636
M340V	M340V	340	340				0.018940635	0.41534412	0.08255952	0.3686297	0.11487641	0.32005513	0.21229643	7	0.21895742	0.15312228	0.60023934	Growth	0.13182572	0.09218895	0.36138067
M345D	M345D	345	345				-0.75945073	-1.9479362	-0.76407796	-1.8388809	-2.528474	-0.24611443	-2.189631	7	-1.467795	0.866391	3.3962529	Growth	-0.8837021	0.5216202	2.0447512
M345L	M345L	345	345				1.3455988	-1.9430847	0.6250372	-1.4872292	-2.5470486	0.14712025	-0.23524678	7	-0.58497906	1.4351408	5.6257524	Growth	-0.35219306	0.8640423	3.3870459
M345Q	M345Q	345	345				0.3398974	1.1484821	0.17893514	2.702514	3.040184	2.909132	2.6607504	7	1.8542707	1.2574619	4.9292507	Growth	1.116384	0.75706875	2.9677095
H358K	H358K	358	358				1.8231568	2.6385636	0.9409963	2.6963127	0.35561085	0.5990423	2.6471598	7	1.6715487	1.0308354	4.040875	Growth	1.0063742	0.62062573	2.432853
H358W	H358W	358	358				0.72809994	1.183155	0.636349	0.248644	0.22381043	0.9350616	0.33607683	7	0.61302805	0.3659471	1.4345126	Growth	0.36908028	0.22032246	0.86366403
K360I	K360I	360	360				2.413308	2.6771078	1.8995711	2.7389388	0.8383889	0.24032126	2.69729	7	1.9292753	1.0068452	3.9468334	Growth	1.1615413	0.6061822	2.3762343
K360W	K360W	360	360				-0.08724645	-1.9030457	-0.31635743	2.6810315	-2.488709	-2.3111863	2.3349824	7	-0.29864725	2.132302	8.358624	Growth	-0.17980386	1.2837758	5.032401
Y379C	Y379C	379	379				0.029544935	0.21663226	1.75506	-0.40899923	1.5191817	0.03489524	0.28998533	7	0.49090004	0.81666607	3.2013311	Growth	0.29555175	0.49168277	1.9273965
Y379I	Y379I	379	379				0.12215004	0.9876379	-0.08881826	0.12375943	0.3168304	0.7546813	2.6729167	7	0.69845104	0.9498356	3.7233555	Growth	0.4205101	0.57185894	2.241687
Y379R	Y379R	379	379				0.66345	0.25994942	-0.035127282	0.41332793	0.30190364	0.043769978	0.6141121	7	0.3230551	0.2644039	1.0364634	Growth	0.19449887	0.15918727	0.62401414
K381I	K381I	381	381				-1.8473635	2.644527	0.30941018	-0.36293688	-0.27516165	0.14197367	2.6630592	7	0.467644	1.6477586	6.4592137	Growth	0.2815502	0.9920511	3.8888404
K381Q	K381Q	381	381				-1.8190242	-0.2524212	1.2601143	0.30528834	3.0122633	-0.19799612	-2.1456814	7	0.02322047	1.768557	6.9327435	Growth	0.013980139	1.0647792	4.1739345
K381S	K381S	381	381				0.92061424	0.21271294	0.57038903	0.2603465	-0.22879106	-2.3534188	1.8078048	7	0.1699511	1.287297	5.0462046	Growth	0.102320924	0.77503127	3.0381227
Q406D	Q406D	406	406				-1.7939478	0.021712469	0.10643307	2.7434874	1.1882876	0.40934262	1.6614379	7	0.6195362	1.4381678	5.637618	Growth	0.3729986	0.8658647	3.3941896
Q406H	Q406H	406	406				0.47392207	0.41389707	-2.105964	-0.6772054	0.027798766	0.5925062	0.77253354	7	-0.07178741	1.0167084	3.985497	Growth	-0.043220397	0.61212045	2.3995123
G411H	G411H	411	411				-1.8402181	2.664708	-0.8833444	0.04173896	0.54377294	-2.3501003	0.24217805	7	-0.22589497	1.6727831	6.55731	Growth	-0.13600254	1.0071174	3.9479003
N412G	N412G	412	412				-1.8202038	-1.8954349	2.6916516	-1.0510612	-2.4775953	-0.15356357	-0.20090848	7	-0.70101655	1.7329161	6.793031	Growth	-0.4220547	1.0433211	4.089819
N412W	N412W	412	412				-1.8150179	-1.8925112	0.06276232	0.33487633	-2.4777775	0.6429692	-0.008545755	7	-0.73617786	1.2748287	4.9973283	Growth	-0.44322395	0.7675246	3.0086966
N415K	N415K	415	415				-1.7499167	-1.8066423	-1.9547182	2.6503894	2.8616006	2.783706	2.5847428	7	0.7670231	2.4383073	9.558165	Growth	0.46179467	1.4680097	5.754598
N415V	N415V	415	415				0.18014336	-1.9353645	0.21809222	0.43485835	0.17894794	0.38514522	0.47773534	7	-0.008634592	0.8585668	3.365582	Growth	-0.0051985513	0.5169096	2.0262856
N415Y	N415Y	415	415				0.5160112	2.6527996	-2.0634568	-1.9873254	-2.4975994	0.46892977	-2.1502335	7	-0.72298205	1.9550537	7.6638107	Growth	-0.43527928	1.1770616	4.6140814
C417H	C417H	417	417				-0.13325988	-0.087202	-0.20976561	-2.0208614	0.0070663607	-2.3815796	-2.2012553	7	-1.0038369	1.1267153	4.416724	Growth	-0.604371	0.6783513	2.659137
C417I	C417I	417	417				0.0186053	0.12801918	-2.1150274	-2.032727	0.5775288	-2.3741663	-2.1167383	7	-1.1306437	1.2989968	5.0920677	Growth	-0.68071645	0.7820753	3.065735
C417R	C417R	417	417				-1.8517764	-1.9453108	-2.1092784	-2.0275679	-2.5591958	-0.40648255	-2.187344	7	-1.8695651	0.68382084	2.6805778	Growth	-1.1255922	0.41170183	1.6138712
C417V	C417V	417	417				0.42378643	-1.9451178	0.25537685	-2.0264828	0.97826076	1.0330516	0.37244114	7	-0.129812	1.3025534	5.1060095	Growth	-0.07815474	0.7842166	3.074129
I425Q	I425Q	425	425				2.3909895	-0.73896444	-2.0619729	2.7071264	2.7075794	2.8982165	2.660451	7	1.5090607	2.029407	7.9552755	Growth	0.90854657	1.2218268	4.7895613
I425T	I425T	425	425				0.25855708	-1.9311447	0.3324432	0.25815803	0.096779935	0.13148884	-1.7629633	7	-0.37381154	1.0107658	3.962202	Growth	-0.22505735	0.6085426	2.385487
G432D	G432D	432	432				-1.7418045	-1.785781	2.5974104	-1.8683639	2.7746017	-0.09482822	-2.0388064	7	-0.30822453	2.1470656	8.416497	Growth	-0.18556996	1.2926644	5.0672445
G432Q	G432Q	432	432				-1.8583229	-1.9470788	-2.1096406	2.699175	-2.553499	-0.3182826	-2.1882138	7	-1.1822661	1.8532078	7.264575	Growth	-0.7117963	1.1157441	4.373717
G432W	G432W	432	432				-1.8615457	-1.9495535	-1.0215477	-2.030191	-2.3239255	0.3241372	0.377288	7	-1.2121913	1.1397028	4.467635	Growth	-0.7298131	0.6861706	2.6897888
I433L	I433L	433	433				-0.72490525	-1.9181421	2.717208	-2.0002987	0.57700914	-1.3923578	2.5146492	7	-0.032405376	2.0073564	7.8688374	Growth	-0.019510012	1.2085509	4.7375197
I433Y	I433Y	433	433				0.85563487	0.2526975	-0.35560095	0.056196436	0.042385772	1.9948227	-1.6564977	7	0.16994837	1.1141887	4.3676195	Growth	0.10231928	0.6708095	2.6295733
K443H	K443H	443	443				0.16975129	0.36446294	2.684926	2.6705666	-0.5042888	-2.3183692	0.8282586	7	0.5564725	1.763043	6.911129	Growth	0.33503038	1.0614594	4.160921
K443N	K443N	443	443				2.3783402	2.6309187	-0.55741984	-1.9673191	1.176459	-0.34545162	0.086397864	7	0.48598933	1.6641742	6.523563	Growth	0.2925952	1.0019343	3.9275825
S444G	S444G	444	444				0.612661	0.55233747	-0.22188213	2.7283237	-0.14803278	2.9460266	2.6897867	7	1.3084601	1.4215529	5.5724874	Growth	0.7877728	0.85586154	3.3549774
S444Q	S444Q	444	444				1.3012751	1.1159984	0.068337314	0.0721672	0.1858118	0.3533549	0.58602667	7	0.5261388	0.5022792	1.9689345	Growth	0.31676763	0.3024027	1.1854186
S446M	S446M	446	446				2.3689563	2.6206107	-2.0430827	2.6777663	-2.4660645	2.8573673	0.56287	7	0.9397748	2.3167787	9.081773	Growth	0.56580174	1.394842	5.467781
K453A	K453A	453	453				2.3884547	-1.8861369	-0.8178829	-1.9695679	2.9942698	0.90985453	-0.06809104	7	0.22155719	1.9691314	7.718995	Growth	0.13339093	1.1855371	4.6473055
K453Q	K453Q	453	453				2.3925335	-0.12947555	2.7370949	0.66182625	0.4239725	-0.28359753	0.124197096	7	0.8466502	1.2198752	4.781911	Growth	0.50973505	0.73443925	2.8790019
K453V	K453V	453	453				2.3830762	2.6440306	-2.1012368	0.9747653	0.6614965	-0.30790833	-0.12113309	7	0.5904414	1.6402247	6.429681	Growth	0.3554817	0.9875153	3.87106
K456A	K456A	456	456				0.207094	-0.013492967	2.1598969	0.9920956	3.0699685	2.9282913	0.7019782	7	1.4351188	1.2759236	5.001621	Growth	0.864029	0.7681838	3.0112808
K456T	K456T	456	456				1.9937465	0.37843537	0.562352	2.6769416	-0.22265384	-0.6434901	0.26242396	7	0.71539366	1.1937685	4.6795726	Growth	0.4307106	0.71872145	2.817388
K467C	K467C	467	467				-1.8541231	0.7776774	0.52079594	-0.20221376	3.035563	0.873817	2.6559103	7	0.82963234	1.6617612	6.514104	Growth	0.49948925	1.0004815	3.9218874
K467H	K467H	467	467				0.44471362	0.9595671	-2.1054542	-0.541878	3.0768924	-0.073613554	0.81033224	7	0.3672228	1.5827436	6.2043552	Growth	0.22109051	0.95290816	3.7354
K467P	K467P	467	467				0.69643706	-1.9449633	-0.059081823	-2.0266447	0.6441502	-2.365689	0.39150512	7	-0.66632664	1.3805457	5.4117393	Growth	-0.40116927	0.8311727	3.258197
K471F	K471F	471	471				2.3590865	0.62582445	2.6795633	2.6663792	-2.4631577	-0.35787302	0.27053827	7	0.8257659	1.9035829	7.462045	Growth	0.49716142	1.146073	4.492606
