id	id_ref	Pos	Pos_ref	fold_1	fold_2	fold_3	fold_4	fold_5	fold_6	fold_7	fold_8	fold_9	fold_10	n	mean	std	ci95	trait_name	mean_kcal/mol	std_kcal/mol	ci95_kcal/mol
WT	WT			-0.056482375	-0.03645341	0.08573692	0.09934627	0.11407398	0.07767829	0.03430722	0.021709526	0.0029807226	0.05829549	10	0.04011926	0.057490468	0.22536264	Growth	0.02415424	0.034612767	0.13568205
K27F	K27F	27	27	0.9827434	0.95296216	0.7987174	0.26883903	0.01410807				0.8906364	0.9195838	7	0.6896558	0.3859699	1.513002	Growth	0.41521484	0.23237742	0.91091955
K27G	K27G	27	27	-2.5362291	0.031536415	-0.4099047				4.8431797	0.68654996	-0.5775251	-0.24444821	7	0.25616556	2.2532628	8.83279	Growth	0.15422729	1.3566016	5.3178782
K27M	K27M	27	27	3.077339	2.8351624	1.5346938	1.1598109	1.7011886				4.999147	3.9864242	7	2.7562523	1.4028075	5.4990053	Growth	1.6594319	0.84457564	3.3107367
K27N	K27N	27	27	1.3766329	0.24570282	0.7951024	0.7948864	-0.6374156				1.387719	1.5334319	7	0.7851514	0.7732784	3.0312514	Growth	0.47270903	0.46556076	1.8249983
K27P	K27P	27	27	5.501574	2.0477066	1.116212	0.52436805	0.8814865				1.6666813	1.3324102	7	1.8672055	1.6786044	6.580129	Growth	1.1241716	1.0106221	3.961639
K27V	K27V	27	27	0.1568214	0.5213681				0.36198106	0.9077688	-0.27011427	1.0781919	1.6404152	7	0.6280617	0.6346499	2.4878275	Growth	0.37813145	0.38209793	1.497824
K33E	K33E	33	33	1.3083653				0.22428042	0.8609822	0.8782853	0.84555906	1.724964	0.9991851	7	0.9773745	0.46130478	1.8083148	Growth	0.58843905	0.2777336	1.0887157
K33F	K33F	33	33	1.0157446	1.0260328				-0.10381426	1.1737001	0.86450016	0.9362836	0.92967194	7	0.8345884	0.4253121	1.6672235	Growth	0.5024731	0.25606382	1.0037702
K33G	K33G	33	33	-2.4086356	0.54087645	-2.2360017	0.56231457	-2.610774	1.002675	-2.4689424				7	-1.0883554	1.6850088	6.6052346	Growth	-0.65525633	1.014478	3.9767537
K33H	K33H	33	33	1.0366426	2.4408886	0.95202255	-0.07836168	0.6995027	-0.5721924	1.8517133				7	0.9043165	1.0381141	4.0694075	Growth	0.5444537	0.625008	2.4500313
K33I	K33I	33	33	1.1215543	1.3337284				0.5284072	0.3883552	1.2092701	0.41495615	1.069915	7	0.866598	0.40600598	1.5915434	Growth	0.52174485	0.24444036	0.95820624
K33L	K33L	33	33	1.2303747	1.4290874	-2.3686152	-1.0312396	-0.5629349				0.6891757	2.9096804	7	0.32793263	1.7670703	6.9269156	Growth	0.19743544	1.063884	4.1704254
K33M	K33M	33	33	1.9385678	-0.76251894	0.64324665	3.21032	3.1410735	0.4438608	-2.42639				7	0.88402283	2.063155	8.087567	Growth	0.5322356	1.2421451	4.869209
K33P	K33P	33	33	-0.6423275	4.9118495	-1.9329065	-0.04068299	-2.4050987				4.6324043	4.8876543	7	1.3444132	3.3355994	13.07555	Growth	0.8094187	2.0082343	7.8722787
K33Q	K33Q	33	33	0.73288924				0.3908789	0.33950195	0.8636559	0.90608394	1.1402802	0.16236606	7	0.6479508	0.3558519	1.3949394	Growth	0.3901059	0.21424453	0.83983856
K33S	K33S	33	33	1.0495223	1.4607352				0.38643768	1.0175515	3.1045883	0.52962565	1.0490022	7	1.2282091	0.90183944	3.5352106	Growth	0.7394568	0.5429623	2.1284122
K33T	K33T	33	33	0.6456291				0.4422776	0.24773313	1.4802191	1.5078101	0.87333393	0.83912814	7	0.8623044	0.48308444	1.8936911	Growth	0.5191598	0.2908463	1.1401175
K33V	K33V	33	33	2.5133905	0.97905445	4.6702056	0.5381357				1.0788332	2.5203238	0.49686295	7	1.8281153	1.5135411	5.933081	Growth	1.100637	0.91124403	3.5720768
K33W	K33W	33	33	1.6212611	5.4135027				0.12507533	4.8272023	-2.7449489	2.1850204	0.70512056	7	1.7331761	2.7997315	10.974948	Growth	1.0434777	1.6856091	6.607588
K43A	K43A	43	43	0.90084165	0.8295517	4.676278	3.196665	1.3371848	0.28617254	1.2644352				7	1.784447	1.5686997	6.149303	Growth	1.0743458	0.9444529	3.7022555
K43C	K43C	43	43	1.2543334	0.81699693				0.010725759	1.1518656	0.92710114	1.9589096	1.5595701	7	1.0970718	0.61534303	2.4121447	Growth	0.6605041	0.37047404	1.4522582
K43D	K43D	43	43	0.64124256				-2.4812424	-2.3604856	0.91807365	0.9148498	-2.5327258	0.81836146	7	-0.5831324	1.7570605	6.887677	Growth	-0.35108125	1.0578575	4.1468015
K43E	K43E	43	43	-1.8984869	4.6724534	4.200741	3.1177073	-2.4130278	2.9741793				-1.5955594	7	1.294001	3.1170387	12.218792	Growth	0.7790675	1.8766474	7.3564577
K43F	K43F	43	43	1.6235329	1.5219012	4.747313	-2.6386344	-0.3173762	3.12124				-2.1093106	7	0.84980947	2.698402	10.577736	Growth	0.5116371	1.6246024	6.3684416
K43G	K43G	43	43	1.0725578	1.8570725	2.3775887	-0.33437875	0.5861274	1.214848				1.462107	7	1.1765604	0.87853414	3.4438539	Growth	0.7083611	0.52893114	2.07341
K43I	K43I	43	43	-2.5922835	1.4652932	-2.460448	-1.1646206	-1.0653365	0.0091201905	0.6989802				7	-0.7298993	1.5368524	6.0244613	Growth	-0.4394439	0.92527884	3.627093
K43L	K43L	43	43	1.3145419	1.087736				-0.009839459	2.170082	0.8293914	1.551423	0.99988776	7	1.1347462	0.67101675	2.6303856	Growth	0.6831864	0.403993	1.5836526
K43N	K43N	43	43	1.6814371	0.2047599	1.0155892	0.28381526	-0.14268528	-2.3785925	0.13814172				7	0.114637956	1.264007	4.9549074	Growth	0.06901904	0.7610093	2.9831564
K43Q	K43Q	43	43	1.1201805	2.6446998	1.1332787				1.0777286	1.6444082	2.6386926	1.3139457	7	1.6532763	0.7017874	2.7510066	Growth	0.99537313	0.42251882	1.6562738
K43R	K43R	43	43	1.8196157	1.3573267	2.273753				1.2186466	2.218954	1.9214352	3.137587	7	1.9924742	0.64276	2.5196192	Growth	1.1995909	0.3869807	1.5169644
K43T	K43T	43	43	-2.6427639	0.38088372	2.2299998	-0.073668376	-2.5167935	-0.034527954	-2.6795318				7	-0.7623431	1.8953787	7.429885	Growth	-0.45897704	1.1411335	4.4732437
K43V	K43V	43	43	0.241859				0.1919653	-0.2899043	1.0092299	-2.8416672	0.13639924	0.5970295	7	-0.13644122	1.2594802	4.9371624	Growth	-0.08214593	0.7582839	2.972473
K43W	K43W	43	43	1.8592486	2.7296333	4.6692615	0.7383786	0.9948803	0.814668				1.5227351	7	1.9041151	1.4052	5.508384	Growth	1.1463934	0.8460161	3.3163831
K43Y	K43Y	43	43	1.1817365	0.7304715	0.9554818	1.0244002	1.2801982	0.18721013				0.99383914	7	0.9076196	0.36232775	1.4203248	Growth	0.54644233	0.2181434	0.85512215
I45A	I45A	45	45	1.2303036	0.8561278	1.1350758	-0.1524369	-0.36900082	-0.10926139				0.6265884	7	0.45962808	0.6608256	2.5904365	Growth	0.27672413	0.3978573	1.5596007
I45C	I45C	45	45	1.5818594	1.1849066	1.9259593	0.831878	0.20613828	0.35267386	1.4691285				7	1.0789349	0.64344525	2.5223055	Growth	0.6495846	0.38739327	1.5185816
I45D	I45D	45	45	0.45726216	0.85441214	0.8330125	-0.1219589	0.085040815	-0.11618761				0.72019356	7	0.3873964	0.43527216	1.7062669	Growth	0.23323625	0.26206037	1.0272766
I45E	I45E	45	45	0.6308385	0.10828092	-0.48267272	-0.50219953	0.92572576	-2.3979144	-0.106015936				7	-0.26056534	1.0830358	4.2455006	Growth	-0.15687622	0.6520536	2.55605
I45H	I45H	45	45	1.3668947	0.4510701	0.7022726	-0.17780887				0.6231076	0.8601457	0.41264018	7	0.60547453	0.47061265	1.8448017	Growth	0.3645326	0.2833375	1.1106831
I45K	I45K	45	45	1.2050774	5.19948	2.4510357	-2.6102376				0.9385561	-0.1292823	1.1282374	7	1.168981	2.3774154	9.3194685	Growth	0.7037978	1.431349	5.6108885
I45M	I45M	45	45	0.3313135	1.2949927	1.612221	0.07012313	0.9481473				0.70877033	0.7556177	7	0.81731224	0.53029084	2.0787401	Growth	0.4920718	0.31926742	1.2515283
I45P	I45P	45	45	1.1391977				-0.10394508	-0.04259678	0.94662344	0.9238327	-0.06610555	-2.0607448	7	0.105180226	1.0979946	4.3041387	Growth	0.063324906	0.6610597	2.591354
I45R	I45R	45	45	1.123638	0.97672546				-0.87425727	-0.93184584	1.1250323	1.4984552	-2.1146193	7	0.114732675	1.3987943	5.4832735	Growth	0.06907607	0.84215945	3.301265
I45S	I45S	45	45	0.6847763	0.9935579	0.91524196	0.7312391	-0.20327896				0.2245482	1.0770736	7	0.6318797	0.46285024	1.814373	Growth	0.3804301	0.27866408	1.0923632
I45T	I45T	45	45	1.9514503	0.13342562	0.8957697	-2.6341069	1.1244191	3.1202228	-2.4630744				7	0.30401516	2.1597357	8.466164	Growth	0.18303566	1.3002926	5.097147
I45W	I45W	45	45	-2.4776516	-0.06628302	0.66758126	0.09781845				0.5979696	-2.4556599	1.459335	7	-0.31098434	1.5512843	6.0810347	Growth	-0.18723154	0.93396777	3.6611538
T91A	T91A	91	91	1.830979	1.3887256				0.4091308	0.5837861	0.8489483	0.7954761	0.99776405	7	0.97925854	0.4874482	1.9107969	Growth	0.5895733	0.29347354	1.1504163
T91D	T91D	91	91	0.038521633	1.2454419	1.4437735	-0.0387086				-0.12354172	1.6446928	0.86322236	7	0.7247716	0.75575143	2.9625456	Growth	0.4363567	0.45500845	1.7836331
T91E	T91E	91	91	-2.462822	1.0887077				0.8910875	0.65836555	5.7114167	5.0118537	0.7518858	7	1.6643564	2.8104558	11.016987	Growth	1.002044	1.6920657	6.632898
T91F	T91F	91	91	5.419707	0.7564934	1.3863641	0.7674917	-1.1246623	1.1191834				5.4273496	7	1.9645609	2.4971187	9.788706	Growth	1.1827854	1.5034177	5.893398
T91G	T91G	91	91	2.0059195	-2.3199306	-2.2427504				2.6450045	1.6716925	-2.4045744	1.149154	7	0.072073594	2.2837286	8.952216	Growth	0.0433927	1.3749439	5.38978
T91H	T91H	91	91	5.1038966	5.127936	-2.0495977				4.6304846	1.8004572	-2.2382975	0.9070264	7	1.897415	3.2109385	12.586879	Growth	1.1423595	1.9331807	7.5780683
T91I	T91I	91	91	1.3582854	1.9479713	1.3439136	-0.1615085	-0.30320767	0.2226145				1.0380286	7	0.7780139	0.8615467	3.377263	Growth	0.4684118	0.51870364	2.0333183
T91L	T91L	91	91	1.7547098	1.4786136	1.3314799	1.3566391	0.1178138				0.54263824	1.5068122	7	1.1555296	0.5931123	2.3250003	Growth	0.6956993	0.35708976	1.3997918
T91P	T91P	91	91	0.89870316	5.1695766	-2.2414882				-2.5039728	1.6359771	2.8821454	1.5378801	7	1.0541173	2.7201855	10.663128	Growth	0.6346429	1.6377175	6.4198527
T91Q	T91Q	91	91	2.6283903	1.0111485	4.696225				4.747491	5.814995	0.09451557	-0.61265904	7	2.6257293	2.5318413	9.924818	Growth	1.5808492	1.5243229	5.9753456
T91R	T91R	91	91	2.8828888	-2.324669	0.60744315	0.41522685	0.32502005				-2.4171746	1.2037008	7	0.09891946	1.8967211	7.435147	Growth	0.059555545	1.1419418	4.476412
T91S	T91S	91	91	-0.11692022	0.802484	-0.25123364	-0.39835668				0.50440615	0.76402026	1.9448249	7	0.46417496	0.8156536	3.1973622	Growth	0.27946162	0.49107322	1.9250071
T91W	T91W	91	91	0.033597715				1.0435649	1.009267	2.665161	1.0755742	4.966185	1.9261323	7	1.8170689	1.6139766	6.3267884	Growth	1.0939863	0.97171235	3.8091125
T91Y	T91Y	91	91	1.8407607	0.5930389	1.2818148				0.72499657	1.4549679	1.4872367	1.2742445	7	1.236723	0.43872613	1.7198064	Growth	0.7445826	0.2641399	1.0354284
V98C	V98C	98	98	0.79008985	0.8591261	1.1176158	1.2750862	0.8253145	0.91948736	1.4770604				7	1.0376829	0.26078647	1.022283	Growth	0.62474835	0.15700936	0.6154767
V98D	V98D	98	98	5.3528976	1.0501522	2.6748848	3.1503434				5.5646443	0.7143286	2.6617224	7	3.0241392	1.887608	7.3994236	Growth	1.8207161	1.1364552	4.4549046
V98E	V98E	98	98	1.6189394	5.2254224	2.049781				-0.6447882	0.02228487	4.9715834	5.2599044	7	2.643304	2.5171976	9.867414	Growth	1.5914302	1.5155064	5.940785
V98F	V98F	98	98	1.249152	0.98030496				0.24291569	1.9954153	2.1170616	0.7900138	0.98148274	7	1.1937637	0.6653252	2.608075	Growth	0.7187185	0.40056634	1.5702201
V98K	V98K	98	98	1.6756017	1.3490739				0.65920806	0.9784089	0.7386509	0.60668105	1.0375974	7	1.0064603	0.3913694	1.5341681	Growth	0.6059505	0.23562825	0.9236627
V98L	V98L	98	98	1.241536	2.623959	-2.3942404	0.8686531	0.5019079	0.62615067	1.162168				7	0.6614478	1.5190753	5.9547753	Growth	0.39823192	0.91457593	3.5851378
V98M	V98M	98	98	5.3369603	1.4542474	1.0961194				1.074476	1.4164245	1.9834033	1.419183	7	1.9686877	1.5153693	5.9402475	Growth	1.18527	0.9123447	3.5763912
V98P	V98P	98	98	1.284354	0.61818254				-0.1756548	0.8776841	1.6926732	1.7085971	1.353338	7	1.0513105	0.6723208	2.6354976	Growth	0.63295305	0.4047781	1.5867301
V98S	V98S	98	98	1.5330615				0.034207474	-0.055418514	-0.4492674	-2.7649045	4.967405	1.744552	7	0.7156622	2.3921547	9.377247	Growth	0.43087226	1.440223	5.645674
V98T	V98T	98	98	0.5714967	0.7136925				0.7540981	-0.35410252	1.4770449	1.5204661	1.0305274	7	0.8161748	0.6354126	2.4908173	Growth	0.491387	0.38255712	1.499624
V98Y	V98Y	98	98	1.5204144	5.3864636	4.673723	0.12939605	-0.30331865	-0.3472238				1.0188141	7	1.725467	2.3662903	9.275858	Growth	1.0388364	1.424651	5.584632
K99A	K99A	99	99	1.4615736				0.66051376	0.6794092	1.5129038	1.5572076	1.4830837	1.5415581	7	1.2708929	0.41182616	1.6143585	Growth	0.765155	0.24794446	0.9719423
K99C	K99C	99	99	1.877231	5.3160367	2.701117	2.7172122	3.0927055	3.108936	1.9854872				7	2.9712465	1.1429383	4.480318	Growth	1.7888715	0.6881185	2.6974247
K99D	K99D	99	99	1.0042616	0.9826386	1.9327892	0.8765904	0.07087726				1.1716015	0.81830806	7	0.9795809	0.5490074	2.1521091	Growth	0.5897674	0.33053595	1.2957009
K99E	K99E	99	99	2.347872	2.8823361	4.6082563				1.5865437	5.668529	4.9689474	5.2707424	7	3.9047468	1.6045544	6.2898536	Growth	2.3508956	0.9660396	3.7868752
K99F	K99F	99	99	1.1765914	2.8355184	0.8861221				4.8176746	1.6311334	1.0127316	2.674144	7	2.1477022	1.4123636	5.5364656	Growth	1.2930477	0.85032904	3.3332899
K99G	K99G	99	99	1.7103939	1.2987516	2.4510121				2.747563	1.7801816	4.960068	1.0157444	7	2.2805305	1.327032	5.2019653	Growth	1.3730184	0.7989542	3.1319005
K99H	K99H	99	99	0.7516152	2.0306354	0.261344	3.0856667	2.4708812	0.00541941	4.6131425				7	1.8883864	1.6684519	6.5403314	Growth	1.1369238	1.0045098	3.9376786
K99I	K99I	99	99	5.4655614	2.0410511	1.0895798	1.3456409	0.44638056	0.4689116				0.7848168	7	1.6631346	1.7658397	6.922092	Growth	1.0013084	1.0631431	4.167521
K99L	K99L	99	99	2.0212529				0.5910137	0.5541974	4.7909317	2.9917562	0.8633396	1.2770232	7	1.8699306	1.5569835	6.1033754	Growth	1.1258123	0.93739897	3.674604
K99N	K99N	99	99	0.9589102				0.951721	-0.050097466	2.5460887	0.6112221	4.910669	1.1286443	7	1.5795938	1.6636626	6.5215573	Growth	0.9510118	1.0016263	3.926375
K99P	K99P	99	99	0.535901	0.76693773	4.6815014	3.206103	0.7406268				1.6871148	0.77301264	7	1.770171	1.5879142	6.2246237	Growth	1.065751	0.9560212	3.7476032
K99R	K99R	99	99	1.0776149				2.984234	-2.405927	0.6733346	1.0738276	-0.29832616	1.3704504	7	0.6393155	1.661723	6.513954	Growth	0.38490692	1.0004586	3.9217978
K99S	K99S	99	99	1.6486773				-2.4320178	0.29724082	-2.3955414	5.6002507	4.8692355	5.201376	7	1.8270315	3.493329	13.6938505	Growth	1.0999844	2.103197	8.244533
K99V	K99V	99	99	5.392348	1.7051113	1.0364009	-0.12202926	3.1238623	-0.6201149				2.1303914	7	1.806567	2.0375504	7.987198	Growth	1.0876634	1.2267296	4.80878
K99W	K99W	99	99	2.3672814	5.2827835	1.4751502	0.45183358	3.0954309	3.1741853	1.0214502				7	2.4097307	1.6301807	6.3903084	Growth	1.4508048	0.9814682	3.8473554
F104A	F104A	104	104	5.594504	3.6735587	1.708021	3.182193				2.0710132	2.7200527	5.4108233	7	3.4800239	1.5290537	5.993891	Growth	2.0951865	0.92058355	3.6086876
F104C	F104C	104	104	1.5211859	1.2859458				1.8387007	2.287196	2.7222412	1.0574303	1.6771041	7	1.769972	0.5761332	2.2584422	Growth	1.065631	0.34686732	1.35972
F104E	F104E	104	104	-2.7073276				-2.525628	-0.5927872	-0.86215854	-0.49123698	-0.39652106	0.16310519	7	-1.0589364	1.1089678	4.3471537	Growth	-0.6375443	0.6676662	2.6172516
F104H	F104H	104	104	-0.76972055	1.1303991	0.68702763	-0.7426725				-2.6547205	0.61980426	0.743481	7	-0.14091451	1.3378656	5.2444334	Growth	-0.08483913	0.80547667	3.1574686
F104I	F104I	104	104	1.2332697	1.6254141	1.6261301	-0.14942645	0.13349275	3.1334352				1.5921066	7	1.3134888	1.0896347	4.271368	Growth	0.7908004	0.6560265	2.5716238
F104K	F104K	104	104	0.8799237	-2.3612595	-2.3403554	0.12944557				1.1000438	-2.5567188	0.23186466	7	-0.70243657	1.64269	6.439345	Growth	-0.42290965	0.9889995	3.876878
F104L	F104L	104	104	1.1602218	1.5737857				1.4982243	0.79418063	0.5109166	1.3572167	1.5257008	7	1.2028923	0.40835047	1.6007339	Growth	0.7242145	0.24585187	0.9637394
F104M	F104M	104	104	1.6964246	1.2708664				0.22931564	1.4650495	1.2764238	1.2883333	1.9181378	7	1.3063644	0.5344952	2.095221	Growth	0.786511	0.32179868	1.2614509
F104P	F104P	104	104	0.38576958	0.6394355				-0.17650814	-0.8132427	-0.23648798	-2.6633062	0.5715329	7	-0.32754382	1.1528946	4.519347	Growth	-0.19720136	0.69411284	2.7209225
F104Q	F104Q	104	104	-2.210128	5.0923758	4.4864893				4.643563	0.4261895	-2.2179236	-1.8362405	7	1.1977607	3.4384687	13.478798	Growth	0.72112495	2.0701678	8.115058
F104R	F104R	104	104	-0.0831594	0.5536581	-2.3308773	-0.74718684	-0.28185272	0.1324497	0.44510844				7	-0.33026573	0.9862646	3.8661573	Growth	-0.19884011	0.5937914	2.3276625
F104S	F104S	104	104	5.553009				0.28126478	0.5019653	0.8558275	1.7318118	1.1810302	0.7553615	7	1.5514672	1.8264105	7.159529	Growth	0.93407786	1.0996104	4.310473
F104T	F104T	104	104	2.231609	1.0886502				1.0557934	1.2083235	1.0830553	1.7517763	2.2311277	7	1.5214766	0.54089564	2.120311	Growth	0.9160217	0.32565215	1.2765565
F104V	F104V	104	104	5.532684	5.2685184	1.6997542	0.4157634				0.8921019	0.54429996	3.5130806	7	2.5523148	2.2084525	8.657134	Growth	1.5366491	1.329623	5.212122
F104W	F104W	104	104	-0.38967696	-2.4393382	-0.4453586				0.64197713	0.605969	-0.13579574	-0.08593302	7	-0.32116523	1.0314789	4.0433974	Growth	-0.19336106	0.62101316	2.4343717
V106A	V106A	106	106	1.0556837	0.92971313	0.95598656	0.5306887	3.1377988				0.6808484	1.9926187	7	1.3261912	0.92581135	3.6291807	Growth	0.79844797	0.55739486	2.1849878
V106C	V106C	106	106	0.92805165	1.3097665	4.7715793	3.208371	1.6805488				1.8545601	0.66494924	7	2.0596893	1.4518913	5.691414	Growth	1.2400585	0.8741271	3.4265783
V106D	V106D	106	106	0.31412554	-0.2589027	-2.4562094	-1.1460708	0.057045363				-0.6271061	-2.1790304	7	-0.89944977	1.0796425	4.2321987	Growth	-0.5415236	0.65001065	2.5480418
V106E	V106E	106	106	-2.1073358	-2.048574	-1.9910825	-2.5738626				-0.8414816	0.51958513	0.44985595	7	-1.2275565	1.2818518	5.024859	Growth	-0.73906386	0.77175295	3.0252717
V106G	V106G	106	106	0.45732808	-2.20203				-0.3415367	4.6840696	-2.5298948	-2.28831	-1.878203	7	-0.585511	2.5781083	10.106185	Growth	-0.35251334	1.5521784	6.0845394
V106I	V106I	106	106	-2.2543142	1.1692508	0.4613474				0.025028108	3.4964616	-2.2797925	5.2340946	7	0.8360108	2.7865329	10.923209	Growth	0.50332946	1.6776627	6.576438
V106K	V106K	106	106	0.7510823	1.3697076	0.12946853	0.1420938				-2.833045	0.6399062	0.90854245	7	0.15825085	1.388221	5.4418263	Growth	0.09527666	0.8357937	3.2763112
V106L	V106L	106	106	-0.25543222	1.0674375	0.77132434	0.29536036				5.7744155	-0.67608654	1.3283354	7	1.1864793	2.1446896	8.407184	Growth	0.7143329	1.2912339	5.061637
V106M	V106M	106	106	0.7896364	0.21863095	0.5353701	-0.22135535	-0.36926267				1.2936362	0.3915457	7	0.3768859	0.5738468	2.2494795	Growth	0.22690828	0.34549078	1.3543239
V106N	V106N	106	106	5.2700505	0.86859435	-2.21751	0.5752573	1.3593012				-2.3282912	-1.9369227	7	0.22721136	2.721369	10.667767	Growth	0.13679509	1.6384301	6.422646
V106P	V106P	106	106	-1.2445309	-0.37451887				-0.9456619	-2.755182	-0.8448625	-0.5013605	-2.3976076	7	-1.2948177	0.9266636	3.6325214	Growth	-0.7795592	0.557908	2.1869993
V106Q	V106Q	106	106	-2.6399417	-2.5263226	-2.4491584	-0.107390516	-1.0812984				0.7706704	0.42152452	7	-1.0874168	1.4733751	5.7756305	Growth	-0.6546912	0.88706166	3.4772818
V106Y	V106Y	106	106	1.0066851	0.26704174	0.9333864	-0.33026212	-2.5623357				0.057839308	0.5438985	7	-0.01196381	1.2198868	4.781956	Growth	-0.007202943	0.7344462	2.8790293
N123D	N123D	123	123	0.71412516	2.0708508	0.7652533	0.44096038				-0.8158989	1.3708698	-2.0070803	7	0.36272576	1.3681382	5.363102	Growth	0.21838303	0.82370263	3.2289145
N123F	N123F	123	123	0.30594563				0.3631335	0.4991119	0.4692917	-0.0055847187	1.0408096	0.66931057	7	0.47743115	0.324172	1.2707542	Growth	0.28744265	0.1951713	0.7650715
N123H	N123H	123	123	-2.4930747	-2.3634677	0.51851577	-0.8608849				0.02681488	4.9625587	-2.0928302	7	-0.32890972	2.6160326	10.254848	Growth	-0.1980237	1.5750111	6.1740437
N123I	N123I	123	123	5.3078227	-1.509444	4.5638247	3.1296237	0.60825086	3.1058269				5.2556734	7	2.9230826	2.5462978	9.981487	Growth	1.759874	1.5330266	6.0094643
N123K	N123K	123	123	0.67052203	0.99491435	1.6955292	3.0449069				-0.3747413	0.25061652	1.0533144	7	1.047866	1.0963789	4.2978053	Growth	0.6308792	0.660087	2.587541
N123L	N123L	123	123	0.78101057	5.2292056	2.016718				1.4785111	-2.5398397	-2.353133	-0.0007961717	7	0.65881073	2.6819618	10.51329	Growth	0.39664423	1.6147045	6.329642
N123P	N123P	123	123	-2.3904757	0.36924717	-2.262732				4.6946054	4.683175	4.9018135	1.4380524	7	1.6333838	3.2239287	12.637801	Growth	0.9833966	1.9410017	7.6087265
N123Q	N123Q	123	123	1.2975687	-2.3397036				3.1816595	1.1097144	0.026573809	0.054294582	0.54950714	7	0.55423063	1.6667199	6.533542	Growth	0.33368063	1.003467	3.9335907
N123R	N123R	123	123	1.5401515	-2.03507	1.0567498	-0.6509924				-2.3100142	-2.0974588	1.269504	7	-0.46101856	1.7278821	6.7732983	Growth	-0.27756128	1.0402904	4.077938
N123W	N123W	123	123	-2.2346547	-1.1623756	-2.1162465	-2.5086806	0.35816932				0.6894896	-1.8913035	7	-1.2665147	1.2954453	5.078146	Growth	-0.76251906	0.7799371	3.0573535
N123Y	N123Y	123	123	-2.4814985	-2.3968158				-2.4571693	0.8354139	0.70771664	-2.4889457	-2.0607448	7	-1.4774348	1.5438505	6.051894	Growth	-0.8895058	0.9294922	3.6436093
H126A	H126A	126	126	1.5674187	1.7323273	2.1654973	0.12751518	1.825438				3.793682	2.0811055	7	1.8989975	1.0782161	4.2266073	Growth	1.1433123	0.6491518	2.544675
H126D	H126D	126	126	-2.2505023	-2.1923628	1.1626098				-2.3807502	2.4675844	4.82911	1.03343	7	0.38130268	2.7793992	10.895245	Growth	0.22956747	1.6733677	6.559602
H126G	H126G	126	126	2.1058686	2.4453676	0.0019243745				1.1482619	5.715949	1.1649686	-2.0205486	7	1.5088273	2.3772862	9.318962	Growth	0.9084061	1.4312712	5.6105833
H126I	H126I	126	126	0.5159752	0.6075041	0.7532299	0.05594392				0.5902867	0.7712225	0.6930446	7	0.569601	0.24433345	0.95778716	Growth	0.34293452	0.14710364	0.57664627
H126L	H126L	126	126	0.6900287				0.4021222	-0.1241121	0.7427492	1.5715045	0.30729604	0.84221345	7	0.63311464	0.5279622	2.0696118	Growth	0.3811736	0.31786543	1.2460325
H126M	H126M	126	126	5.473963	5.2839875	4.697057	3.1064923	3.1685598	3.1608431	1.3771696				7	3.7525814	1.4692198	5.7593417	Growth	2.2592828	0.8845599	3.467475
H126N	H126N	126	126	2.8135428	3.0895143	2.6294627	1.7223662	3.080453	2.877691	4.8294077				7	3.0060627	0.9291871	3.6424136	Growth	1.809833	0.5594273	2.1929553
H126P	H126P	126	126	-1.8355737	3.9112782	2.6844153				-2.3979864	1.1057521	0.89455587	2.1710377	7	0.9333542	2.3188405	9.089855	Growth	0.56193614	1.3960834	5.4726467
H126Q	H126Q	126	126	1.8229648	1.6188205	1.8012596	2.1960793	0.9880442	0.81757563	4.8391843				7	2.0119898	1.3377049	5.2438035	Growth	1.2113405	0.8053799	3.1570895
H126R	H126R	126	126	-2.340194	5.310363	0.38376373	-0.025003217				-2.6069987	4.8953943	-1.9824803	7	0.5192635	3.3323784	13.062923	Growth	0.3126283	2.006295	7.8646765
H126S	H126S	126	126	0.16103649				0.46194267	0.6109125	1.7888278	5.703087	1.1137482	0.8935499	7	1.5333006	1.9113448	7.4924717	Growth	0.92314047	1.1507461	4.510925
H126T	H126T	126	126	-2.4547498	1.7260586	0.5981536	0.55938303	0.7035183				4.9556127	1.2504268	7	1.0483433	2.1832395	8.558299	Growth	0.6311666	1.3144432	5.1526175
H126V	H126V	126	126	2.2225244	-2.180212	-2.178453				2.1204145	5.650416	-2.3530354	1.4343085	7	0.6737089	3.035314	11.898432	Growth	0.40561384	1.8274442	7.1635814
H126W	H126W	126	126	1.2849824	1.9480544	-2.3486605	0.00037777913				0.40343636	-0.20481694	1.2608203	7	0.33488488	1.4125417	5.5371637	Growth	0.20162112	0.8504363	3.3337102
H126Y	H126Y	126	126	2.9347441				-0.6132698	0.2274659	0.17738314	5.357485	1.7317433	3.6309664	7	1.9209311	2.165167	8.487455	Growth	1.1565176	1.3035626	5.109966
W128A	W128A	128	128	2.8645835	5.1024756	2.855552				4.597443	5.4907637	4.7725053	1.4365135	7	3.8742623	1.4972895	5.869375	Growth	2.3325422	0.9014596	3.5337217
W128D	W128D	128	128	1.0101506	0.7947387	0.735485				0.6209814	-2.8886328	0.9314403	0.38205045	7	0.22660197	1.3890568	5.4451027	Growth	0.1364282	0.8362969	3.278284
W128F	W128F	128	128	1.4922619	1.1679983	1.6373574	1.0132726	0.8496958	0.6451279				2.1168182	7	1.2746475	0.50740117	1.9890126	Growth	0.7674155	0.30548644	1.1975069
W128G	W128G	128	128	5.4998283	1.9846877	0.09157722				4.884205	5.626967	2.9823787	5.4539804	7	3.7890892	2.1546	8.446032	Growth	2.2812626	1.2972006	5.0850263
W128H	W128H	128	128	2.2418396	0.65787077				0.82895046	-2.5682592	0.88372684	1.4031547	0.7053194	7	0.59322894	1.5014216	5.885573	Growth	0.35716	0.90394735	3.5434737
W128I	W128I	128	128	5.3817744	2.1839993	4.7364063	3.1649833	0.65802526	0.32540163				2.219458	7	2.6671498	1.9084494	7.481122	Growth	1.6057868	1.1490029	4.5040913
W128K	W128K	128	128	-2.185885	5.114206	0.5076072				4.62883	0.7845912	-2.2077992	-1.8273306	7	0.68774563	3.1127443	12.201958	Growth	0.4140648	1.874062	7.346323
W128L	W128L	128	128	4.2137704	0.9927923	4.593414	3.1217144	3.1694803	1.8574339				5.157792	7	3.3009136	1.4951202	5.8608713	Growth	1.9873513	0.9001535	3.528602
W128M	W128M	128	128	1.3279086	5.4115767	4.6886287	0.2211298				3.0724738	4.9859943	2.0795567	7	3.112467	1.9955482	7.8225493	Growth	1.8738949	1.2014418	4.709652
W128P	W128P	128	128	0.2617697	0.24703914	-2.4900508	-2.6859684	-0.34945732	-0.98778105	-0.08320696				7	-0.86966515	1.2486569	4.894735	Growth	-0.52359146	0.7517676	2.946929
W128V	W128V	128	128	1.7216457	1.2397459	4.7530274	0.26524878	-0.15291587	0.7961652				-2.0936847	7	0.9327475	2.0861971	8.177893	Growth	0.5615709	1.2560179	4.92359
S129A	S129A	129	129	1.4729515	0.5797648				0.91102344	4.4241886	1.2564522	2.2266228	2.542462	7	1.9162093	1.3042717	5.1127453	Growth	1.1536748	0.7852511	3.0781844
S129D	S129D	129	129	5.428334	1.8340434				-0.16017857	0.37925294	0.4480069	1.6544957	0.5153016	7	1.4427509	1.8988113	7.443341	Growth	0.86862403	1.1432002	4.4813447
S129E	S129E	129	129	3.1024063	1.0265224				0.24966958	1.983993	3.3072245	2.2550418	2.0672731	7	1.9988759	1.0805299	4.2356772	Growth	1.2034452	0.6505449	2.550136
S129F	S129F	129	129	-2.6744223	-2.48384	-2.469916	-2.755705	-2.6766016				-2.6974995	-2.2397683	7	-2.5711076	0.18234362	0.714787	Growth	-1.5479636	0.10978197	0.43034536
S129G	S129G	129	129	1.6301184	1.4739976	0.77734584	1.0094918	0.20778024				1.0028304	5.319572	7	1.631591	1.6914176	6.630357	Growth	0.98231727	1.0183365	3.9918792
S129I	S129I	129	129	-2.7524574	-2.6432655	-2.4399216				-0.8180238	-2.9973464	-0.047041304	0.059845332	7	-1.6626015	1.3432193	5.2654195	Growth	-1.0009874	0.8086999	3.1701038
S129L	S129L	129	129	0.13276894				-0.20985729	-0.46351635	0.54735357	-2.7539184	-2.4816718	1.3788348	7	-0.550001	1.5331097	6.00979	Growth	-0.33113414	0.9230255	3.61826
S129M	S129M	129	129	-2.7982001	0.034374774	0.4955302	-0.26564723				-0.082815126	0.6607891	0.026350224	7	-0.27565977	1.1589867	4.5432277	Growth	-0.16596399	0.69778067	2.7353003
S129N	S129N	129	129	-2.6525419	-2.5508788	-2.4449096	-2.478111				1.4103652	-2.7061567	0.28102714	7	-1.5916008	1.6990496	6.6602745	Growth	-0.9582407	1.0229315	4.0098915
S129R	S129R	129	129	-2.6636918	-2.4791303	-2.4967883	-1.0011932	-2.2745965				-0.81262285	0.60888386	7	-1.5884485	1.2261312	4.8064346	Growth	-0.9563429	0.73820573	2.8937664
S129V	S129V	129	129	-2.7428892	0.25765583	-0.24472246				-0.67320657	0.3321731	-0.5532489	-2.3310254	7	-0.8507519	1.2170027	4.770651	Growth	-0.5122045	0.7327099	2.872223
S129W	S129W	129	129	-0.28166828	2.5093935	-2.1033661	1.0763048				-2.460703	0.20625328	5.143375	7	0.584227	2.6495795	10.386352	Growth	0.3517403	1.5952084	6.253217
S129Y	S129Y	129	129	-2.6296384	0.27891016	0.17398673	-1.0230823				-1.1156325	-0.52053523	-2.2887282	7	-1.0178171	1.1233852	4.40367	Growth	-0.61278796	0.67634636	2.6512778
L132A	L132A	132	132	-2.6798067	0.9413261	0.09588387	-0.10914105	0.30835456	-0.49814722	0.39800754				7	-0.22050326	1.1725937	4.5965676	Growth	-0.13275641	0.7059729	2.7674139
L132C	L132C	132	132	-0.25893196	-2.2371278	1.0107621				2.0149186	3.1696014	-2.383737	-1.9756086	7	-0.09430337	2.2257087	8.724778	Growth	-0.05677638	1.3400123	5.252848
L132D	L132D	132	132	4.9857063				-2.4316187	3.0640593	2.8209064	-2.240246	-2.0380645	4.9180155	7	1.2969655	3.4083343	13.36067	Growth	0.7808523	2.052025	8.043939
L132M	L132M	132	132	1.8013595	1.8408481	2.562685	0.7722873				1.8011122	1.8268819	5.5453277	7	2.3072145	1.520246	5.9593644	Growth	1.3890839	0.9152808	3.5879009
L132P	L132P	132	132	-2.4804902	-0.12467743	-2.3596466				-2.5952618	-0.47472006	0.16220193	1.3177999	7	-0.9363991	1.5449948	6.05638	Growth	-0.56376934	0.9301811	3.6463099
L132Q	L132Q	132	132	1.0402411	1.0718361				3.0923305	0.9559564	1.7569363	2.012146	1.4270916	7	1.6223627	0.75883895	2.9746487	Growth	0.9767613	0.4568673	1.7909199
L132S	L132S	132	132	1.2505808	5.099239				-1.6718918	-2.328848	-2.4855273	2.5489562	1.2183061	7	0.5186879	2.830223	11.094475	Growth	0.31228176	1.7039669	6.67955
L132T	L132T	132	132	-2.5832157	0.67645925				-0.015829334	0.46809343	0.7732855	-2.6604118	-0.121484034	7	-0.49472895	1.4903682	5.8422437	Growth	-0.297857	0.89729255	3.517387
L132V	L132V	132	132	-0.05529838	0.6087725				0.5298852	-0.43633598	1.3694848	0.6669678	0.13607371	7	0.40279278	0.58423537	2.2902026	Growth	0.24250582	0.3517453	1.3788416
H141A	H141A	141	141	5.339943				-0.45784014	0.18183911	2.851032	-2.594152	4.62682	0.29839927	7	1.4637201	2.890065	11.329055	Growth	0.8812487	1.7399954	6.8207817
H141C	H141C	141	141	3.0935285	0.8445719	0.91733646				0.73278314	1.3625966	1.0089116	0.8670525	7	1.2609686	0.83244175	3.2631717	Growth	0.75917995	0.5011807	1.9646285
H141D	H141D	141	141	-2.6206572	-0.4460135	-2.471218	-2.6397243	-0.94664353	-0.080636695				-0.13351795	7	-1.3340588	1.197519	4.6942744	Growth	-0.8031847	0.7209794	2.8262393
H141E	H141E	141	141	0.37713543	0.3871339	0.3305435	-0.2786498	-0.300369	-0.27223068	0.18256633				7	0.06087568	0.32932484	1.2909534	Growth	0.03665087	0.19827363	0.77723265
H141G	H141G	141	141	-0.57685703	5.1891847	4.6041775				2.0645812	0.7763882	4.9203734	0.40115494	7	2.482715	2.399584	9.406369	Growth	1.4947457	1.444696	5.663208
H141K	H141K	141	141	1.1033124	0.4660511	1.0428199	2.1695313	0.28886473	0.47994733	1.1147451				7	0.95218176	0.6375396	2.4991553	Growth	0.57327145	0.38383773	1.5046439
H141L	H141L	141	141	0.62243104	2.0211337				-0.08327661	1.5701001	0.2651752	-0.263655	0.9823083	7	0.7306023	0.847826	3.323478	Growth	0.43986714	0.510443	2.0009365
H141M	H141M	141	141	2.7450323	4.6285133				1.691174	1.3099906	1.0439508	5.064899	1.958796	7	2.6346223	1.60861	6.3057513	Growth	1.5862033	0.9684813	3.7964468
H141N	H141N	141	141	1.7799261	2.2494786	2.1719313	1.0399721	2.27354				1.6877893	2.3340437	7	1.9338115	0.46817103	1.8352305	Growth	1.1642724	0.2818675	1.1049206
H141Q	H141Q	141	141	1.2087089	1.046003				0.42423958	1.2050085	-2.8491042	1.5691972	1.3413247	7	0.5636254	1.5460883	6.0606666	Growth	0.33933684	0.9308395	3.6488907
H141R	H141R	141	141	-2.6244416	-2.4678314	-0.14227481	-1.113411				-2.9027529	-2.672579	-2.1849363	7	-2.015461	1.0120795	3.9673517	Growth	-1.2134304	0.6093336	2.3885877
H141S	H141S	141	141	1.4909203	0.9569125	1.5665483	3.197167	3.0422165	3.0611935	-2.4719956				7	1.5489947	1.9897878	7.7999682	Growth	0.93258923	1.1979736	4.696057
H141T	H141T	141	141	1.2972077	1.3036042	1.211704				1.1734858	1.2939497	1.299614	1.2980739	7	1.2682341	0.05291474	0.20742577	Growth	0.7635543	0.0318579	0.124882974
H141W	H141W	141	141	0.11851543	1.239263	-0.66460526	-0.0005062425	-0.49863413	0.2629277	0.79310274				7	0.1785805	0.6726888	2.63694	Growth	0.10751635	0.40499967	1.5875988
H141Y	H141Y	141	141	0.54657155	0.23575075				-0.009036289	0.3039731	0.42299753	0.34667492	0.9832403	7	0.40431026	0.30778903	1.206533	Growth	0.24341942	0.18530776	0.7264064
Q142A	Q142A	142	142	5.460932	5.439926	1.2033592	1.4899623	1.1085386				1.387386	5.4002566	7	3.0700514	2.2144446	8.680623	Growth	1.8483582	1.3332307	5.2262645
Q142D	Q142D	142	142	5.213829				-2.4152877	3.1331007	4.7063174	1.8264132	-2.3057218	1.1991411	7	1.6225418	3.0725927	12.044563	Growth	0.9768691	1.8498882	7.251562
Q142E	Q142E	142	142	1.8922617				1.0489576	1.280456	1.8726902	1.9409602	1.9112223	1.8816792	7	1.6897467	0.36551517	1.4328195	Growth	1.0173305	0.22006242	0.86264473
Q142F	Q142F	142	142	1.5755252				3.130185	-2.4272792	4.717878	0.4529777	-2.2989771	5.200246	7	1.4786508	3.0999618	12.151851	Growth	0.8902379	1.866366	7.316155
Q142G	Q142G	142	142	1.0087411	5.4145036	0.6248215	0.7224418	-0.6362895	1.2415206	0.48010638				7	1.2651207	1.9243941	7.5436254	Growth	0.7616798	1.1586026	4.5417223
Q142H	Q142H	142	142	1.5796074	5.287515	0.0032417853	0.5828994	0.3027208	0.5750404	4.7778635				7	1.8726984	2.2171323	8.691159	Growth	1.1274786	1.3348489	5.232608
Q142I	Q142I	142	142	1.8334434				0.997002	1.1240333	1.9121517	1.7770245	1.8932657	1.8588655	7	1.6279695	0.3917829	1.535789	Growth	0.98013693	0.2358772	0.9246386
Q142K	Q142K	142	142	5.1330194	5.017462				3.1241255	0.18906847	-0.06715194	4.6832733	-1.8052859	7	2.32493	2.8483398	11.165492	Growth	1.3997496	1.7148743	6.722307
Q142L	Q142L	142	142	0.93147403	5.1699147	4.6083674	0.019083316	1.7264558	-1.4263669				1.9177145	7	1.8495204	2.3657556	9.273762	Growth	1.1135241	1.424329	5.5833697
Q142N	Q142N	142	142	0.65917224	5.0404534	0.74325484	1.1720525	3.119757				0.5730354	5.1626987	7	2.352918	2.0707476	8.117331	Growth	1.4166	1.2467164	4.8871284
Q142V	Q142V	142	142	2.8842335	0.12986563	1.9811839	0.9568758	0.06164874	3.050523	1.910197				7	1.5677897	1.2199018	4.7820153	Growth	0.943905	0.7344553	2.8790648
Q142W	Q142W	142	142	5.37697	1.2450355	0.7759998	0.7336883	-0.23211311				1.9041482	0.89900553	7	1.5289621	1.813201	7.107748	Growth	0.9205284	1.0916575	4.2792974
Q142Y	Q142Y	142	142	2.2632337	4.7233186	2.1194293	1.0557518	0.7797714	1.1074979	1.2874804				7	1.9052118	1.3614901	5.3370414	Growth	1.1470537	0.81970006	3.2132244
L150D	L150D	150	150	0.7571795	-0.08179084	-0.07905261	0.1654003	-0.6645765				1.1687937	0.4598537	7	0.24654388	0.6065388	2.3776321	Growth	0.14843445	0.3651733	1.4314795
L150F	L150F	150	150	-2.1928022	1.9353462	-0.084183015	-2.6559718	3.1125627	2.993392	2.2402356				7	0.76408285	2.4219675	9.494113	Growth	0.46002448	1.4581721	5.716035
L150H	L150H	150	150	1.3074132	0.8698323	3.9338655	3.24966	0.574526				0.44109112	0.5374134	7	1.5591146	1.4317305	5.612384	Growth	0.938682	0.8619891	3.3789973
L150I	L150I	150	150	5.011654	0.71341217	4.41904	-2.5554032				2.5686712	1.0997505	1.726592	7	1.8548167	2.529488	9.915593	Growth	1.1167127	1.5229061	5.969792
L150M	L150M	150	150	5.5237975	0.95576626	1.7065377	0.24585521	3.293225	0.95431405				0.95151645	7	1.9472873	1.8491653	7.2487283	Growth	1.1723857	1.1133102	4.3641763
L150N	L150N	150	150	-2.077773	1.0753392	-1.9614214	3.1167037	0.24877414				0.1938514	1.3841373	7	0.2828016	1.8479708	7.2440457	Growth	0.17026381	1.1125911	4.361357
L150P	L150P	150	150	-2.484306	0.70152587				-2.4045844	-2.5433795	3.974701	0.8318255	0.37125114	7	-0.22185238	2.4220583	9.494469	Growth	-0.13356866	1.4582268	5.716249
L150S	L150S	150	150	3.9547062	0.9687626				-0.118965626	0.7560918	-2.706162	1.1771333	1.2510631	7	0.75466126	1.9770157	7.749902	Growth	0.45435208	1.190284	4.6659136
L150T	L150T	150	150	2.2156837	-2.2537189	0.16084705	3.113637				-2.5613384	-2.3730984	0.9951513	7	-0.10040525	2.3388357	9.168236	Growth	-0.060450085	1.4081217	5.5198374
L150W	L150W	150	150	2.29639	1.1385037	0.65088135	1.0798813	1.7103779				0.5433634	1.6907488	7	1.3014495	0.6301138	2.470046	Growth	0.783552	0.3793669	1.4871182
L150Y	L150Y	150	150	1.2959912				0.17385519	-0.2921702	4.8980503	1.7374283	1.551947	0.69411534	7	1.4370309	1.6950744	6.644692	Growth	0.86518025	1.0205382	4.0005097
M154D	M154D	154	154	-2.405713	0.80684793	4.6955523	3.152737	0.24038212				1.7893118	1.0056092	7	1.3263897	2.2502565	8.821006	Growth	0.7985675	1.3547916	5.3107834
M154E	M154E	154	154	2.5743637	1.6504409	4.413309	3.046587	0.5348247	3.0898066				4.9776497	7	2.8981402	1.5234672	5.9719915	Growth	1.7448571	0.9172201	3.5955029
M154G	M154G	154	154	0.7499611	-2.4446585	0.79227054	-0.028468473	0.043275304	0.34106627				-2.2043087	7	-0.39298037	1.3579053	5.322989	Growth	-0.23659815	0.8175418	3.204764
M154H	M154H	154	154	1.144011				3.1226375	0.27431056	1.509408	0.411425	0.64260805	2.1978135	7	1.3288877	1.0379618	4.0688105	Growth	0.8000714	0.6249163	2.449672
M154I	M154I	154	154	1.8520241				0.3094901	0.67493147	1.4079114	0.7567453	1.0451299	0.66642004	7	0.95895034	0.5220951	2.0466127	Growth	0.57734656	0.31433308	1.2321857
M154L	M154L	154	154	1.2221594	1.375504	0.88819104	0.08204685	0.76485515	0.2744024	0.7012587				7	0.7583453	0.46686006	1.8300915	Growth	0.45657012	0.28107822	1.1018267
M154P	M154P	154	154	0.8970885	1.0194798	0.75186366	0.27824986	0.38955116	0.36858666	1.2752607				7	0.7114401	0.37808645	1.4820989	Growth	0.4283303	0.22763109	0.8923139
M154Q	M154Q	154	154	0.9122654	0.8305389	0.68021864	-0.6004978	-0.17750828				1.6570039	0.5071858	7	0.54417235	0.74239045	2.9101706	Growth	0.32762495	0.44696432	1.7521002
M154R	M154R	154	154	1.0776589	0.60794574	0.40967134	0.3731462				0.6566105	1.3711097	1.4080153	7	0.8434511	0.43812734	1.7174592	Growth	0.507809	0.26377937	1.0340152
M154T	M154T	154	154	0.82313085	1.0960869	1.162683	-0.26262218	0.8200216	-0.28768227				0.37390468	7	0.5322175	0.6071746	2.3801243	Growth	0.3204274	0.36555612	1.4329801
M154V	M154V	154	154	1.4163724	2.158943	4.5628715	0.46873614				5.5560613	0.58248174	0.7851261	7	2.218656	2.0443068	8.013682	Growth	1.3357662	1.2307973	4.8247256
M154W	M154W	154	154	0.65428877	0.9016744	2.7077727	-0.24791372				0.25570968	-0.21021912	0.7048739	7	0.6808838	0.99965096	3.9186318	Growth	0.40993357	0.6018508	2.3592553
V156A	V156A	156	156	4.879205	-2.062361	4.457299	3.1037335	-2.4702454	-1.1910387				0.7323382	7	1.064133	3.1008334	12.155267	Growth	0.640673	1.8668908	7.318212
V156D	V156D	156	156	1.0297191	0.3016996	-0.44737512	-0.056635737	-1.2274095				0.49838316	0.7954328	7	0.12768777	0.7776246	3.0482886	Growth	0.07687582	0.46817744	1.8352556
V156E	V156E	156	156	1.2587837				3.097681	1.3295888	4.8427863	3.0036182	1.6983751	1.881046	7	2.4445539	1.2919087	5.0642824	Growth	1.4717705	0.77780783	3.0490067
V156G	V156G	156	156	0.57112867				0.005506006	-0.10464731	0.60754114	-2.8509586	-2.6768858	0.8504312	7	-0.51398355	1.5744808	6.1719646	Growth	-0.30944943	0.94793344	3.7158992
V156H	V156H	156	156	0.2713842	-2.2152607	-0.059140295	2.6731265				1.870952	-0.934604	5.2273927	7	0.9762644	2.4885762	9.7552185	Growth	0.5877707	1.4982746	5.873236
V156I	V156I	156	156	0.13418055	1.1680007	1.0545144	1.2841706				0.39937943	1.721303	2.4524891	7	1.173434	0.779079	3.05399	Growth	0.70647883	0.46905306	1.838688
V156L	V156L	156	156	1.1557957	0.9860748	1.0693843	0.3743703	0.28113773	0.28891137				1.1365736	7	0.7560354	0.4173576	1.6360418	Growth	0.4551794	0.2512747	0.98499686
V156N	V156N	156	156	-0.25533143	-0.53710216	-0.66634285	-0.41793197	-2.6403852	0.04403198	-0.1523127				7	-0.66076773	0.9048781	3.5471222	Growth	-0.39782247	0.54479176	2.1355836
V156Q	V156Q	156	156	0.022768592				0.3046895	0.9268799	0.73682153	0.7633245	0.6725327	-2.2230844	7	0.17199032	1.1004068	4.313595	Growth	0.10354866	0.66251194	2.5970469
V156R	V156R	156	156	0.86089337	0.36127	0.98903227	-2.6979618				-2.8479872	-2.6701813	0.619342	7	-0.7693704	1.8533665	7.265197	Growth	-0.46320787	1.1158396	4.374091
V156W	V156W	156	156	0.0857785	-2.5409937				-2.497231	-2.7087827	0.4414884	-2.629337	0.45109212	7	-1.3425695	1.5669522	6.1424527	Growth	-0.80830866	0.9434008	3.6981313
K158A	K158A	158	158	2.6565447	0.3710906	-1.8802836	-2.5638876	0.9789327				-2.0146801	-1.6564201	7	-0.5869576	1.9430758	7.616857	Growth	-0.35338426	1.1698501	4.5858126
K158C	K158C	158	158	1.841626	0.37655646	1.3283824	-0.34765664	0.6935216	1.1181078	1.9102772				7	0.9886879	0.8120568	3.1832626	Growth	0.59525037	0.4889077	1.9165182
K158E	K158E	158	158	0.8781994	0.94074523	0.957253	0.25577888				0.9902992	1.1272006	1.008187	7	0.8796662	0.28548744	1.1191108	Growth	0.5296127	0.17188084	0.67377293
K158G	K158G	158	158	5.2560005	5.223562	1.4777418	-0.028993703	0.21726316	0.4037075	-2.423673				7	1.4465154	2.844094	11.148849	Growth	0.8708905	1.7123181	6.712287
K158H	K158H	158	158	0.87783945	1.0166829	1.5012431	0.16671614	0.4693891	0.4447871	1.5137225				7	0.8557686	0.5274008	2.0674112	Growth	0.5152249	0.31752744	1.2447076
K158I	K158I	158	158	-2.503937	1.2038676	1.0572298				-2.5610802	-2.7244499	-2.4541152	-0.98662484	7	-1.2813014	1.7474967	6.8501873	Growth	-0.77142155	1.0520996	4.1242304
K158L	K158L	158	158	-2.5531476				-2.6136541	0.7344181	0.043972567	-0.9160575	1.2680033	1.6418277	7	-0.34209102	1.7423385	6.829967	Growth	-0.20595965	1.0489941	4.1120567
K158Q	K158Q	158	158	0.49749315				0.37199062	-2.438506	0.7093115	0.9402472	1.3144053	0.48579037	7	0.26867604	1.2367781	4.8481703	Growth	0.16175936	0.74461585	2.9188943
K158R	K158R	158	158	-2.124494				-2.4781084	-0.5647881	1.1516771	-0.20544946	0.7368012	1.439536	7	-0.29211792	1.5470327	6.0643682	Growth	-0.1758728	0.93140805	3.6511197
K158S	K158S	158	158	1.1129789	1.0285169	0.71052295	0.59134626	0.41229007	0.24761601				1.2913635	7	0.770662	0.38569817	1.5119369	Growth	0.46398553	0.23221381	0.91027814
K158T	K158T	158	158	-2.3452244	0.7518395	1.3178222	-0.46560863	0.5694253	0.77132386				-1.993465	7	-0.19912672	1.4511096	5.6883497	Growth	-0.11988643	0.8736565	3.4247336
K158W	K158W	158	158	0.65316695	1.6144564	-1.9876982	-2.516071				-2.3815732	-2.1225433	-1.7527148	7	-1.2132825	1.6461755	6.453008	Growth	-0.73047	0.99109805	3.8851044
K158Y	K158Y	158	158	1.2911766	0.6446938	1.2291498	0.27288517	0.13554467	-0.24071603				1.3061988	7	0.66270465	0.62932134	2.4669397	Growth	0.3989886	0.37888983	1.4852482
A164C	A164C	164	164	0.25840503	-2.5328014	-0.32335156	-0.74361235				-2.959067	-2.8320746	-0.17958659	7	-1.3302983	1.3880737	5.441249	Growth	-0.80092067	0.835705	3.2759635
A164D	A164D	164	164	-2.661166	0.09209964	0.60332495	-2.7458334	-2.584488	-2.4283931	-2.670932				7	-1.7707697	1.4580272	5.715467	Growth	-1.0661113	0.8778213	3.4410596
A164E	A164E	164	164	-1.1551758	0.56484085	-0.6579541				0.47754475	0.85152435	0.9687938	0.080594376	7	0.16145262	0.79604346	3.1204903	Growth	0.09720432	0.4792667	1.8787255
A164F	A164F	164	164	-2.3714085	2.7160954	-2.220542	-0.0074241403	-0.39893013	0.21239652	2.0291731				7	-0.0058056456	1.925841	7.549297	Growth	-0.0034953526	1.1594737	4.545137
A164H	A164H	164	164	-2.4980383	0.5411759	1.4910692	0.11163968	-2.5176892	0.6841754	-2.5508847				7	-0.67693603	1.7736492	6.952705	Growth	-0.40755677	1.067845	4.1859527
A164I	A164I	164	164	0.48943388	0.73509824	0.9068965				-2.7057178	-0.22834973	0.47996318	0.7426868	7	0.060001604	1.2735891	4.9924693	Growth	0.036124624	0.7667783	3.005771
A164L	A164L	164	164	0.19184834	-2.336905	-2.337632	-0.36149687	-1.3343855	0.025132412				0.21564278	7	-0.8482566	1.146304	4.4935117	Growth	-0.5107022	0.6901449	2.705368
A164M	A164M	164	164	1.1306555	-2.345375	-2.2970598	-2.791663	0.30519673	0.9316415				-2.0591857	7	-1.01797	1.7222339	6.751157	Growth	-0.61288	1.0368898	4.064608
A164P	A164P	164	164	1.5764563				-0.5528887	-2.4019296	-0.92527944	0.16798446	0.05111711	-1.9324722	7	-0.57385886	1.3463773	5.277799	Growth	-0.34549803	0.8106012	3.1775568
A164Q	A164Q	164	164	0.8922948	-2.4370172				0.28079253	0.34497163	-0.29337415	1.1785891	1.1472093	7	0.15906659	1.2614282	4.944799	Growth	0.09576778	0.7594567	2.9770703
A164S	A164S	164	164	1.3440257	-0.021266736	0.07579314	0.09484279	0.40015605	0.11567506				4.7378216	7	0.9638639	1.7291048	6.778091	Growth	0.58030486	1.0410265	4.080824
A164T	A164T	164	164	1.3532635				-0.35146973	0.03303395	0.46591717	0.29933077	0.65420574	-2.309543	7	0.02067692	1.1562586	4.5325336	Growth	0.012448766	0.69613814	2.7288616
A164V	A164V	164	164	0.46639165	-2.4735398	0.4918015	-0.9848693				0.9672381	0.6604752	0.7139504	7	-0.022650318	1.2533733	4.9132233	Growth	-0.013636873	0.75460714	2.95806
A164W	A164W	164	164	0.53987896				-2.53313	-0.1927447	-0.83985	0.46864116	0.25236252	-2.2797165	7	-0.6549369	1.2863733	5.0425835	Growth	-0.39431196	0.77447516	3.0359428
A164Y	A164Y	164	164	5.146538	1.0474609	-2.0572212	3.0718446				-2.4355404	4.8069906	-1.8148788	7	1.1093134	3.2906733	12.89944	Growth	0.6678743	1.9811859	7.7662487
N168A	N168A	168	168	5.2506037				0.808184	0.18265904	-0.036269486	-1.7224681	0.86856604	0.81759244	7	0.8812668	2.1295547	8.347855	Growth	0.53057635	1.2821218	5.0259175
N168C	N168C	168	168	-2.5223274	1.549027	0.7743687	0.98173034	-0.5680091	-2.3688114	-2.556762				7	-0.67296916	1.8085806	7.0896363	Growth	-0.40516847	1.0888758	4.268393
N168F	N168F	168	168	-2.6089222	-2.4390814	0.25411305	-2.669115	-0.4846836				-2.646593	0.6609826	7	-1.4190428	1.5013791	5.8854065	Growth	-0.8543503	0.9039218	3.5433733
N168G	N168G	168	168	2.0163124	-2.0926228	-2.0571673	0.15474737	-1.2161207	-0.20737293	-2.2933733				7	-0.81365675	1.5730926	6.166523	Growth	-0.48987097	0.94709766	3.712623
N168H	N168H	168	168	0.47893098	0.5996194	0.46153817				0.36372793	-0.505855	1.0625235	0.51988566	7	0.4257672	0.46911553	1.8389329	Growth	0.25633782	0.28243616	1.1071497
N168I	N168I	168	168	0.47335893	-2.4781127	0.3643778	-2.663314	-0.18566658				0.27908945	0.68615633	7	-0.5034444	1.4375966	5.635379	Growth	-0.30310422	0.8655208	3.3928416
N168P	N168P	168	168	-2.2446685	2.4503968	0.016945748	-2.657087	1.6353487	0.38101715				-1.9085135	7	-0.3323658	1.9913175	7.805965	Growth	-0.20010449	1.1988945	4.6996665
N168Q	N168Q	168	168	0.658353	0.8220011	0.40371126	-0.01376584	0.24548382	0.025549386				0.7619801	7	0.41475895	0.343909	1.3481233	Growth	0.24971017	0.20705418	0.8116524
N168R	N168R	168	168	0.24080388	0.4411851	0.45448527	0.255634	-0.3116996	0.04324453	0.024362411				7	0.16400221	0.2695303	1.0565587	Growth	0.09873933	0.16227368	0.6361128
N168S	N168S	168	168	1.0922168	0.9886933	1.546025				2.3834398	1.1365111	2.4746652	0.707527	7	1.4755827	0.69716597	2.7328906	Growth	0.8883908	0.41973642	1.6453668
N168V	N168V	168	168	0.397648	0.61976033	0.5810858	-0.37929192	-0.05164777				0.26832628	0.42456442	7	0.2657779	0.36152595	1.4171817	Growth	0.1600145	0.21766067	0.8532298
N168W	N168W	168	168	-0.3847655	-0.06376646	0.09899348				-0.13849509	-0.25346217	0.6935231	0.23684914	7	0.026982361	0.3599328	1.4109366	Growth	0.016245026	0.2167015	0.84946984
N168Y	N168Y	168	168	1.8024955	-0.21418245	-0.86788607				0.807792	-0.43328455	0.478667	-0.4485627	7	0.1607198	0.92537093	3.627454	Growth	0.09676312	0.55712974	2.1839485
K214C	K214C	214	214	-2.8883686	-1.6457696	-0.9431332	-1.0529184	-1.1854432	-2.4426699				-0.58848876	7	-1.5352558	0.84345746	3.3063533	Growth	-0.9243176	0.5078128	1.9906262
K214D	K214D	214	214	0.62223035	0.8502687	-2.364175				-2.6457505	-2.8246238	0.20905037	0.8311381	7	-0.76026595	1.7495909	6.8583965	Growth	-0.45772645	1.0533603	4.129173
K214F	K214F	214	214	-2.646334	-2.473164				-2.4197302	0.41900885	-2.830558	-2.653766	-2.2296953	7	-2.1191769	1.1357805	4.4522595	Growth	-1.2758737	0.6838091	2.6805317
K214G	K214G	214	214	-0.07103775	-2.4871025				0.1998174	-2.6470199	0.12541676	0.57913405	0.45566884	7	-0.54930323	1.3954681	5.4702353	Growth	-0.33071405	0.8401569	3.293415
K214H	K214H	214	214	5.047516	4.936971	4.442236	-2.5579739	-2.444708	-2.4089453	4.489057				7	1.6434505	3.8547058	15.110447	Growth	0.9894574	2.3207679	9.09741
K214I	K214I	214	214	0.6826636	-2.5559402	-2.454048	-2.6470723	-0.37313882				-2.6415157	-2.2300231	7	-1.7455822	1.3409353	5.256467	Growth	-1.050947	0.8073248	3.1647134
K214L	K214L	214	214	-2.5178862	-2.3892405				-0.23602541	-0.40242836	-2.785338	1.0568292	0.39801437	7	-0.98229635	1.5569706	6.103325	Growth	-0.5914023	0.9373912	3.6745737
K214N	K214N	214	214	-2.5972764	0.14396657	0.18335871				-2.6743631	-2.8446515	-2.7070975	0.8212222	7	-1.3821201	1.6671054	6.5350533	Growth	-0.8321206	1.0036991	3.9345005
K214P	K214P	214	214	0.6459491	-2.3726685	-0.40541148	-0.59504604	-0.018881522	-2.4203815				2.069351	7	-0.44244128	1.5987381	6.2670536	Growth	-0.26637664	0.9625378	3.7731483
K214Q	K214Q	214	214	-2.6060197	-2.042625	-1.5914934	-0.68842983	-0.8716338				0.39004692	-0.09601975	7	-1.0723107	1.0679102	4.1862082	Growth	-0.64559644	0.6429471	2.5203526
K214R	K214R	214	214	-0.39046478	0.7936603				0.5767466	1.3937087	0.80652535	-2.5787199	0.22714192	7	0.11837112	1.3109291	5.138842	Growth	0.071266636	0.78925925	3.0938964
K214S	K214S	214	214	-0.09317264	-2.4967053	0.39356378	-0.66869867	-2.553364	-2.4452543	-2.6413693				7	-1.5007143	1.3263378	5.1992445	Growth	-0.90352154	0.79853624	3.1302621
K214T	K214T	214	214	-2.4549713				-0.8139779	-0.78096354	-2.5735986	-0.17466111	1.0684596	-2.1068704	7	-1.1195118	1.3391929	5.249636	Growth	-0.6740144	0.8062758	3.1606011
K214V	K214V	214	214	-0.27842215				-2.5611432	-2.4690142	0.82459885	-1.082986	0.70857894	-2.1791892	7	-1.0053681	1.4583906	5.7168913	Growth	-0.6052929	0.8780401	3.4419172
K214Y	K214Y	214	214	-0.3341075	-2.4915671				-0.8168749	-2.8018646	-2.8937721	-2.6347008	-2.3165765	7	-2.0413518	1.0287154	4.032564	Growth	-1.2290182	0.61934936	2.4278495
E228A	E228A	228	228	1.0766386	1.0588189	0.9950205	0.06431286	0.20267636	0.09935146	0.9446924				7	0.6345016	0.4829935	1.8933346	Growth	0.38200864	0.29079154	1.1399028
E228K	E228K	228	228	1.7719114	-0.10411724	0.22708133	-0.92752934	-0.1821907	0.12645395				-0.88788253	7	0.0033895373	0.90368	3.5424259	Growth	0.0020407082	0.5440705	2.1327562
E228L	E228L	228	228	0.52162427				0.24476542	0.4068311	-0.39244667	0.33572948	0.8092971	0.62161386	7	0.36391634	0.3826578	1.5000186	Growth	0.21909982	0.23038332	0.90310264
E228M	E228M	228	228	0.76935756	0.78922516	0.7817312	0.14173675				0.46790293	0.6197129	0.38061988	7	0.56432664	0.2465013	0.9662851	Growth	0.33975905	0.14840882	0.58176255
E228P	E228P	228	228	0.7675132				3.1091106	3.0688481	-2.212694	5.3751926	4.6520896	2.2850964	7	2.4350224	2.5436342	9.971046	Growth	1.4660319	1.5314229	6.0031776
E228Q	E228Q	228	228	0.93347746	1.1326543	0.16256131	0.79465324	0.34078506	0.5710651	1.412731				7	0.7639896	0.44054577	1.7269394	Growth	0.45996833	0.26523542	1.0397229
E228R	E228R	228	228	1.1974094	1.2577571	1.727702				2.3025048	1.3699024	0.70724434	-0.7035587	7	1.1227087	0.94434476	3.7018316	Growth	0.6759391	0.56855315	2.2287283
E228S	E228S	228	228	-0.15426594	1.143939				0.66299397	1.488291	1.122587	1.3817937	0.026802838	7	0.810306	0.65333366	2.561068	Growth	0.48785362	0.3933467	1.5419191
E228T	E228T	228	228	0.83405674	1.1445624	-2.359072	0.49819276	0.41556618	-0.4120189	-2.5592592				7	-0.3482817	1.5199919	5.9583683	Growth	-0.20968683	0.9151278	3.587301
E228V	E228V	228	228	1.4207443	0.66955185	-0.22933932	0.043672998	0.26223746	0.12113783	0.8441703				7	0.44745365	0.5650783	2.215107	Growth	0.26939437	0.3402116	1.3336295
E228W	E228W	228	228	1.2247083	0.5490079	0.76954645				1.3794978	0.9568025	1.0021224	1.0339391	7	0.9879464	0.27477884	1.077133	Growth	0.594804	0.16543362	0.6484998
V229A	V229A	229	229	-2.2931097	0.7996385	0.11550698	1.5015597	-1.7878354	1.8233305				0.4971188	7	0.093744226	1.574394	6.1716247	Growth	0.05643974	0.94788116	3.7156942
V229D	V229D	229	229	0.5623894	1.1560757				-2.5540643	1.2600304	1.2409899	1.3627143	1.9126964	7	0.70583314	1.4906243	5.8432474	Growth	0.4249546	0.89744675	3.5179913
V229E	V229E	229	229	4.562076	0.7461008	1.3088766	0.053021885	0.09243499	0.1836627	0.53500044				7	1.068739	1.6030312	6.283882	Growth	0.6434461	0.9651225	3.7832804
V229G	V229G	229	229	0.71420175	0.9900701	0.8717813	-0.044797342	-0.12613304	0.5380622	1.1048236				7	0.57828695	0.4894687	1.9187173	Growth	0.348164	0.29469	1.1551849
V229H	V229H	229	229	5.211393	0.26903775	4.703107				4.740617	3.101081	-0.26290742	3.9187222	7	3.0972927	2.2253578	8.723403	Growth	1.8647591	1.3398011	5.2520204
V229K	V229K	229	229	1.1599187				0.62442935	0.198586	0.95929545	1.0221037	1.095042	0.83095014	7	0.841475	0.33484742	1.3126019	Growth	0.5066193	0.20159857	0.7902664
V229M	V229M	229	229	-2.3195767	-2.2158473	0.48724413	-2.6832104	2.9004328	1.379382				0.8599897	7	-0.22736944	2.1764019	8.531495	Growth	-0.13689026	1.3103266	5.1364803
V229N	V229N	229	229	2.6604524	1.0679356	-2.1647394	-0.033232454	0.48356813	-0.8214075				-1.9584093	7	-0.10940467	1.7110339	6.707253	Growth	-0.06586828	1.0301467	4.038175
V229P	V229P	229	229	0.4135623				3.1150472	-0.5192543	-2.3321621	1.4579494	0.8684435	1.1557	7	0.5941836	1.699374	6.661546	Growth	0.35773477	1.0231267	4.010657
V229R	V229R	229	229	1.0841076	-2.436081	1.4963298	-0.586182				1.4998599	0.7822656	1.5276561	7	0.4811366	1.4870102	5.82908	Growth	0.28967357	0.8952708	3.5094616
V229S	V229S	229	229	0.83500576	5.312	0.9319887	3.130109	0.2821226	0.72678113	1.6462951				7	1.8377573	1.7915257	7.022781	Growth	1.106442	1.0786077	4.2281423
V229W	V229W	229	229	1.8713466				-0.06926182	0.51538384	-1.437498	1.1904176	4.67532	0.2696398	7	1.0021926	1.9216505	7.5328703	Growth	0.60338104	1.1569508	4.5352473
M231A	M231A	231	231	-2.1427655	-2.069395	4.452126	3.1666632	0.17894977	2.9754226				5.0555077	7	1.6595012	2.9969075	11.747877	Growth	0.9991209	1.804321	7.0729384
M231D	M231D	231	231	-1.766813				-2.5604875	-0.61356354	-2.7106087	0.29516113	-2.3862586	-0.18381336	7	-1.4180548	1.2342721	4.838347	Growth	-0.8537555	0.7431071	2.9129798
M231F	M231F	231	231	5.4236374	1.2481407	1.1323515	0.9894581	0.74741626	1.0457379	1.016813				7	1.6576507	1.6676536	6.537202	Growth	0.9980068	1.0040292	3.9357944
M231G	M231G	231	231	0.077125564	0.27300856	0.3335813	-2.6530232	-0.04884076	0.0399998				0.492163	7	-0.21228369	1.092478	4.282514	Growth	-0.12780772	0.6577384	2.5783346
M231H	M231H	231	231	0.93971145	0.3446365	-2.449696				0.6200623	-2.8606594	0.58019406	0.40990198	7	-0.34512132	1.5938202	6.2477756	Growth	-0.20778409	0.95957696	3.7615418
M231N	M231N	231	231	-2.6672518	-2.4681008	-2.3695722	-0.9647135				-2.917502	-0.24227385	-2.2225864	7	-1.9788573	0.98746914	3.8708792	Growth	-1.1913928	0.59451663	2.3305054
M231P	M231P	231	231	-0.057541665	-2.4826853	0.43907544	-0.1481379				-1.043694	-2.6694114	-2.1944842	7	-1.1652685	1.2850182	5.0372715	Growth	-0.7015627	0.7736593	3.0327444
M231Q	M231Q	231	231	-2.1277604	4.997767	1.4045383	-0.10038508				-2.3996637	-2.1328466	-1.7925465	7	-0.30727097	2.7186878	10.657256	Growth	-0.18499586	1.6368158	6.416318
M231S	M231S	231	231	-0.09216687	0.2280709	-2.449278	-0.036087867	-0.4064149	-2.42282	-0.61422336				7	-0.82756	1.1313184	4.434768	Growth	-0.49824157	0.68112266	2.6700008
K233A	K233A	233	233	4.2730794	1.646359	1.1638108	0.57480234	3.0823162	1.2554128				1.4065332	7	1.9146163	1.2941755	5.0731683	Growth	1.1527158	0.77917254	3.0543563
K233C	K233C	233	233	1.5366501	2.105938				3.167779	1.3400769	3.388526	3.4402192	5.3715134	7	2.9072433	1.3924097	5.458246	Growth	1.7503377	0.83831555	3.286197
K233D	K233D	233	233	0.4411784	1.4602542				0.002620101	0.315458	0.45181996	-0.6948264	0.22597134	7	0.31463936	0.64180785	2.5158868	Growth	0.18943208	0.38640746	1.5147173
K233E	K233E	233	233	5.462221				-0.57607836	1.0313313	0.33572853	5.885536	1.5686086	1.2273599	7	2.1335294	2.519488	9.876393	Growth	1.2845148	1.5168854	5.946191
K233F	K233F	233	233	0.60536927	5.203893	0.40841782				4.704418	0.7035763	3.608264	5.2297807	7	2.9233882	2.2652125	8.879633	Growth	1.7600579	1.3637961	5.346081
K233G	K233G	233	233	-2.7039673	-0.027270572	-0.26513615				-2.6773052	-0.03277131	-2.7511592	-2.2510877	7	-1.5298138	1.3419808	5.260565	Growth	-0.9210412	0.80795425	3.1671808
K233H	K233H	233	233	1.7828183	1.9644231				3.0364678	3.656848	1.3358958	4.9734697	0.9345595	7	2.5263546	1.4344697	5.6231213	Growth	1.5210195	0.8636382	3.3854618
K233L	K233L	233	233	5.376633	1.1208047	0.5287255	1.2729766	0.8433623	0.050165635	1.9735957				7	1.5951805	1.7729945	6.9501386	Growth	0.96039593	1.0674508	4.184407
K233M	K233M	233	233	1.443661	1.1812776	1.4710343				1.5544447	2.219772	4.633863	1.5125322	7	2.0023694	1.2028621	4.7152195	Growth	1.2055485	0.7241964	2.8388498
K233N	K233N	233	233	1.5476567	0.82952756				0.084852815	0.25321734	1.4274076	1.4609634	0.22021064	7	0.83197653	0.64933044	2.5453753	Growth	0.5009006	0.39093652	1.5324712
K233Q	K233Q	233	233	2.3653762	1.5901068	4.4827924				0.1308121	5.492231	4.7955885	5.158142	7	3.4307213	2.0662262	8.099607	Growth	2.0655034	1.2439942	4.8764577
K233R	K233R	233	233	1.9701111	5.2864747	0.39037284	-0.10288274	0.43229416	-0.056525186	1.382807				7	1.3289503	1.9030938	7.460128	Growth	0.8001091	1.1457785	4.4914517
K233T	K233T	233	233	0.9459511	0.5511579	4.5419846	0.37212396	-0.673809	0.24943216				-1.9150398	7	0.5816857	1.9908876	7.80428	Growth	0.35021028	1.1986357	4.698652
K233V	K233V	233	233	5.362883	1.3310847	1.6231337	3.152888	-0.20198831				2.2807076	0.6565605	7	2.0293243	1.8236396	7.1486673	Growth	1.221777	1.0979422	4.3039336
K233W	K233W	233	233	1.1260842	2.8861313	0.77625346	0.49711788				1.4271864	1.6559043	1.2860061	7	1.3792404	0.77072215	3.021231	Growth	0.8303868	0.46402174	1.8189653
K233Y	K233Y	233	233	2.7643678	5.420723	0.38270524				1.2134128	0.4476358	1.7328434	3.094073	7	2.150823	1.7813355	6.9828353	Growth	1.2949266	1.0724726	4.2040925
A244D	A244D	244	244	0.38598564	1.6438456	0.97060364	0.7131088	0.90407795				1.1220236	1.1476535	7	0.9838998	0.3913224	1.5339838	Growth	0.59236765	0.23559995	0.9235518
A244E	A244E	244	244	1.0748812	0.94941616	1.1527172	0.34663683	-2.5780902	0.715982				3.8480172	7	0.7870801	1.8768603	7.357292	Growth	0.47387022	1.1299843	4.4295382
A244F	A244F	244	244	0.6440806				0.60345083	0.6120067	1.8930235	0.7751454	1.0376537	2.6881497	7	1.179073	0.8071882	3.164178	Growth	0.7098738	0.48597652	1.905028
A244H	A244H	244	244	0.15437815	1.2903576	1.06457	0.3098169				0.9898418	0.7816205	0.4208238	7	0.71591556	0.42782703	1.677082	Growth	0.43102482	0.25757796	1.0097057
A244R	A244R	244	244	0.76001215	0.930571	0.73051256	0.18532634	0.49560758				1.3097744	1.2750366	7	0.8124059	0.4038166	1.5829612	Growth	0.4891179	0.24312222	0.9530391
A244S	A244S	244	244	5.171593				0.38212824	0.269422	0.45229384	1.1597297	4.784525	5.090795	7	2.4729269	2.3983965	9.401714	Growth	1.4888527	1.4439809	5.660405
A244T	A244T	244	244	-2.6357694				0.5298259	0.21936147	0.60630333	-2.8816981	0.4511508	0.9131181	7	-0.39967254	1.6261948	6.374684	Growth	-0.24062724	0.97906846	3.8379483
A244Y	A244Y	244	244	-2.585717				-0.5963249	-0.07729768	0.27171886	-2.8842678	0.5715514	0.9054155	7	-0.6278459	1.5180831	5.950886	Growth	-0.3780015	0.9139786	3.582796
Q247A	Q247A	247	247	4.476606	1.1232264	1.128425	0.40325573	1.378839	0.75595516				5.321962	7	2.0840385	1.9634589	7.696759	Growth	1.2547183	1.182122	4.6339183
Q247E	Q247E	247	247	0.6072182	0.09961282	0.4201774	1.6959299	-2.4989405				4.832505	0.77568746	7	0.8474557	2.1834068	8.558955	Growth	0.51022	1.3145441	5.1530128
Q247F	Q247F	247	247	-2.4294634	2.0484896	0.30449122	-0.25873035	0.40327585	0.14585343				-0.15627164	7	0.008234953	1.320739	5.177297	Growth	0.0049579437	0.7951654	3.1170485
Q247G	Q247G	247	247	-2.5482717	1.1602564	1.9077863	-2.6492867	0.16637182	0.018522844	-0.1777848				7	-0.3032008	1.7279259	6.7734694	Growth	-0.18254538	1.0403167	4.0780416
Q247I	Q247I	247	247	1.3033934	0.5715597				-0.06063387	3.3255146	1.0618734	1.1707727	1.1823443	7	1.2221178	1.0431888	4.0893	Growth	0.7357894	0.62806326	2.462008
Q247L	Q247L	247	247	-0.23222445	0.32116595	-0.71282107	0.2081572				-2.820708	0.7547745	0.33291212	7	-0.30696338	1.2031792	4.7164626	Growth	-0.18481067	0.7243873	2.8395982
Q247P	Q247P	247	247	0.30210707				-1.7538191	-0.3385751	0.50387627	0.77468157	-0.12493115	-2.2027905	7	-0.40563583	1.1439636	4.4843373	Growth	-0.2442175	0.68873584	2.6998446
Q247Y	Q247Y	247	247	5.3244505	5.1707883	-0.83039016	3.2295816	3.040269	3.1480942				1.1902065	7	2.896143	2.1626909	8.477749	Growth	1.7436546	1.3020718	5.1041217
Y259A	Y259A	259	259	1.7568847	1.8603513	1.9161018	2.8535435				1.0057949	1.2574906	0.2262804	7	1.5537779	0.8272676	3.242889	Growth	0.93546903	0.49806553	1.9524169
Y259C	Y259C	259	259	0.8183936	0.87957966	0.7669674				-0.22985902	2.8189316	5.053609	5.286123	7	2.1991065	2.2233777	8.715641	Growth	1.3239962	1.338609	5.2473474
Y259F	Y259F	259	259	0.42704928	0.47084042	1.6035194	-0.91157603	0.52299875	0.23493491				0.76418495	7	0.44456455	0.7456032	2.9227645	Growth	0.26765496	0.44889858	1.7596825
Y259G	Y259G	259	259	1.2078375	1.3297414	1.5470607	0.755653	0.41921535				1.2984985	1.4696267	7	1.1468048	0.40967602	1.60593	Growth	0.69044644	0.24664994	0.96686774
Y259H	Y259H	259	259	0.5467234	2.0248923	-1.2070916	0.18417682	-1.197543				1.4419945	0.44921726	7	0.32033852	1.2170335	4.7707715	Growth	0.19286332	0.73272836	2.8722951
Y259I	Y259I	259	259	1.1710738				-0.6395406	-0.56871533	0.6292905	0.73280907	-2.7564414	0.43383884	7	-0.14252643	1.3342205	5.2301445	Growth	-0.0858096	0.8032821	3.148866
Y259L	Y259L	259	259	0.68646395	-0.13564186				-2.4073164	-2.5720413	0.3673244	-1.4054497	1.6593713	7	-0.5438985	1.6172584	6.339653	Growth	-0.32746008	0.9736882	3.8168578
Y259M	Y259M	259	259	0.8036799	0.30745214	0.7024334	0.11301566	-0.39374298	-0.083813086				0.9411975	7	0.34146038	0.4963799	1.9458092	Growth	0.20557997	0.29885098	1.1714959
Y259N	Y259N	259	259	5.5038695	1.4241359	1.6208831	3.2313461	-0.08549702				1.2636544	4.1030064	7	2.4373424	1.9254403	7.547726	Growth	1.4674287	1.1592325	4.5441914
Y259Q	Y259Q	259	259	-0.28851888	-2.0889065	3.4485893	3.1018286	-1.4945908				0.4968816	-1.7911811	7	0.1977289	2.286782	8.964186	Growth	0.119044855	1.3767822	5.3969865
Y259R	Y259R	259	259	-2.6163845				-0.47489333	-2.4523287	-0.36994836	-1.6592196	-2.7091196	-2.2484381	7	-1.7900474	0.9949617	3.90025	Growth	-1.0777177	0.5990276	2.3481882
Y259T	Y259T	259	259	0.45029905	0.0011016201	-2.415775				-0.27261597	1.5687749	0.7652288	0.16881567	7	0.037975583	1.2368032	4.8482685	Growth	0.022863617	0.74463093	2.9189534
Y259V	Y259V	259	259	1.0481827	1.3384583				0.95992595	1.4898725	0.26910365	0.1927522	1.3204191	7	0.9455306	0.52061105	2.0407953	Growth	0.5692671	0.3134396	1.2286832
K261A	K261A	261	261	0.8695831	0.7781117				-2.5410948	-2.5563972	1.7053192	1.2268125	0.55832756	7	0.0058088643	1.7831918	6.990112	Growth	0.0034972904	1.0735902	4.2084737
K261C	K261C	261	261	1.662233	0.9984853	0.9720647	0.47107786	0.123507716				0.83930874	1.1693817	7	0.8908655	0.4930301	1.932678	Growth	0.5363554	0.29683417	1.16359
K261D	K261D	261	261	1.6602097	1.4559051	-2.2816753	3.1614416	0.9850561				1.5287213	-0.9388726	7	0.7958265	1.8180639	7.1268106	Growth	0.47913608	1.0945853	4.2907743
K261E	K261E	261	261	0.11881022	2.8751469	-2.229799	1.5294113	-0.5447103	-2.4520688				1.0077057	7	0.043499436	1.9537684	7.658772	Growth	0.026189312	1.1762877	4.6110477
K261F	K261F	261	261	1.7502213	1.4199253	0.6343038	0.13634482				1.5133921	1.0547209	1.0427835	7	1.078813	0.5543343	2.1729903	Growth	0.64951116	0.33374304	1.3082727
K261H	K261H	261	261	0.76466006	0.96446925	1.0584017	0.16478804	0.050424214				1.0106208	0.94836354	7	0.70881814	0.42201948	1.6543164	Growth	0.42675173	0.25408146	0.99599934
K261I	K261I	261	261	-2.2290444	-2.1319075	0.56668377	-2.6108994	-2.4430041	3.0720592	1.2072114				7	-0.6527001	2.2558312	8.842858	Growth	-0.3929653	1.358148	5.3239403
K261M	K261M	261	261	1.1214527	1.3263597	2.0399742	-0.2240565	-0.6725691				1.4281954	1.2520144	7	0.89591014	0.97207934	3.8105512	Growth	0.53939253	0.58525103	2.2941842
K261N	K261N	261	261	1.0210401	1.1845747	1.0083195	0.36927414				1.0464315	1.1354873	1.2156967	7	0.9972606	0.2884961	1.1309048	Growth	0.60041165	0.17369224	0.6808736
K261P	K261P	261	261	1.8705909	0.6991646	-1.7938976	3.0732248	2.9739082	-2.334856				4.6780863	7	1.3094603	2.6085787	10.225629	Growth	0.78837496	1.5705234	6.1564517
K261T	K261T	261	261	1.0538105	1.3281206	1.1724354				-0.43853042	0.89101785	-0.14827375	1.111724	7	0.7100435	0.702855	2.7551916	Growth	0.4274895	0.42316157	1.6587933
K261V	K261V	261	261	1.4899004	1.460167	0.5817507	-0.22419061	0.76945156	-0.6382279				1.8557217	7	0.75636756	0.9290709	3.641958	Growth	0.4553794	0.55935735	2.1926808
K261Y	K261Y	261	261	-0.076393455	1.6894047	1.7270411				2.3085852	1.2323126	1.3516967	1.3267677	7	1.3656307	0.7329759	2.8732655	Growth	0.82219297	0.4412962	1.729881
H265A	H265A	265	265	0.75405693				0.7352677	0.20477018	0.77306366	0.6071798	1.5271101	1.1248937	7	0.8180489	0.41442117	1.624531	Growth	0.49251533	0.24950682	0.97806674
H265E	H265E	265	265	0.13128541	0.75878215	0.7319754	1.20123	0.54715186	1.1297615	1.1472237				7	0.8067728	0.38888922	1.5244458	Growth	0.48572645	0.23413503	0.91780937
H265F	H265F	265	265	0.8257236	1.1367308	1.3117867				2.951801	0.48158988	0.7446524	-2.1054451	7	0.7638341	1.5023941	5.8893847	Growth	0.45987472	0.90453285	3.5457687
H265G	H265G	265	265	0.48289475	-2.4167476	-2.3410175	0.98627484	0.6473857				1.8299282	1.396056	7	0.08353923	1.741399	6.8262844	Growth	0.05029571	1.0484284	4.1098394
H265K	H265K	265	265	1.4839647	0.6867494	1.0596986	0.5711669	0.16966012	-2.4247382				2.0140636	7	0.50865215	1.430412	5.6072154	Growth	0.3062396	0.86119527	3.3758855
H265M	H265M	265	265	1.1367347	0.754759	-2.4200592	-1.173832				0.51168495	0.6244683	0.5280094	7	-0.0054621017	1.2927208	5.067466	Growth	-0.0032885182	0.77829677	3.0509233
H265N	H265N	265	265	0.91434634				-0.38012138	-0.537069	-0.087269865	-0.075908475	0.5365748	0.6627403	7	0.14761324	0.5563201	2.1807747	Growth	0.08887217	0.33493862	1.3129594
H265P	H265P	265	265	0.61898535	0.27676654	-0.42035687	-0.14481926	0.11143273				0.096950546	0.37827837	7	0.13103391	0.34208602	1.3409772	Growth	0.078890406	0.20595664	0.80735004
H265Q	H265Q	265	265	0.9895709	0.7506735	0.58629197	0.22319815	0.2785594				1.1607558	0.99276614	7	0.71168804	0.36545688	1.432591	Growth	0.42847958	0.22002733	0.86250716
H265R	H265R	265	265	0.30854222	0.5074094	0.4879074	-0.18827088				0.374199	0.44313765	0.42782202	7	0.33724955	0.24132583	0.94599724	Growth	0.20304479	0.14529286	0.569548
H265S	H265S	265	265	1.8004194	2.1354756	0.30351627	0.2953283	0.51979357	-0.17756735	0.7100468				7	0.79814464	0.8492884	3.3292105	Growth	0.48053175	0.5113234	2.0043879
H265T	H265T	265	265	0.72092205	0.8644435	0.8653383	0.05591293	0.19120413	0.2646349	0.93388027				7	0.55661947	0.3716796	1.456984	Growth	0.33511886	0.22377378	0.8771932
H265V	H265V	265	265	1.7358379	0.11883369				0.8598983	1.4538633	0.47487536	1.0939806	0.6899564	7	0.918178	0.5593721	2.1927388	Growth	0.55279917	0.33677614	1.3201625
D268A	D268A	268	268	1.266801				0.19326584	0.124296635	0.9122454	0.8546568	1.0109396	0.97780913	7	0.76285917	0.43294466	1.6971431	Growth	0.45928773	0.26065907	1.0217836
D268C	D268C	268	268	0.185657	0.34603503	0.5093169				1.1283154	0.6935405	5.1209435	1.3012327	7	1.3264344	1.7208998	6.7459273	Growth	0.79859436	1.0360867	4.06146
D268E	D268E	268	268	0.64732325	1.4191325	0.84576976				1.3281143	0.8616179	1.8278857	1.230214	7	1.1657225	0.40759337	1.597766	Growth	0.701836	0.24539606	0.96195257
D268F	D268F	268	268	1.6732732	1.4234822	1.5024585				1.4830327	1.6923431	1.732505	1.4195505	7	1.5609494	0.1339747	0.5251808	Growth	0.93978673	0.08066094	0.3161909
D268G	D268G	268	268	2.0673993	1.6378413	0.32756436				0.039347455	1.2698438	0.39122835	1.5870916	7	1.0457594	0.7847126	3.0760734	Growth	0.62961096	0.47244483	1.8519838
D268H	D268H	268	268	1.2140576				0.33286414	0.5073904	1.0630338	1.0989176	1.1958576	1.1875591	7	0.9428115	0.36468208	1.4295537	Growth	0.56763	0.21956085	0.86067855
D268I	D268I	268	268	1.211322	1.479817	2.0654342	-0.14249423	0.61319536	1.1493373				0.39212015	7	0.96696174	0.73588055	2.884652	Growth	0.58216995	0.44304496	1.7367363
D268K	D268K	268	268	2.7351115	1.3175892	4.6028776	-2.6439233	0.42489788				-2.3890052	1.0793628	7	0.73241574	2.6042135	10.208517	Growth	0.44095892	1.5678953	6.1461496
D268N	D268N	268	268	0.9956301	2.0391345	1.6870693	0.2288634	1.0712483	3.1638944	0.40159354				7	1.3696333	1.0194557	3.9962664	Growth	0.8246028	0.6137745	2.405996
D268P	D268P	268	268	-1.2947493				-1.2453756	-1.7564105	-2.772217	-1.092408	-0.48784608	-2.478799	7	-1.5896865	0.80452603	3.153742	Growth	-0.95708823	0.48437372	1.8987451
D268Q	D268Q	268	268	1.3524543				0.9430604	0.22287981	0.75399256	1.7738396	0.86152214	1.559983	7	1.0668188	0.53107333	2.0818076	Growth	0.64229	0.31973854	1.253375
D268S	D268S	268	268	5.364635	5.1638503	0.69193494				-0.75727975	2.893441	1.2329552	1.881691	7	2.3530324	2.279346	8.935037	Growth	1.4166689	1.3723053	5.379437
D268T	D268T	268	268	-2.2696214	0.32239848	4.5695877	0.50807315				0.6750339	4.8243423	4.529486	7	1.8799	2.7659361	10.84247	Growth	1.1318144	1.6652622	6.527828
D268V	D268V	268	268	-2.3236365	4.9408813				0.10173316	0.7575158	0.6872533	0.091998674	0.67679197	7	0.7046482	2.1547968	8.446804	Growth	0.4242412	1.297319	5.0854907
D268W	D268W	268	268	4.8889527	4.8970566				-2.3270802	-2.1183755	5.1977196	0.23200837	4.830775	7	2.228722	3.4981403	13.71271	Growth	1.3418266	2.106094	8.255888
D268Y	D268Y	268	268	1.096741	0.8286187	0.7372063	0.17992617	0.23784846	0.19644184	0.6061164				7	0.55469984	0.35916367	1.4079217	Growth	0.33396313	0.21623842	0.84765464
F269C	F269C	269	269	-2.5616686	0.35758382				-0.197027	0.60728526	0.13624291	0.49671116	1.0287541	7	-0.018874066	1.184536	4.643381	Growth	-0.011363339	0.7131629	2.7955985
F269E	F269E	269	269	1.2317262	0.67295676	0.6165966	1.1913192	-2.5194676				-2.5046208	1.5859041	7	0.039202075	1.7745718	6.9563217	Growth	0.02360204	1.0684004	4.1881294
F269H	F269H	269	269	1.7455807	0.3417947	1.0988193	0.4398964				0.8764903	0.9094038	0.6017451	7	0.8591043	0.47534445	1.8633503	Growth	0.51723313	0.28618634	1.1218505
F269I	F269I	269	269	0.18108258	0.46002737	0.23102139	-0.16481438	-0.55111045	-0.12573199	0.077155136				7	0.015375657	0.3288313	1.2890186	Growth	0.009257083	0.19797648	0.77606785
F269L	F269L	269	269	0.6931361	1.0240576	0.6848927	-0.83399826				0.3155473	-2.5765014	0.06208092	7	-0.090112135	1.250247	4.9009686	Growth	-0.054253	0.75272495	2.950682
F269R	F269R	269	269	0.90833753				0.19750476	0.07101182	0.6769923	0.5349591	0.55201757	1.598863	7	0.6485266	0.5050754	1.9798956	Growth	0.39045256	0.30408618	1.1920178
F269S	F269S	269	269	1.1195366	1.5164864	0.7856851	-0.061935704	-0.803608	0.48901182	1.6106843				7	0.6651229	0.8714675	3.4161525	Growth	0.40044457	0.52467656	2.0567322
F269T	F269T	269	269	5.3205395	0.6749437	4.6518126	-2.653388	-0.57330567	-0.4788957				1.0981574	7	1.148552	2.8859801	11.313043	Growth	0.6914983	1.737536	6.811141
F269V	F269V	269	269	-0.45604706				-2.5319567	0.94114494	-0.30313164	-2.6573403	-2.4207253	1.0981296	7	-0.90427524	1.6329772	6.401271	Growth	-0.5444288	0.98315185	3.8539553
F269Y	F269Y	269	269	1.3926831	1.031943	1.3467226	1.0137341	0.04629489	0.19940124				1.0434275	7	0.8677438	0.5331637	2.0900018	Growth	0.52243465	0.32099706	1.2583085
V270A	V270A	270	270	0.8490413	1.0387609	0.5666473	0.96510303	0.66029984	0.8732141				1.1650814	7	0.8740211	0.20853908	0.81747323	Growth	0.526214	0.12555325	0.49216875
V270C	V270C	270	270	0.16913895	2.0629737				0.10887055	0.36348116	0.87455124	1.0727026	0.97889173	7	0.80437285	0.67983943	2.6649706	Growth	0.4842815	0.4093048	1.6044748
V270E	V270E	270	270	-0.7484446	-2.5641665	-0.023081843	-0.3040723	-0.30661464	-2.4163833				-2.2404897	7	-1.2290362	1.1259898	4.41388	Growth	-0.7399547	0.6779145	2.657425
V270F	V270F	270	270	1.4439747	1.0467386	1.1389688	3.2174826				0.019856598	0.9959478	1.3376522	7	1.3143746	0.95905566	3.7594984	Growth	0.7913336	0.57741	2.2634473
V270I	V270I	270	270	0.011325779	2.4288595				0.550365	0.74493045	2.5513103	-2.1410203	0.70432276	7	0.6928705	1.5804032	6.195181	Growth	0.4171503	0.9514991	3.7298765
V270K	V270K	270	270	1.2307363	-2.2515452	0.7675512				0.41518864	5.698644	0.0016614037	5.2983856	7	1.5943745	2.8896053	11.327253	Growth	0.9599107	1.7397186	6.819697
V270L	V270L	270	270	0.85032797	3.305742	1.4216632	0.31213978	3.180615	2.1666048				1.2684679	7	1.7865086	1.1436602	4.483148	Growth	1.075587	0.68855315	2.6991284
V270M	V270M	270	270	2.7556207	1.3172094				0.597298	1.2346938	2.0674617	2.0636196	2.7017794	7	1.819669	0.8024847	3.14574	Growth	1.0955517	0.4831447	1.8939272
V270Q	V270Q	270	270	1.2669494	0.4045565	-2.2071412				-0.53623205	0.74721426	0.24492763	0.2799321	7	0.02860096	1.126854	4.4172673	Growth	0.017219521	0.6784348	2.6594644
V270R	V270R	270	270	-0.6536393	0.33162138	2.0442657	-2.585592	-2.5317435	0.73419815	-0.30882996				7	-0.42424566	1.6924235	6.6343	Growth	-0.25542176	1.0189421	3.9942532
V270S	V270S	270	270	-2.5516486	0.90328336	0.30910823	-0.42653367	0.3929838				0.49294394	-0.33597922	7	-0.17369175	1.1477108	4.4990263	Growth	-0.10457303	0.6909919	2.7086883
V270T	V270T	270	270	2.0045886	1.1967359				-2.3793843	-0.034605447	0.12418156	1.9062397	2.352261	7	0.7385739	1.6571604	6.496069	Growth	0.44466653	0.9977116	3.9110296
V270Y	V270Y	270	270	2.0451512	2.1352477				1.0071108	1.9588822	1.8334152	2.282116	0.69342077	7	1.7079061	0.60897565	2.3871846	Growth	1.0282636	0.36664048	1.4372307
A275D	A275D	275	275	1.3697469	1.4616473	4.709869	-0.53989553	-2.4867544				2.6019115	1.1463791	7	1.1804149	2.2730815	8.91048	Growth	0.71068174	1.3685337	5.364652
A275H	A275H	275	275	0.39183354	1.2456104	1.0575349	0.0042080004				0.9046403	0.4712478	0.81914973	7	0.6991749	0.43069944	1.6883419	Growth	0.4209459	0.25930732	1.0164847
A275M	A275M	275	275	0.671686	1.043625	1.107503	0.3200903				1.0365316	0.6910295	1.8572296	7	0.96109927	0.48383442	1.896631	Growth	0.57864034	0.29129782	1.1418875
A275N	A275N	275	275	0.6797699				-0.7705542	-0.85575193	-0.43547207	-2.8744512	0.59764653	-0.17335172	7	-0.5474521	1.1923062	4.67384	Growth	-0.32959953	0.717841	2.813937
A275R	A275R	275	275	1.2294812	1.1531668	1.5935018	0.41489762				1.1488457	1.2253592	1.1195067	7	1.1263942	0.35263443	1.382327	Growth	0.678158	0.21230742	0.8322451
A275V	A275V	275	275	0.56040496				-2.5589602	-2.4157917	0.4107075	-2.8902564	-2.6897671	-0.20466554	7	-1.3983326	1.5710951	6.158693	Growth	-0.8418815	0.9458951	3.7079089
K276D	K276D	276	276	-2.626859	0.9805938				-0.90806115	0.39049286	0.3445929	0.934849	0.7267375	7	-0.022522006	1.313792	5.1500645	Growth	-0.013559621	0.7909829	3.100653
K276F	K276F	276	276	0.69562906				-0.55799127	-0.10809579	-0.17492558	-2.8187137	1.2331545	0.35792574	7	-0.19614525	1.3014194	5.101564	Growth	-0.118091404	0.7835338	3.0714526
K276H	K276H	276	276	-0.36949524	-2.3790734	0.54123276	0.32774985				1.2146398	1.6388378	-2.0789633	7	-0.15786739	1.5548656	6.095073	Growth	-0.09504579	0.9361239	3.6696057
K276I	K276I	276	276	4.8835673	-1.8861974				0.55329823	4.384496	-2.176773	-1.9785088	0.3088876	7	0.58410996	2.9804049	11.6831875	Growth	0.35166982	1.7943854	7.033991
K276L	K276L	276	276	-0.06167247	0.71064156	0.17593198	-0.11353713	-0.6037162	-0.7247747				0.37431517	7	-0.034687404	0.5122042	2.0078404	Growth	-0.020883933	0.30837813	1.2088423
K276Q	K276Q	276	276	1.3060585	3.28457	1.4389224	0.013578862	-0.20411262	-2.4443018	0.5477985				7	0.56321627	1.7635542	6.9131327	Growth	0.33909053	1.0617672	4.1621275
K276S	K276S	276	276	0.6231245	0.87062573				-0.57895917	0.29429415	-0.0044558765	1.3595054	0.92958033	7	0.49910212	0.65022427	2.5488791	Growth	0.3004899	0.39147466	1.5345807
K276V	K276V	276	276	-2.0675654	-1.9911379	-1.9282624	-2.5525641	-2.4590755	3.0794713				4.935777	7	-0.42619386	3.0847433	12.092194	Growth	-0.2565947	1.8572035	7.2802377
K276Y	K276Y	276	276	0.5545891	-0.49244452	1.1349602	-2.8049188	0.42721498	0.55691326				0.5937102	7	-0.004282236	1.3260721	5.1982026	Growth	-0.0025781672	0.79837626	3.129635
A295F	A295F	295	295	-2.3939848	-0.3542049	-2.2382636	-0.09014378	-2.5310476				0.12996106	3.6211398	7	-0.5509349	2.1712368	8.511249	Growth	-0.33169642	1.3072169	5.1242905
A295H	A295H	295	295	-2.43757				-1.3404945	1.2555591	2.105639	5.7280974	1.5677668	1.6431153	7	1.2174447	2.6249583	10.289837	Growth	0.7329759	1.580385	6.1951094
A295I	A295I	295	295	5.3092313	2.4123397	4.719419	1.8897879	-0.24826962	3.1263947				5.1957846	7	3.20067	2.040167	7.997455	Growth	1.9269985	1.228305	4.8149557
A295K	A295K	295	295	0.51182204				-2.6401834	-0.53352624	-2.6341999	0.9236046	1.1820725	-0.051239435	7	-0.4630928	1.5920621	6.240884	Growth	-0.2788101	0.95851845	3.7573924
A295L	A295L	295	295	1.0593457	0.78021234				-0.49944377	1.0303397	2.0494826	4.990159	5.385887	7	2.1137118	2.231494	8.747457	Growth	1.2725834	1.3434954	5.266502
A295Q	A295Q	295	295	-0.18671784	-2.0255568				-2.3386507	-2.243465	5.3663354	1.2358534	1.0633007	7	0.12444276	2.7684913	10.852486	Growth	0.07492213	1.6668005	6.5338583
A295S	A295S	295	295	1.3562741	1.0332803	1.4058344	0.23266898	0.99979275	0.74830216				1.4408021	7	1.0309936	0.4344482	1.703037	Growth	0.620721	0.2615643	1.0253321
A295T	A295T	295	295	0.5043513	0.8472644	0.8399314				0.90110046	0.6021817	1.2666323	0.8311097	7	0.8275102	0.24290116	0.9521726	Growth	0.4982116	0.1462413	0.5732659
A295V	A295V	295	295	0.9940564	1.7965547	0.42001152				0.530245	1.0106032	0.58842254	0.7191455	7	0.8655769	0.46788388	1.8341049	Growth	0.5211301	0.28169462	1.1042429
A295W	A295W	295	295	0.7228966	0.5065641				0.016898964	-0.05265827	0.47349745	0.48434317	0.06199721	7	0.3162199	0.3013613	1.1813363	Growth	0.19038366	0.18143788	0.7112365
A295Y	A295Y	295	295	-2.509091	0.70850956	-0.11182847	-2.6815224				-2.7819097	-2.5518599	0.5957439	7	-1.3331368	1.6414291	6.434402	Growth	-0.80262965	0.98824036	3.8739023
E303A	E303A	303	303	1.6068878	1.2593359				0.6451275	1.3202766	2.1354926	1.2645975	0.9495977	7	1.3116165	0.47368082	1.8568288	Growth	0.78967315	0.28518474	1.1179242
E303D	E303D	303	303	1.5332083	1.4546831	1.0500832	0.26462284				1.2253239	1.1116582	1.2863511	7	1.1322757	0.41974056	1.645383	Growth	0.68169904	0.25270942	0.9906209
E303F	E303F	303	303	1.3454468	0.9223149	-0.30164623	-2.6424632	0.38094342	0.23624055				0.6037841	7	0.077802904	1.307517	5.125467	Growth	0.04684209	0.787205	3.0858436
E303H	E303H	303	303	0.5796285	1.2873241	1.2886308	-0.29875103	1.1635202				0.93995595	1.5186534	7	0.9255661	0.61777717	2.4216866	Growth	0.5572472	0.3719395	1.4580029
E303K	E303K	303	303	0.8946959	2.6761496	0.86157054	0.94147617	-0.70055103				-2.422403	-1.9927043	7	0.03689056	1.8216792	7.1409826	Growth	0.022210365	1.096762	4.299307
E303L	E303L	303	303	1.0562284	0.7641903	1.0146332				0.19869378	0.5860054	0.4794184	0.8454815	7	0.70637876	0.306554	1.2016916	Growth	0.42528307	0.18456419	0.7234916
E303N	E303N	303	303	0.7126504				3.0910113	-0.18279369	0.3399527	-2.5999005	0.48791757	5.2818284	7	1.0186666	2.511397	9.844676	Growth	0.6132994	1.512014	5.927095
E303S	E303S	303	303	0.035354514	1.335655				0.13075513	0.089607686	0.7216824	-2.5983858	0.38131958	7	0.013712653	1.2400856	4.8611355	Growth	0.008255853	0.7466071	2.9266999
E303T	E303T	303	303	-2.4192173	0.98015445	1.3636242	-0.44130573	-2.5409615	0.35997				4.231191	7	0.21906506	2.3459418	9.196092	Growth	0.13189052	1.4124	5.536608
E303W	E303W	303	303	0.91298693	0.30494744	-2.3130763	0.14048949	-0.1185972				1.6850195	1.342091	7	0.279123	1.3169278	5.162357	Growth	0.16804907	0.7928708	3.1080537
E303Y	E303Y	303	303	5.385559	-2.363369	-2.2929676	0.33316535	-2.4554121				1.3035382	-2.0138688	7	-0.30047926	2.918629	11.441026	Growth	-0.18090683	1.7571926	6.888195
Y322D	Y322D	322	322	-0.15878157	-2.4520576	-2.419983	-2.7983408	-0.59677607	-2.4730203				-2.1340601	7	-1.8618599	1.0396597	4.075466	Growth	-1.1209532	0.62593853	2.453679
Y322E	Y322E	322	322	-2.6597536	-1.20071	-0.19910653	-2.7359667	0.06478723	-2.4600127	-0.3108082				7	-1.3573673	1.2447551	4.8794403	Growth	-0.8172179	0.7494185	2.9377205
Y322F	Y322F	322	322	5.517328	2.363542				0.48211184	1.1343073	1.6856593	1.8833853	1.7339456	7	2.1143258	1.6149751	6.3307023	Growth	1.272953	0.97231346	3.8114688
Y322G	Y322G	322	322	1.9234924	3.09937	4.5061855				1.1726327	3.3617544	2.1036077	-1.8170747	7	2.0499952	2.0247486	7.9370146	Growth	1.234222	1.219022	4.7785664
Y322I	Y322I	322	322	2.5219204	2.4760177	0.029726407	0.84450996	1.0546783				1.2045223	1.0166032	7	1.3068541	0.8987451	3.5230808	Growth	0.78680587	0.54109937	2.1211095
Y322K	Y322K	322	322	4.984917	1.9725796	4.696882	0.07776223	0.6873459				1.3566502	4.736901	7	2.6447196	2.1054134	8.253221	Growth	1.5922824	1.2675873	4.968942
Y322M	Y322M	322	322	5.125445	2.0001621				3.1421487	4.7322364	5.493134	0.11299743	-1.8448192	7	2.680186	2.7642012	10.835669	Growth	1.6136354	1.6642176	6.523733
Y322N	Y322N	322	322	0.9387754	0.79363763	0.97247034	-0.19029179	0.6299242	0.8962575	0.6049071				7	0.66366863	0.40329307	1.5809089	Growth	0.39956897	0.24280702	0.9518035
Y322Q	Y322Q	322	322	2.4330041	5.411479				1.0465229	1.5456687	3.4065545	1.7761254	5.513131	7	3.0189264	1.8277647	7.164838	Growth	1.8175777	1.1004258	4.313669
Y322R	Y322R	322	322	5.2547674				0.8340334	1.1109165	-2.4207723	5.6118846	4.8678937	1.1901244	7	2.3498352	2.9820693	11.689712	Growth	1.414744	1.7953875	7.037919
Y322T	Y322T	322	322	1.3429319	1.9783113	0.7939554	-0.6590747	0.5045838	0.837101				1.7109964	7	0.9298293	0.8768029	3.4370675	Growth	0.5598139	0.52788883	2.0693243
Y322W	Y322W	322	322	0.6351689	5.224082	0.09009754	2.7413108	-2.5100129				1.0042758	1.8863696	7	1.2958988	2.3919666	9.376509	Growth	0.7802101	1.4401097	5.6452303
K323C	K323C	323	323	0.07006297	0.48082888				-0.45922148	-2.6683705	0.867423	0.9519901	0.743114	7	-0.0020247188	1.2765898	5.004232	Growth	-0.0012190042	0.76858485	3.0128527
K323D	K323D	323	323	1.4460669	-2.0699012	0.34224755	0.4910735	3.1021345				-2.1932793	-1.7851102	7	-0.09525262	2.0120764	7.8873396	Growth	-0.057347883	1.2113926	4.748659
K323F	K323F	323	323	-2.1629996	5.0785303	0.053349044				0.59436876	-2.4046907	4.733092	5.044989	7	1.5623769	3.35101	13.13596	Growth	0.9406461	2.0175123	7.9086485
K323G	K323G	323	323	2.9343655	0.93788165	4.6815844	3.109363				2.3594053	-0.09307485	0.5317499	7	2.0658965	1.6861303	6.609631	Growth	1.2437956	1.0151533	3.9794009
K323I	K323I	323	323	0.03319043	-0.11903533	-0.46402898	-0.70734966	-0.49911824	-0.34073344				0.054266002	7	-0.29182988	0.28952482	1.1349373	Growth	-0.17569938	0.1743116	0.68330145
K323L	K323L	323	323	0.48561645	-2.3791249	-2.3027828	-2.7611954	0.582458				-2.4677641	2.0480044	7	-0.97068405	1.9515342	7.650014	Growth	-0.58441097	1.1749425	4.605775
K323M	K323M	323	323	-0.35335025	0.91289717	0.1749254	-0.2787807	-2.5857742	-2.4579608	0.33660913				7	-0.60734767	1.3738972	5.3856773	Growth	-0.36566034	0.8271699	3.242506
K323Q	K323Q	323	323	0.4793317	0.31828186	0.6236971				0.28944927	0.79608077	0.5268383	0.78933877	7	0.5461454	0.204237	0.80060905	Growth	0.3288128	0.12296312	0.48201546
K323R	K323R	323	323	0.7058265				0.3932779	0.9499865	0.9873419	1.6182323	1.5049487	5.32766	7	1.6410391	1.680606	6.5879755	Growth	0.98800564	1.0118272	3.9663627
K323S	K323S	323	323	0.7637802	0.50635797	1.6566812	-0.49873847	-0.21191078	0.03244385				1.0730653	7	0.47452563	0.7587596	2.9743378	Growth	0.28569338	0.45681956	1.7907327
K323V	K323V	323	323	2.0942175	-2.2314494	1.6185627	-2.639337	1.4423167				0.71304125	1.1401925	7	0.30536345	1.9229741	7.5380588	Growth	0.18384741	1.1577476	4.5383706
K323W	K323W	323	323	-2.6893244	-2.5663824	-0.9704451				0.12516849	0.21195774	0.5670602	-0.58672893	7	-0.8440992	1.3228394	5.1855307	Growth	-0.5081992	0.79643	3.1220057
K323Y	K323Y	323	323	-2.589387				0.13073358	-2.4432623	0.14172608	0.11463539	-1.9922451	-0.5582208	7	-1.028003	1.2654312	4.96049	Growth	-0.61892045	0.76186675	2.9865177
M326A	M326A	326	326	5.5555854				3.095884	3.2008095	4.9047127	5.9444666	2.0039682	2.8058949	7	3.9301891	1.5193939	5.956024	Growth	2.3662136	0.9147678	3.5858898
M326C	M326C	326	326	-2.2947109				1.191031	1.1117958	-2.4522827	-0.6324683	4.8223724	0.7054878	7	0.35017505	2.4909396	9.764483	Growth	0.21082674	1.4996976	5.8788147
M326D	M326D	326	326	0.9929442	1.2951089	0.0076377112				0.5024373	1.1820697	1.2219888	3.019212	7	1.1744854	0.9368404	3.6724145	Growth	0.70711184	0.56403506	2.2110174
M326F	M326F	326	326	1.350112	0.6280503	-2.238817	0.19926186	-0.4355022	-0.5969204				1.0365639	7	-0.008178779	1.2171845	4.7713637	Growth	-0.0049241236	0.7328193	2.8726518
M326H	M326H	326	326	5.4836297	2.604471	4.8215075	1.5622056	0.4530949				2.4802003	1.2879567	7	2.6704376	1.8546219	7.2701178	Growth	1.6077663	1.1165955	4.3770547
M326L	M326L	326	326	-2.2725778				-2.505658	0.70392275	4.6383348	1.6109855	-0.26678592	-1.9001712	7	0.0011500461	2.5732496	10.087138	Growth	0.0006923979	1.5492531	6.0730724
M326R	M326R	326	326	1.7885926	5.4017396	1.1389416	0.5949256	1.4039809	2.6567278	2.4070034				7	2.1988447	1.5815388	6.199632	Growth	1.3238386	0.95218277	3.7325566
M326T	M326T	326	326	1.9032441	2.6695886	2.3965838	1.2548947	1.1044909				2.1809278	1.646966	7	1.8795279	0.58136064	2.2789338	Growth	1.1315904	0.35001454	1.372057
M326V	M326V	326	326	1.5864354				0.89808017	1.1633819	1.7233193	1.8873746	1.9222656	1.9218718	7	1.5861043	0.40566972	1.5902253	Growth	0.9549315	0.2442379	0.9574126
M326Y	M326Y	326	326	5.3041363	5.16773	0.17799164				1.5834154	0.46961424	1.5655408	1.7189674	7	2.2839139	2.101216	8.236767	Growth	1.3750554	1.2650602	4.959036
M328A	M328A	328	328	0.47142026	0.72324187	0.534037	-0.21771468	-0.7284635				0.9108526	0.49287254	7	0.3123209	0.57711	2.2622712	Growth	0.18803622	0.3474554	1.3620253
M328D	M328D	328	328	1.0745006	5.083261	-2.1079383	-2.6671867	-2.5160763	-0.581107				1.6913311	7	-0.0033165046	2.83079	11.096697	Growth	-0.001996738	1.7043082	6.680888
M328E	M328E	328	328	1.0566367	0.9583005	-2.0180933	-0.102570035	3.138308				1.390413	0.6167639	7	0.7199655	1.5627013	6.125789	Growth	0.43346313	0.9408415	3.6880987
M328F	M328F	328	328	2.1806555	5.5067124	1.0358456	0.83735454				3.3319879	4.5954666	1.5796782	7	2.723957	1.8087527	7.0903106	Growth	1.6399882	1.0889794	4.2687993
M328I	M328I	328	328	2.7555015				3.1491375	3.0399458	4.796045	5.800664	4.974653	-2.0161896	7	3.2142508	2.5785396	10.107876	Growth	1.935175	1.552438	6.085557
M328K	M328K	328	328	-0.80281395	-2.0690966	0.9261422	-2.6418548				5.425072	-2.2042174	0.90589046	7	-0.0658397	2.8238	11.069297	Growth	-0.039639514	1.7000998	6.6643915
M328L	M328L	328	328	5.400109	1.1945803				-0.31843406	0.045214564	5.5560927	4.943163	5.2523313	7	3.1532936	2.7074225	10.613096	Growth	1.898475	1.6300334	6.389731
M328N	M328N	328	328	0.12057369	-0.098052636	-1.01437	0.17760144				1.030348	0.8434971	-2.0849993	7	-0.14648595	1.0843401	4.250613	Growth	-0.088193476	0.6528388	2.5591283
M328Q	M328Q	328	328	0.40091398	1.5876814	-0.030753065	-2.5881765	0.68725866				0.3209793	1.0057318	7	0.19766222	1.335067	5.233463	Growth	0.11900471	0.80379176	3.1508636
M328T	M328T	328	328	5.0081787	4.5058637	0.79685223	3.1282282	3.0965745	-0.9996203	2.2002954				7	2.5337675	2.0934389	8.206281	Growth	1.5254825	1.2603779	4.9406815
M328W	M328W	328	328	-2.2586257	-2.14715	4.505241				4.7000003	-2.4949434	1.3991472	1.6602734	7	0.7662775	3.1338856	12.284832	Growth	0.46134576	1.8867903	7.396218
D329A	D329A	329	329	0.58535385	1.6230003	0.9864774	-1.066878	-1.3377244	-2.4209695				1.2198236	7	-0.0587024	1.5385374	6.031067	Growth	-0.035342425	0.9262933	3.63107
D329C	D329C	329	329	1.0086511	0.26433346	0.87704176	-2.6430182	-0.015485633	-2.4208	-2.4649162				7	-0.77059907	1.6644099	6.524487	Growth	-0.46394762	1.0020763	3.928139
D329G	D329G	329	329	0.697571	0.71283907	0.3482756	-0.05020614	-0.3454946				0.504898	0.8366994	7	0.38636893	0.437407	1.7146354	Growth	0.23261766	0.2633457	1.0323151
D329H	D329H	329	329	-2.4709551	0.022036871				-0.48195186	0.21946938	0.29364458	-2.5412738	0.6933098	7	-0.60938865	1.3423887	5.262164	Growth	-0.36688912	0.8081999	3.1681435
D329K	D329K	329	329	0.050695192	-0.14568159	0.17884548	0.43114778	-1.2394196	-2.4070575	0.035938893				7	-0.44221878	1.0168697	3.986129	Growth	-0.26624268	0.61221755	2.3998928
D329L	D329L	329	329	0.66100216	0.54574054	1.0486609	-2.668053				0.86557543	1.0739367	0.77807903	7	0.32927743	1.3355371	5.2353053	Growth	0.1982451	0.80407476	3.1519732
D329M	D329M	329	329	0.7706476	0.69339657	1.2881143	-2.6425693	0.35299486				1.1527433	0.5252825	7	0.3058014	1.3411344	5.257247	Growth	0.18411109	0.8074447	3.1651833
D329R	D329R	329	329	0.1795061	0.65809005	0.5489476				-2.6005356	-2.794749	-2.6273568	0.37751007	7	-0.894084	1.6728156	6.557437	Growth	-0.53829306	1.007137	3.9479768
D329S	D329S	329	329	1.0896655	5.110232				3.1394377	-0.36179554	-0.019273259	0.7420379	-1.8754665	7	1.117834	2.3313196	9.138773	Growth	0.6730042	1.4035965	5.5020986
D329T	D329T	329	329	2.6230485	5.144856				3.0935757	-2.426661	5.585538	-0.041389767	-1.9133326	7	1.7236621	3.2370906	12.689395	Growth	1.0377496	1.9489259	7.6397896
D329V	D329V	329	329	5.251021	1.1430389	-0.4000777	-2.626921	-0.23922816	3.1260118				0.34467855	7	0.94264615	2.5712657	10.079362	Growth	0.56753045	1.5480587	6.0683904
D329Y	D329Y	329	329	5.3440876	-2.3083608	1.4940674	-0.15305702	0.83402663	-2.302624	0.7556095				7	0.52339274	2.6075056	10.221422	Growth	0.31511435	1.5698774	6.1539197
Y333A	Y333A	333	333	0.023121094	4.7388515	1.020834	0.17050408	0.19631235				1.0069245	1.2522647	7	1.2012589	1.6354339	6.410901	Growth	0.7232311	0.98463094	3.8597534
Y333D	Y333D	333	333	-0.10721231	1.118159	0.84710234				0.6845451	0.3718665	-0.25803933	-2.2489119	7	0.05821565	1.1318649	4.4369106	Growth	0.03504937	0.6814517	2.6712906
Y333E	Y333E	333	333	5.351154	5.2010303	-2.3072104	-1.1022617				5.733347	4.996609	-0.06850269	7	2.543452	3.5303867	13.839116	Growth	1.5313132	2.125508	8.331992
Y333F	Y333F	333	333	2.892021	2.09312				1.115594	1.5220815	-2.6537251	1.6065853	0.029613111	7	0.9436129	1.8118882	7.102602	Growth	0.5681125	1.0908672	4.2761993
Y333I	Y333I	333	333	2.702458	1.7913557	4.6503644	0.505916	3.1076458	0.77264535	4.826316				7	2.6223857	1.7225702	6.7524753	Growth	1.5788361	1.0370923	4.065402
Y333K	Y333K	333	333	0.74403036	1.5836385				-2.3762078	0.993379	0.2933657	4.948297	1.3303068	7	1.0738299	2.1588695	8.462769	Growth	0.6465111	1.2997711	5.095103
Y333L	Y333L	333	333	-2.4631767				0.96915066	0.26461658	1.895103	-2.674882	0.964538	-2.060423	7	-0.4435819	1.8982995	7.4413342	Growth	-0.26706335	1.142892	4.480137
Y333N	Y333N	333	333	0.13801369	2.9852986	2.5089617	-0.7775954	0.56218106	0.031163834				5.308	7	1.5365747	2.152326	8.437119	Growth	0.92511165	1.2958316	5.07966
Y333P	Y333P	333	333	0.80771047	0.21073918	0.08158123	-0.48752302	-0.48826024	0.3180346				1.1890576	7	0.23304854	0.62106925	2.4345915	Growth	0.14030944	0.37392157	1.4657726
Y333R	Y333R	333	333	1.6922309	0.51308453	0.16478068				-0.7352709	4.8374095	0.941779	-2.0358284	7	0.76831216	2.1600397	8.467356	Growth	0.46257076	1.3004756	5.0978646
Y333V	Y333V	333	333	1.4025204	5.240458	1.6084172	0.071568005	1.5500349	1.7263001	1.6250551				7	1.8891934	1.5843902	6.2108097	Growth	1.1374096	0.9538995	3.7392862
Y333W	Y333W	333	333	1.2440164	1.4159735	4.7729588	0.805699	-0.33323142	-0.22206724				2.5089054	7	1.4560363	1.7605641	6.9014115	Growth	0.8766227	1.0599669	4.1550703
L336A	L336A	336	336	0.69475293	0.7754351	1.3248225	0.64773434	0.32045764	1.1810415	0.8204115				7	0.82352215	0.33714512	1.3216089	Growth	0.49581054	0.20298192	0.79568917
L336C	L336C	336	336	0.646393				-2.5189629	1.7147603	-0.057938557	0.46143293	1.5725698	1.056687	7	0.41070598	1.433439	5.619081	Growth	0.24727005	0.8630177	3.3830295
L336D	L336D	336	336	0.0062918877	-0.13403599	-2.0228772	-2.5328183	-2.4385521	-2.441587	1.0202172				7	-1.2204802	1.4746145	5.780489	Growth	-0.7348035	0.88780785	3.4802067
L336E	L336E	336	336	1.7543699	-2.1868944	0.56783015	0.9202147				-2.529187	-2.3105626	-1.9332613	7	-0.8167844	1.818084	7.126889	Growth	-0.491754	1.0945975	4.290822
L336F	L336F	336	336	-2.2949245	0.91691643	-2.1947606	-2.523886				-0.014499652	0.07614303	-1.9107091	7	-1.135103	1.4102007	5.527987	Growth	-0.6834012	0.8490268	3.328185
L336H	L336H	336	336	0.41627955	0.7826168				-2.461475	1.1455135	0.8130038	2.4118054	-2.0673163	7	0.14863256	1.7679448	6.9303436	Growth	0.08948586	1.0644106	4.1724896
L336K	L336K	336	336	0.17594288	0.095623784	-0.19887191	-1.0142341				0.04333737	1.042652	-2.206897	7	-0.2946353	1.0376292	4.067507	Growth	-0.17738841	0.6247161	2.448887
L336M	L336M	336	336	-2.2674575	-2.2122128	2.1462362				-2.3801863	1.5193682	-2.314207	0.3837889	7	-0.7320958	2.0152106	7.899626	Growth	-0.4407663	1.2132797	4.756057
L336N	L336N	336	336	-1.1267073	-0.9696885	-2.4447954	-1.257914	-2.4989185	-0.4048068	-0.366168				7	-1.2955712	0.87198484	3.4181807	Growth	-0.78001285	0.52498806	2.0579531
L336P	L336P	336	336	-2.6196363	-1.1026415	0.6828739				0.30636388	-2.8950386	-2.7049298	-2.2207873	7	-1.507685	1.4920052	5.8486605	Growth	-0.90771824	0.8982781	3.5212502
L336Q	L336Q	336	336	1.7366499	-2.2557695	-2.1970508				1.4078994	0.3562238	3.6964223	-1.9734951	7	0.11012573	2.3278704	9.125252	Growth	0.066302404	1.4015199	5.493958
L336R	L336R	336	336	0.78795505	0.67247295	0.42796835	-0.36318454	-0.013847647	-0.7649391				0.12902379	7	0.12506412	0.5598566	2.1946378	Growth	0.07529622	0.3370678	1.3213059
L336S	L336S	336	336	0.20769052				0.7429292	0.5310739	0.79773194	1.4140965	0.8483056	0.59760773	7	0.73420507	0.36889964	1.4460866	Growth	0.4420362	0.22210008	0.87063235
L336T	L336T	336	336	0.38619018	-0.11505995	0.6588106	-1.5308192	-0.5267531	-0.20498207	0.02212937				7	-0.18721202	0.70880866	2.7785301	Growth	-0.112713054	0.42674604	1.6728445
L336V	L336V	336	336	1.3460921	0.8101262	0.46140787	-0.0034174942	-0.49050122	0.5953017				0.6312023	7	0.47860163	0.5875305	2.3031197	Growth	0.28814736	0.3537292	1.3866185
V337A	V337A	337	337	0.33051363	-2.3809228	0.63492435	-0.5830733				0.7622769	0.6868599	-2.0893009	7	-0.3769603	1.350584	5.2942896	Growth	-0.22695309	0.81313396	3.1874852
V337C	V337C	337	337	-2.589381	0.6727868	-1.5272498	-0.9101078	0.28005347	0.088087514	-2.6400225				7	-0.9465476	1.3603042	5.3323927	Growth	-0.5698794	0.8189861	3.2104256
V337E	V337E	337	337	1.1776127	0.50360656	1.1169509	3.1950688	0.34340724				2.0904193	-2.05566	7	0.91020066	1.633539	6.403473	Growth	0.5479963	0.98349005	3.855281
V337I	V337I	337	337	1.611258	1.5245501	1.189273	1.8102587	0.7564744				2.5131586	1.1624427	7	1.5096308	0.56249577	2.2049835	Growth	0.9088898	0.33865675	1.3275346
V337K	V337K	337	337	-2.6434877	-2.4602487	-0.30508602	-1.1221807	-0.035722	-0.47213852				0.12899585	7	-0.98712397	1.1411363	4.473254	Growth	-0.5943088	0.68703365	2.693172
V337L	V337L	337	337	0.7921574	5.25733	1.7844884	1.0600129	0.10408596	-2.45986				-0.41562498	7	0.87465566	2.3612988	9.256291	Growth	0.52659607	1.4216459	5.572852
V337M	V337M	337	337	3.0695946	2.7081237	-0.9307491	0.6539369				-2.5568314	0.78778416	-1.953841	7	0.2540026	2.1822824	8.554547	Growth	0.15292506	1.3138671	5.150359
V337P	V337P	337	337	0.21838717				-0.9935157	-0.5024053	0.20938893	-0.15545312	-2.6044662	0.5303213	7	-0.4711061	1.0697417	4.1933875	Growth	-0.2836346	0.64404976	2.5246751
V337Q	V337Q	337	337	0.9912689	0.48593548	0.59769493	-0.1871583	0.9232412	-1.0798446				1.0768068	7	0.4011349	0.7813025	3.062706	Growth	0.24150768	0.47039175	1.8439357
V337T	V337T	337	337	0.8653297				-1.4469098	-1.1679144	0.21553357	-0.11284613	1.0143974	-0.37471858	7	-0.14387548	0.9389774	3.6807916	Growth	-0.08662181	0.5653217	2.216061
V337W	V337W	337	337	-2.339621	2.2471523	0.30317274	-0.50556916				-2.5417619	0.88812184	0.55746484	7	-0.19872005	1.7394773	6.818751	Growth	-0.11964159	1.0472714	4.105304
V337Y	V337Y	337	337	1.2973341				-0.090991616	0.40867883	0.35657054	1.1955174	-2.6892636	0.72925967	7	0.17244366	1.3521944	5.3006024	Growth	0.1038216	0.8141035	3.1912856
M340A	M340A	340	340	0.68373513	0.84693223				0.18926053	0.5139087	0.9393475	0.7715533	0.8058246	7	0.6786517	0.25421584	0.9965261	Growth	0.4085897	0.15305343	0.59996945
M340D	M340D	340	340	2.8438401	-2.158073	0.06453566				1.7456361	-0.39410686	-0.4726375	1.2971314	7	0.41804656	1.6650342	6.526934	Growth	0.25168952	1.0024521	3.9296124
M340F	M340F	340	340	1.2724841	2.6361058	-0.033309847	0.43887138	-0.14773512				1.335625	0.8295618	7	0.90451473	0.959935	3.7629454	Growth	0.544573	0.5779394	2.2655225
M340G	M340G	340	340	5.529101				0.28811622	0.37676635	-0.07371313	0.38152367	0.6522271	0.26304594	7	1.0595809	1.9825288	7.771513	Growth	0.6379323	1.1936033	4.678925
M340H	M340H	340	340	0.46064913				0.3916916	0.13660784	0.95691204	0.2771541	0.67333686	0.32146287	7	0.4596878	0.27516893	1.0786622	Growth	0.27676007	0.16566847	0.64942044
M340N	M340N	340	340	1.9384791	0.3915115				0.13214612	0.76904637	0.67456853	2.4806516	2.3173797	7	1.2433976	0.97267145	3.8128722	Growth	0.74860114	0.5856075	2.2955816
M340R	M340R	340	340	-2.7227848	-0.40093577	-0.15757611	-0.079809025	-0.7521149	-2.4417257	0.36110485				7	-0.8848344	1.2098953	4.7427893	Growth	-0.53272426	0.7284307	2.8554482
M340S	M340S	340	340	5.318967	0.8351323	-0.08902387	2.1468294				1.8626616	0.19355693	-1.9639398	7	1.1863118	2.2773645	8.927269	Growth	0.7142321	1.3711122	5.37476
M340T	M340T	340	340	0.35027567	0.50347894	-0.32977945	0.26786566	0.0009089308				0.697095	0.982725	7	0.35322428	0.43493482	1.7049445	Growth	0.21266255	0.26185727	1.0264806
M340W	M340W	340	340	1.6579	1.384321	1.3513104	2.4640896	3.167754				2.5799456	1.4333711	7	2.0055275	0.7249266	2.8417122	Growth	1.2074498	0.43645	1.7108841
M340Y	M340Y	340	340	0.8106424	0.994205	1.0958334	-0.68258125	0.018199064	-0.53610164				1.6889589	7	0.48416513	0.8955222	3.510447	Growth	0.29149693	0.53915894	2.113503
M345A	M345A	345	345	0.707853	0.6716525	0.69146717	0.029257536	-0.6978419	0.34323993				-0.22911	7	0.21664546	0.54158676	2.1230202	Growth	0.13043378	0.32606825	1.2781876
M345E	M345E	345	345	1.4377766	1.821285	4.659356	-2.701339	3.0480735	0.47257558				5.2195177	7	1.9938923	2.6869845	10.53298	Growth	1.2004447	1.6177285	6.3414955
M345H	M345H	345	345	1.2453554	4.2791324	1.4697475	-2.1461842	0.0622177				-0.47404402	0.76180273	7	0.74257535	1.9823031	7.7706285	Growth	0.44707564	1.1934674	4.6783924
M345K	M345K	345	345	-2.5594573	0.8900369	-2.3938587	-0.37753186	-0.59324354	-1.0297537	0.51667976				7	-0.792447	1.322848	5.185564	Growth	-0.4771014	0.7964351	3.1220257
M345N	M345N	345	345	1.0340309				0.013646663	-0.22597994	0.93463266	0.69750965	0.8242587	1.2668589	7	0.64927965	0.5498358	2.1553564	Growth	0.39090595	0.3310347	1.297656
M345P	M345P	345	345	-2.7470489	0.2199625				-2.4387507	0.054843415	0.6944455	-2.7350605	0.45099676	7	-0.92865884	1.6162989	6.3358917	Growth	-0.5591093	0.9731105	3.8145933
M345R	M345R	345	345	5.2242637	5.046678				1.2919252	-2.3088353	-2.4608896	-2.265711	-1.8595215	7	0.38113	3.49743	13.709927	Growth	0.2294635	2.1056662	8.254211
M345S	M345S	345	345	-0.018372945	0.40196314	0.21551766	-0.657925	-0.49806854	-0.1622409	0.19759767				7	-0.07450414	0.39068493	1.531485	Growth	-0.044856034	0.23521616	0.9220474
M345T	M345T	345	345	1.4718617	1.3514936	1.7293053				1.8202827	1.155452	1.1028404	1.1737496	7	1.4007121	0.28632432	1.1223913	Growth	0.8433141	0.1723847	0.675748
M345V	M345V	345	345	0.35148206	1.0690988				1.1201264	1.24046	0.51288664	1.118966	0.8494911	7	0.89464444	0.34009513	1.3331729	Growth	0.5386305	0.204758	0.8026514
M345W	M345W	345	345	-2.1551478	5.023518	0.80983865	-2.571913	0.8464211				4.69278	-1.8060288	7	0.69135267	3.1571493	12.376025	Growth	0.41623646	1.9007964	7.4511223
H358A	H358A	358	358	5.285441	5.1320524	1.3278773				4.678072	1.8417015	4.770392	1.4837579	7	3.502756	1.8432939	7.2257123	Growth	2.1088727	1.1097753	4.3503194
H358C	H358C	358	358	5.436832	5.2158675	-2.2499478	3.144783	-0.20089866	3.1007276				5.212708	7	2.8085818	2.9812362	11.686446	Growth	1.6909375	1.794886	7.035953
H358D	H358D	358	358	5.63594				3.022483	3.2159708	2.0652478	5.8211937	5.141247	5.3962584	7	4.3283343	1.5167899	5.9458165	Growth	2.6059213	0.9132	3.579744
H358E	H358E	358	358	2.2809567	2.5150075				3.2467463	3.1005268	2.8790622	5.100012	5.1466484	7	3.466994	1.1782346	4.6186795	Growth	2.0873418	0.70936906	2.7807267
H358F	H358F	358	358	1.2781478	1.672213	1.6930213	0.68434274	0.07794525				0.4588651	1.7475708	7	1.0874437	0.6779262	2.6574707	Growth	0.65470743	0.4081529	1.5999594
H358I	H358I	358	358	1.8409718	5.344072				2.1707542	4.9780903	3.7446089	4.983481	2.3050106	7	3.6238554	1.5102863	5.9203224	Growth	2.1817818	0.9092845	3.5643952
H358L	H358L	358	358	1.6210316	5.3383327	2.6127713	-0.01426241	0.4889709	1.0283834	4.735569				7	2.258685	2.0801835	8.15432	Growth	1.3598661	1.2523973	4.9093976
H358M	H358M	358	358	2.4088736				1.0963892	1.4734838	1.3984777	0.4528882	4.9855075	5.288271	7	2.443413	1.9307152	7.5684037	Growth	1.4710836	1.1624082	4.55664
H358N	H358N	358	358	-2.2474806	1.7673911	-2.1470551				0.39709997	0.15288462	-0.40381584	-1.8701282	7	-0.6215863	1.5232426	5.9711113	Growth	-0.37423286	0.91708493	3.594973
H358P	H358P	358	358	1.236242	-1.8530141	-1.787293				4.3499465	-2.1425376	4.439626	0.20863505	7	0.63594353	2.845807	11.155564	Growth	0.38287678	1.7133493	6.7163296
H358Q	H358Q	358	358	5.0658712				-2.507267	3.1129117	1.5915002	2.6674771	4.7045403	5.0356207	7	2.8100934	2.692637	10.555137	Growth	1.6918476	1.6211317	6.354836
H358T	H358T	358	358	5.3871174	2.6013806	4.683526	3.0592828	0.547236				4.991497	1.6094848	7	3.2685034	1.8305731	7.1758466	Growth	1.9678384	1.1021166	4.3202972
H358V	H358V	358	358	1.8894002				-2.46089	0.8888732	1.6200706	1.0788952	4.817014	5.140505	7	1.8534098	2.5751076	10.094422	Growth	1.1158657	1.5503718	6.0774574
H358Y	H358Y	358	358	1.1929264	1.1097242	1.3304075	-0.039948367				1.0702053	0.44454607	0.4600768	7	0.7954197	0.5085805	1.9936357	Growth	0.47889116	0.30619648	1.2002902
G359A	G359A	359	359	-1.9389045	0.3716421	1.4137183	0.6366181	-0.0457274	0.45017958				0.9523921	7	0.26284546	1.0746735	4.2127204	Growth	0.15824899	0.64701897	2.5363145
G359C	G359C	359	359	0.73002535	0.67538995	0.724679				0.6139225	0.89279646	0.76933944	0.93522346	7	0.7630538	0.11474876	0.44981515	Growth	0.4594049	0.069085754	0.27081618
G359D	G359D	359	359	-0.03970923	3.104289	4.6657157	1.0969155	0.56752974	1.5485332	0.71437013				7	1.6653777	1.6546048	6.486051	Growth	1.002659	0.99617296	3.904998
G359F	G359F	359	359	0.16969138	0.5940525	0.8092318	-0.07608136				0.61562926	0.46743736	1.2597933	7	0.5485363	0.4321785	1.6941397	Growth	0.3302523	0.26019782	1.0199754
G359H	G359H	359	359	0.29151458	0.29657796	0.23592567	-0.3824514	-0.4126186	-0.35173538	0.09181215				7	-0.032996427	0.33407813	1.3095863	Growth	-0.019865861	0.20113541	0.78845084
G359M	G359M	359	359	1.4396772	1.550878	0.52200776	-0.8233072	-2.5682504				0.8399093	0.37583876	7	0.19096477	1.4500322	5.6841264	Growth	0.114972435	0.87300783	3.4221907
G359N	G359N	359	359	1.6508497	0.7336998	0.25206593				-2.5609238	0.4745782	1.063817	1.8542176	7	0.4954721	1.4698126	5.761666	Growth	0.2983044	0.88491684	3.468874
G359P	G359P	359	359	0.49879184	-0.12838914	-2.539723				-0.7708398	-1.0387783	0.0654861	0.25593907	7	-0.5225018	1.0446259	4.0949335	Growth	-0.31457797	0.6289285	2.4653997
G359Q	G359Q	359	359	0.028628444	0.34279183				-0.5779934	-0.6851299	-0.2954985	-0.021252472	0.6350114	7	-0.08192038	0.47711617	1.8702954	Growth	-0.049321063	0.28725302	1.1260319
G359R	G359R	359	359	-2.4749305				-0.17076291	-2.4892197	4.749502	1.478649	0.8973677	0.87186676	7	0.40892464	2.4996572	9.798656	Growth	0.24619757	1.504946	5.8993883
G359S	G359S	359	359	-2.1732318	-2.0996153	-0.45235348	0.54683733	-2.4654999	0.47638783				0.50528806	7	-0.80888385	1.3913946	5.454267	Growth	-0.4869974	0.8377044	3.2838013
G359T	G359T	359	359	0.93629664	0.7012817	0.7936656				-0.0012834251	1.2724311	0.85626584	0.93474334	7	0.78477156	0.390151	1.5293919	Growth	0.47248033	0.2348947	0.9207872
G359V	G359V	359	359	1.598258				-0.49781042	-0.055394314	0.27929386	2.431441	0.51773554	0.64677453	7	0.7028998	1.0019243	3.9275432	Growth	0.42318854	0.6032195	2.3646204
G359W	G359W	359	359	-0.10661108				-1.1563272	-0.85936695	-2.5260308	-2.682377	0.8995952	-2.0677192	7	-1.2141197	1.3184004	5.1681294	Growth	-0.7309741	0.79375744	3.111529
G359Y	G359Y	359	359	0.54667455	1.3565621	-0.95807874	0.10183092	-0.11382222				-0.024079664	0.51543355	7	0.20350291	0.71375895	2.797935	Growth	0.12252116	0.4297264	1.6845275
K360A	K360A	360	360	1.4249699	1.3409252	-0.39882335	0.65735084				1.4215614	0.5836044	0.33084014	7	0.7657755	0.6813945	2.6710665	Growth	0.46104354	0.41024104	1.6081449
K360C	K360C	360	360	1.0091832	1.7893782	4.7336426	0.7881145				1.0111728	1.9292738	3.9163654	7	2.1681616	1.5505288	6.078073	Growth	1.3053654	0.93351287	3.6593704
K360D	K360D	360	360	0.21333626	0.2480356				1.58348	4.798568	1.4326181	-2.3578255	5.2692122	7	1.5982034	2.681332	10.510822	Growth	0.9622159	1.6143254	6.3281555
K360F	K360F	360	360	0.7873531	0.9479449	2.2967515	1.9245217				0.5511783	-0.35934094	2.280021	7	1.2040614	0.9983694	3.913608	Growth	0.72491837	0.6010792	2.3562305
K360G	K360G	360	360	1.2315778	0.79842514	1.3674738				-0.32587624	1.0656346	2.309694	-2.150066	7	0.6138376	1.4483277	5.6774445	Growth	0.36956766	0.87198156	3.4181678
K360H	K360H	360	360	1.183458	0.8706646	0.7099396	-0.038121592				1.1714643	2.2630394	0.8882042	7	1.0069498	0.6890869	2.7012208	Growth	0.60624516	0.41487235	1.6262996
K360N	K360N	360	360	0.8382779	2.6136322	0.22447975	-2.6164212	-0.77716327	-2.3739133	4.645481				7	0.36491042	2.6241715	10.286753	Growth	0.21969832	1.5799112	6.193252
K360R	K360R	360	360	0.67375666	1.056655				-2.4338083	1.069458	0.68081176	1.8177595	0.11832748	7	0.42613715	1.3630992	5.343349	Growth	0.25656053	0.8206688	3.217022
K360S	K360S	360	360	1.3154311				0.75313	-0.059530407	1.247718	1.2890772	1.5948384	1.7650884	7	1.1293932	0.61236846	2.4004843	Growth	0.6799636	0.36868316	1.445238
K360T	K360T	360	360	1.7947998	1.4342768	2.724235	1.3387778				5.8838534	5.0918756	1.804034	7	2.8674073	1.85919	7.288025	Growth	1.726354	1.1193458	4.3878355
K360V	K360V	360	360	5.121827	5.032543	1.8136809	3.1053228	1.0932434	-0.39407423	4.604531				7	2.9110105	2.1496656	8.426689	Growth	1.7526058	1.2942297	5.0733805
Y379A	Y379A	379	379	1.8500493	5.305845	2.1572561				0.067614906	-2.7517707	-2.5524538	0.6822114	7	0.6798218	2.8151546	11.035406	Growth	0.40929416	1.6948947	6.643987
Y379D	Y379D	379	379	-0.604184	0.45096943				0.2408564	0.1927582	0.6009866	0.36308545	0.71829176	7	0.28039482	0.43247145	1.6952882	Growth	0.16881478	0.2603742	1.0206668
Y379E	Y379E	379	379	5.2563267	-2.2125838	2.1714947	3.1105983				-2.5540504	4.901897	0.89183795	7	1.6522173	3.1399071	12.308436	Growth	0.99473554	1.8904155	7.410429
Y379F	Y379F	379	379	0.9977598	1.1153574	0.66195077	0.7117697	0.117481	0.16436487				1.8701429	7	0.80554664	0.6028068	2.3630028	Growth	0.48498818	0.36292645	1.4226717
Y379G	Y379G	379	379	2.0721936	1.5864433	2.6928637	1.1054051	0.9522998	1.6531067				1.9759988	7	1.7197587	0.59518087	2.3331091	Growth	1.0353997	0.35833517	1.4046739
Y379H	Y379H	379	379	0.31724346	2.5714593	1.2154857	1.3744577	0.76394486	0.310469	0.35227993				7	0.9864772	0.8237849	3.2292368	Growth	0.5939194	0.49596873	1.9441974
Y379K	Y379K	379	379	0.24794315	0.70099795	0.9095969	0.43385282	-0.3678431	-0.012644992	0.96602017				7	0.41113186	0.49226117	1.9296638	Growth	0.24752645	0.29637125	1.1617754
Y379L	Y379L	379	379	1.8745216	0.81218976	0.14505324	-0.04541242	2.9189818				0.3001036	0.7597725	7	0.9664585	1.0681808	4.1872687	Growth	0.5818669	0.64311	2.520991
Y379M	Y379M	379	379	1.0463482	0.81333166	1.2880987	0.33125326	-2.480508				-2.3720279	-1.9437352	7	-0.47389132	1.7083527	6.6967425	Growth	-0.28531146	1.0285325	4.0318475
Y379P	Y379P	379	379	-1.5498013	0.6893608				-0.25270566	-2.6806748	0.3914045	0.29091328	0.48611674	7	-0.37505522	1.2659945	4.962699	Growth	-0.22580612	0.7622059	2.987847
Y379S	Y379S	379	379	-0.15737869	1.8375719	1.0373065	1.0284685	0.39753717	-0.01999583	0.9378792				7	0.7230555	0.6968475	2.7316422	Growth	0.43532348	0.4195447	1.6446153
Y379T	Y379T	379	379	0.7090107	1.1871822	0.7428061				0.6580302	0.9945041	0.9643036	1.3511251	7	0.94385177	0.2599131	1.0188593	Growth	0.5682563	0.15648353	0.6134155
Y379V	Y379V	379	379	1.233901	2.1762214	0.94454914				-0.19986461	0.80244553	0.84071183	1.1383163	7	0.9908972	0.70284045	2.7551346	Growth	0.5965805	0.4231528	1.658759
K381A	K381A	381	381	1.1278328	0.8274575	2.4806154	-0.46735737				0.94680053	0.98892444	1.5894536	7	1.0705324	0.8857253	3.4720433	Growth	0.6445258	0.53326064	2.0903819
K381C	K381C	381	381	2.05063				0.22789039	-1.0819458	-2.4461486	-2.5666256	0.6739284	1.0568116	7	-0.29792285	1.7771025	6.966242	Growth	-0.17936772	1.069924	4.1941023
K381D	K381D	381	381	0.7304196	0.8982863	0.8656219				0.9090836	0.6560154	1.000535	0.99242246	7	0.86462635	0.12873967	0.50465953	Growth	0.52055776	0.07750913	0.30383578
K381E	K381E	381	381	0.914344	0.92185587	0.90809166	0.10003299	0.083717085	0.021961479				0.9007532	7	0.5501081	0.4511089	1.7683469	Growth	0.3311986	0.27159506	1.0646527
K381H	K381H	381	381	0.07649016	-2.4485118	0.82541203	-0.09906119	-0.31713328				0.25235412	-0.6423632	7	-0.33611616	1.0390899	4.0732327	Growth	-0.20236242	0.6255955	2.4523344
K381L	K381L	381	381	0.7897226	0.50514954	1.0062144				1.0937879	0.8293482	1.932268	1.5759882	7	1.1046399	0.49181464	1.9279134	Growth	0.6650606	0.2961024	1.1607214
K381M	K381M	381	381	0.916042				0.36087915	0.091125354	0.6671972	1.0407748	1.2204536	1.0421398	7	0.7626588	0.41029614	1.6083609	Growth	0.4591671	0.2470233	0.96833134
K381N	K381N	381	381	1.5437778	1.0021913	0.6239205	-0.050627682				0.6483933	1.2330621	1.7391223	7	0.96283424	0.6131247	2.403449	Growth	0.5796849	0.36913848	1.4470229
K381R	K381R	381	381	1.7372825	1.457983	0.7254817	3.0940447				2.1850846	0.8303126	0.21463686	7	1.4635466	0.9797622	3.840668	Growth	0.8811443	0.5898766	2.3123162
K381V	K381V	381	381	1.1031764	1.0176579	1.2776337	-2.6243143	0.015886199	-0.48627353				0.26347938	7	0.0810351	1.3559848	5.3154607	Growth	0.04878807	0.8163855	3.2002313
K381W	K381W	381	381	1.4031454				0.23410925	-2.47153	-0.1390144	1.5167558	0.21771134	-2.1300607	7	-0.19555475	1.5689075	6.1501174	Growth	-0.117735885	0.944578	3.702746
K381Y	K381Y	381	381	1.0181565	1.3164021	0.9388232	0.13269944	0.068842515	0.03727004	0.5874946				7	0.5856698	0.51941794	2.0361183	Growth	0.35260895	0.31272128	1.2258675
Q406A	Q406A	406	406	1.0973433	-2.3714342				1.2108448	-0.6085581	0.83581895	1.1333976	1.2323619	7	0.3613963	1.369428	5.368158	Growth	0.21758261	0.82447916	3.2319584
Q406E	Q406E	406	406	2.7973135	1.4591964	0.8638212	0.66457236	0.73086226	0.18459614				2.190621	7	1.2701404	0.932409	3.6550434	Growth	0.76470196	0.56136703	2.200559
Q406G	Q406G	406	406	1.1985855	0.3496181	1.593512	-2.6315234	0.31214038	-0.11295828				2.0494945	7	0.39412412	1.5409044	6.040345	Growth	0.23728675	0.9277184	3.6366563
Q406I	Q406I	406	406	1.0887918	-0.36743557	-0.13411945	-0.047854777	-0.26423752	1.0045091	0.46448812				7	0.24916312	0.6056385	2.374103	Growth	0.15001139	0.3646313	1.4293547
Q406K	Q406K	406	406	0.41862887	0.8553844	0.4242242	0.09435585	0.4668489	1.006958				1.2469505	7	0.6447644	0.40260646	1.5782174	Growth	0.3881875	0.24239364	0.9501831
Q406L	Q406L	406	406	0.25611815	1.17417	4.300515	-0.6635386	-0.37168598	-0.016090352				1.159385	7	0.83412486	1.6828161	6.5966396	Growth	0.50219405	1.013158	3.9715793
Q406M	Q406M	406	406	5.1140666	-2.185808	2.8021314	1.3836024	-0.2607073	3.170278				0.9201195	7	1.5633832	2.399785	9.407158	Growth	0.94125205	1.444817	5.6636825
Q406N	Q406N	406	406	0.09443434	0.20910281	2.4582102	0.28732678	-1.0329789	0.1374153				1.1596162	7	0.47330382	1.083245	4.2463207	Growth	0.28495777	0.65217954	2.5565438
Q406P	Q406P	406	406	-2.2820985	-2.1829925	-2.1765776	-2.6476266				0.020085402	-0.6637251	1.3151702	7	-1.2311093	1.4878421	5.832341	Growth	-0.74120283	0.8957717	3.511425
Q406S	Q406S	406	406	0.46737102	1.3378469	0.6785885	-0.4043707				0.6524672	1.1591387	1.2995654	7	0.7415153	0.61122006	2.3959827	Growth	0.44643742	0.36799175	1.4425277
Q406T	Q406T	406	406	1.072232	0.7095649	1.2423539	0.08974992				0.667889	1.1430856	0.9760024	7	0.8429825	0.3948895	1.5479668	Growth	0.5075269	0.23774756	0.9319705
Q406Y	Q406Y	406	406	1.6475649	1.158249	-2.4311013	0.042697616	1.0910677	-0.4541632				0.54427826	7	0.22837041	1.3720999	5.3786316	Growth	0.13749291	0.8260878	3.238264
G411A	G411A	411	411	0.8692399	0.44913584	0.8474638	0.35358104	-0.2042029				-0.080549024	0.65145546	7	0.41230345	0.42487994	1.6655294	Growth	0.24823181	0.2558036	1.0027502
G411C	G411C	411	411	0.67567444	0.47449607	0.34798086	-0.017396634	0.08904553	0.14632492	0.9224701				7	0.3769422	0.3388139	1.3281505	Growth	0.22694218	0.20398663	0.7996276
G411D	G411D	411	411	-0.9591386	0.0047575026	-0.08017411	-1.2679058				-0.39840433	-0.40660936	-0.44141802	7	-0.50698465	0.45710236	1.7918413	Growth	-0.30523568	0.2752035	1.0787977
G411F	G411F	411	411	0.11875453	-0.28224596	-0.719168	-0.74691725	-0.027881877	-1.1326046	-1.6953825				7	-0.64077795	0.6393449	2.506232	Growth	-0.3857874	0.3849246	1.5089045
G411K	G411K	411	411	1.0512117	0.9700398	0.14767455	-0.1934298	0.6728304				1.2196813	0.2624839	7	0.59007025	0.528707	2.0725317	Growth	0.35525826	0.31831387	1.2477903
G411L	G411L	411	411	-1.1518824	-2.3923688				-0.4856948	-0.5417201	-1.0329331	0.007875893	-0.3314373	7	-0.84688	0.78909695	3.09326	Growth	-0.5098734	0.47508448	1.8623313
G411M	G411M	411	411	1.0589529	0.89587927	-0.34734297	-2.4588375	-2.535134	-2.2324421	-1.7780412				7	-1.0567094	1.573012	6.1662073	Growth	-0.63620347	0.94704914	3.7124326
G411N	G411N	411	411	-2.3626082	5.2828445	-2.2135499	-2.7129729	0.0866564	-0.04052306	-2.4359357				7	-0.62801266	2.8557696	11.194617	Growth	-0.37810192	1.7193475	6.7398424
G411P	G411P	411	411	0.9893175	1.1643932	-0.93733793	-1.1177896	-2.5940413	-2.210631	1.0675542				7	-0.5197907	1.5982778	6.2652493	Growth	-0.3129457	0.96226066	3.7720618
G411R	G411R	411	411	-0.31097284	-0.668058	-2.685408	-0.88302517	-0.72867775				-2.887159	-2.4095209	7	-1.5104033	1.0982852	4.305278	Growth	-0.90935487	0.6612347	2.59204
G411S	G411S	411	411	0.69570637	0.3627665	0.81423116	-0.8188733				0.46567923	-0.66533154	0.3345071	7	0.16981223	0.6479066	2.539794	Growth	0.10223732	0.3900793	1.5291108
G411T	G411T	411	411	5.4044056	-2.3017826	-2.2628086				-2.5189693	-1.2760586	-2.4470232	1.2581564	7	-0.59201145	2.9641519	11.619475	Growth	-0.35642698	1.7846001	6.9956326
G411V	G411V	411	411	0.53800696	1.2647992	1.2684277	-0.011477951	-2.542842	0.67593294	0.56024003				7	0.25044098	1.3099595	5.135041	Growth	0.15078074	0.7886755	3.091608
G411W	G411W	411	411	-2.6039727	0.75162				-2.4267974	-2.5993671	-2.7489686	-2.598656	0.80140096	7	-1.6321057	1.6480979	6.4605436	Growth	-0.98262715	0.9922554	3.8896413
G411Y	G411Y	411	411	4.712063	-1.8911343	-1.8322577	3.0100398	-2.4449422				-1.9512261	4.759436	7	0.6231398	3.364436	13.188589	Growth	0.37516814	2.0255957	7.9403353
N412A	N412A	412	412	0.07621211	-0.1970777	-0.06775941	-2.5955832	-0.26328394	-2.4175134	-2.5841677				7	-1.149882	1.2988652	5.091552	Growth	-0.69229907	0.7819961	3.0654247
N412C	N412C	412	412	-0.00803245	-2.3711257	-0.22619152	0.36358702				0.4199188	-2.5084245	-2.0649002	7	-0.9135955	1.335128	5.2337017	Growth	-0.5500402	0.8038284	3.1510074
N412D	N412D	412	412	4.9497356	4.787257	2.302465				1.104139	1.0692198	-2.0624175	-1.7026893	7	1.4925299	2.788088	10.929305	Growth	0.89859396	1.678599	6.580108
N412E	N412E	412	412	-2.1039197	0.35375687	-1.9685527				2.8056207	-0.18221964	4.634627	-1.7571332	7	0.25459698	2.596314	10.177551	Growth	0.15328291	1.5631393	6.1275063
N412H	N412H	412	412	0.7772806	0.72081935	-1.9465145				1.5740627	5.326912	-2.0802193	0.78654987	7	0.73698443	2.4802647	9.722638	Growth	0.44370955	1.4932705	5.8536205
N412I	N412I	412	412	0.511786	-0.10278675	0.4186407	-2.694631	-0.6616349				0.7945483	0.58109146	7	-0.16471235	1.2196728	4.7811174	Growth	-0.09916688	0.7343174	2.8785243
N412L	N412L	412	412	-2.5491917	0.01376798	-2.338021	-0.5338654	-0.16241491	-2.5379798				0.15616973	7	-1.1359336	1.2721121	4.9866796	Growth	-0.6839013	0.76588905	3.0022852
N412M	N412M	412	412	0.22790577	1.4099113	-0.5793331	0.0767353	-0.6979514	-0.42074528				0.44776657	7	0.06632701	0.73202556	2.8695402	Growth	0.039932907	0.44072402	1.7276381
N412P	N412P	412	412	0.29455784	-2.3787365	0.06783505				-2.5591757	-0.56518966	-2.4931288	0.4319973	7	-1.0288343	1.3911258	5.453213	Growth	-0.619421	0.83754253	3.283167
N412T	N412T	412	412	-0.52394724	0.92583				-2.5051665	0.78823364	0.4793419	-2.4421935	0.5067778	7	-0.39587483	1.4934711	5.854407	Growth	-0.23834078	0.8991607	3.52471
N412V	N412V	412	412	-0.06615942	-0.6953255	-0.1991859				-2.7745485	-3.0375056	-0.33266824	-2.3682346	7	-1.3533754	1.3133874	5.1484785	Growth	-0.8148145	0.7907393	3.099698
N412Y	N412Y	412	412	-2.3341374	-2.248788	1.6244305	-2.5767486	0.106118895	-2.3994431	1.1958736				7	-0.9475278	1.8573141	7.2806716	Growth	-0.5704695	1.1182164	4.3834085
N415A	N415A	415	415	0.17438504	0.92191654	-0.03637351				-1.0933797	0.1211472	-2.590396	0.8401848	7	-0.23750222	1.2324116	4.8310537	Growth	-0.14299081	0.74198693	2.908589
N415C	N415C	415	415	0.6658584	1.1107635	-0.051417228				-0.14676124	0.078937925	1.0638442	-2.2144506	7	0.07239645	1.133317	4.4426026	Growth	0.043587077	0.68232596	2.674718
N415D	N415D	415	415	-2.5424507	-0.10943123	0.42008	-0.51397425				-1.0356014	0.45522857	-2.105431	7	-0.77594	1.184246	4.6422443	Growth	-0.4671632	0.71298826	2.794914
N415E	N415E	415	415	0.9233357				1.0042745	-2.030539	4.4676366	1.1715443	-2.4673219	-0.2863008	7	0.39751846	2.3230724	9.106444	Growth	0.23933035	1.3986312	5.4826345
N415F	N415F	415	415	-2.546742				-2.585839	0.1838675	-2.5881522	-0.110647745	-2.622312	-2.13801	7	-1.7725478	1.2497443	4.898998	Growth	-1.0671818	0.7524223	2.9494953
N415G	N415G	415	415	1.2975893	1.512628				0.4964921	1.2793325	0.9274901	0.61633235	1.030548	7	1.0229161	0.3725161	1.4602631	Growth	0.61585784	0.2242774	0.87916744
N415H	N415H	415	415	0.15851384	-0.18783371	0.09413925	-2.626702				-0.44036865	-0.2792265	-2.1479285	7	-0.77562946	1.1286508	4.424311	Growth	-0.46697623	0.6795166	2.663705
N415I	N415I	415	415	0.47603264	-2.2480145	1.3497933	-2.6486301	-2.5236447	0.37576455				1.7372664	7	-0.4973474	1.9111059	7.491535	Growth	-0.29943347	1.1506022	4.5103607
N415L	N415L	415	415	0.24762677	-0.08419205	0.86795384	-1.1629776	-0.33898064	-0.20967384	-1.9577076				7	-0.37685016	0.9284078	3.6393585	Growth	-0.22688678	0.5589581	2.1911159
N415M	N415M	415	415	-0.23029105	0.93113315	0.43139938	-2.7311695	0.21674538				0.7375265	0.34088695	7	-0.043395597	1.2422681	4.869691	Growth	-0.026126796	0.7479211	2.931851
N415P	N415P	415	415	0.46028718	-2.4839616	0.19284777	-2.6526322				-2.8440635	-2.5997486	-0.8858265	7	-1.5447282	1.4366837	5.6318	Growth	-0.9300205	0.86497116	3.390687
N415Q	N415Q	415	415	0.8003774	0.3360871	1.2509053	0.3953893	-0.085183464	0.49521273	0.3214547				7	0.5020347	0.4215464	1.6524619	Growth	0.3022555	0.25379664	0.9948828
N415S	N415S	415	415	0.4661034				0.06625782	-0.15852866	-2.7008047	0.9307469	-2.74362	-2.249606	7	-0.91277874	1.5897291	6.231738	Growth	-0.54954845	0.9571138	3.7518861
N415T	N415T	415	415	3.905845	2.02001				-0.08774823	-0.17163545	-2.5770195	4.863967	0.9294134	7	1.2689761	2.5581288	10.027865	Growth	0.76400095	1.5401496	6.0373864
C417A	C417A	417	417	1.0840453	1.2144251	0.96477175				0.17852397	0.77891374	0.8387654	0.42553136	7	0.7835681	0.36653697	1.4368249	Growth	0.47175577	0.22067761	0.8650563
C417D	C417D	417	417	-2.5890403	0.5648624	0.67853224				0.50977516	-2.8695576	0.38932082	0.5222685	7	-0.39911982	1.5961461	6.2568927	Growth	-0.24029447	0.96097726	3.767031
C417F	C417F	417	417	1.1056948	0.35966852	1.1901653	-2.6624088	-2.5393925	0.3629484				-2.107196	7	-0.61293155	1.743921	6.8361707	Growth	-0.36902216	1.0499468	4.1157913
C417K	C417K	417	417	0.15487461	0.62179995				-0.58755344	-2.52212	-2.6608686	-0.085299276	0.9287333	7	-0.59291905	1.4494885	5.681995	Growth	-0.3569734	0.8726805	3.4209075
C417M	C417M	417	417	-2.592574	0.051085334	-2.4670293	0.3197662	-0.8364002	-1.3009794				0.3246599	7	-0.9287816	1.2497735	4.899112	Growth	-0.5591832	0.75243986	2.9495642
C417P	C417P	417	417	0.78627694	0.7448277				-1.916129	-2.6968796	-2.8221297	-2.6478696	-2.190673	7	-1.5346538	1.6024072	6.2814364	Growth	-0.92395514	0.96474683	3.7818077
C417Q	C417Q	417	417	-0.00023870886				-0.4333663	-2.326594	-2.540186	0.7006453	0.5486415	0.28021362	7	-0.53869784	1.3473712	5.2816954	Growth	-0.32432896	0.8111996	3.1799026
C417S	C417S	417	417	1.4252256	0.59248406	0.50200737	0.04445452				1.2399843	1.0330399	1.3731784	7	0.88719636	0.51910555	2.0348938	Growth	0.5341463	0.3125332	1.2251302
C417Y	C417Y	417	417	0.39904967	0.3127343				-2.4610536	-0.42564896	-1.064663	0.6496911	-0.28991222	7	-0.41140038	1.0762519	4.2189074	Growth	-0.24768811	0.64796925	2.5400395
I425A	I425A	425	425	-1.0070778	-0.29784837	1.8208196	0.119825006	-2.5542665	-2.4992921				0.43090755	7	-0.5695618	1.5873603	6.222452	Growth	-0.34291092	0.95568764	3.7462957
I425C	I425C	425	425	1.39252	0.56144214	1.8373549	-2.753724				1.118271	2.1171181	1.3546412	7	0.8039461	1.6460389	6.4524727	Growth	0.48402455	0.9910158	3.884782
I425D	I425D	425	425	5.11325	-2.0520353	4.489794	-2.588841	2.9826403	0.4645577	4.6097302				7	1.8598709	3.2497244	12.73892	Growth	1.1197557	1.9565322	7.6696067
I425E	I425E	425	425	0.71765375	-2.2496626	4.620079	-0.2806816				-0.08821434	0.14552428	0.73639566	7	0.514442	2.0703704	8.115852	Growth	0.30972546	1.2464893	4.886238
I425F	I425F	425	425	2.0289936	-2.4137962	-0.002094802				2.5455575	-0.34611598	2.1265948	1.0704015	7	0.71564865	1.7619112	6.906692	Growth	0.43086413	1.0607779	4.1582494
I425G	I425G	425	425	0.563815				-0.033835854	-0.77377105	-0.24366292	0.11920539	-2.5935495	0.7206185	7	-0.32016864	1.1194917	4.3884077	Growth	-0.19276105	0.6740023	2.6420891
I425H	I425H	425	425	0.37580267	0.11884837	0.7000383				0.15601064	0.2185963	0.32178465	0.5375736	7	0.34695062	0.21112293	0.8276019	Growth	0.20888543	0.12710887	0.4982668
I425L	I425L	425	425	1.6877717	0.26427397	0.3195476				0.98854667	0.89677733	2.090932	0.4542363	7	0.95744085	0.7027844	2.754915	Growth	0.5764378	0.42311907	1.6586268
I425N	I425N	425	425	1.1741208	1.6570991	0.97472966	3.2207756				-0.4637443	4.9349966	-1.9796634	7	1.3597592	2.2728004	8.909378	Growth	0.81865793	1.3683645	5.363989
I425P	I425P	425	425	1.722328	0.86566794	1.1206791	-0.104727894	-0.17848286	0.01897088	1.3160734				7	0.68007267	0.7647938	2.9979918	Growth	0.4094452	0.4604525	1.8049738
I425R	I425R	425	425	-0.7351892	1.4697206	0.9892143	0.14193866	0.41930535				0.87225485	0.6176434	7	0.53926975	0.70494914	2.7634008	Growth	0.32467327	0.42442235	1.6637356
I425Y	I425Y	425	425	1.9001516	5.2824507	1.0623156	-0.49166274	0.6445366				-2.3825417	-1.9707159	7	0.5777906	2.5988417	10.18746	Growth	0.3478652	1.5646611	6.133472
A429D	A429D	429	429	-2.0559728	1.1808074	4.4120517	2.9882019	-2.4586072	-0.11094556	4.488554				7	1.2062985	2.8877606	11.320022	Growth	0.72626525	1.738608	6.8153434
A429E	A429E	429	429	0.29598114	0.7822503	-0.09639633	-0.18824369	-0.37058502				1.6248541	-2.068914	7	-0.0030076164	1.140327	4.470082	Growth	-0.0018107685	0.6865464	2.6912618
A429I	A429I	429	429	-2.654357				-0.4432123	-2.510869	-2.7154195	-0.32616186	-2.7590678	-2.2604098	7	-1.9527853	1.0843362	4.250598	Growth	-1.1756958	0.6528365	2.5591192
A429L	A429L	429	429	-0.10308465	-0.13749567	-1.9634312	-0.40277508	-0.7518682	-2.504994	-2.7373717				7	-1.2287172	1.1410598	4.4729543	Growth	-0.73976266	0.6869875	2.692991
A429N	A429N	429	429	-2.6512947	-2.5075235	-2.448343	-0.658201	-2.5426059				0.319954	0.028380018	7	-1.4942334	1.3343872	5.230798	Growth	-0.8996196	0.80338246	3.1492593
A429Q	A429Q	429	429	-2.6373096	0.87248236	0.5092261	-2.6052375				0.8034775	0.87162876	-0.82556057	7	-0.4301847	1.6101062	6.3116164	Growth	-0.2589974	0.9693821	3.799978
A429R	A429R	429	429	1.1501501	-2.5531206	0.8357065	0.21907683				-0.58443165	1.1571802	-2.2181902	7	-0.28480414	1.5610291	6.119234	Growth	-0.17146945	0.9398347	3.6841521
A429S	A429S	429	429	0.4983899	0.43676963				-1.8043609	-0.007246075	0.72887444	0.09781864	0.66562676	7	0.08798178	0.8779361	3.4415097	Growth	0.0529704	0.52857107	2.0719986
A429V	A429V	429	429	0.39532918				-0.47843224	-0.32808772	0.20817159	0.2897752	0.17424488	0.43308973	7	0.0991558	0.35805818	1.403588	Growth	0.059697837	0.21557286	0.8450456
G432A	G432A	432	432	-2.2744603	5.152621				-0.04452089	2.1264617	0.7475018	4.8471384	-1.8985139	7	1.236604	2.9776957	11.672567	Growth	0.744511	1.7927544	7.0275974
G432E	G432E	432	432	-0.80460423	-2.5184772	-0.04583635				-0.21403712	-0.29368216	0.5873121	0.78004104	7	-0.3584692	1.0937837	4.2876325	Growth	-0.21582031	0.6585245	2.5814161
G432F	G432F	432	432	-2.4864135	1.0745479				-2.4085603	-0.025241729	1.421528	0.7679314	0.7355394	7	-0.1315241	1.6415994	6.43507	Growth	-0.07918553	0.98834294	3.8743043
G432H	G432H	432	432	5.2991543	0.3283224	0.42258805	-1.3410667	-2.47378				1.5310547	-1.9443123	7	0.2602801	2.6437259	10.363405	Growth	0.15670449	1.5916842	6.2394023
G432I	G432I	432	432	-2.6072397	0.39034486	0.6035077				0.11904953	0.84155744	-2.6364584	0.122581266	7	-0.4523796	1.5038888	5.8952446	Growth	-0.27236012	0.90543276	3.5492964
G432K	G432K	432	432	-2.4356027				-0.1951658	-0.007219642	0.37946722	-0.21082443	0.97352093	-2.043522	7	-0.5056209	1.2578356	4.9307156	Growth	-0.3044146	0.75729376	2.9685917
G432N	G432N	432	432	0.8738063	-0.64141387	0.5603002	0.17478804	-2.5317826	0.7728442				0.87560374	7	0.0120208515	1.2444756	4.8783445	Growth	0.0072372854	0.7492502	2.9370608
G432P	G432P	432	432	5.2669635	-2.2700183	0.10300511	-2.635736	-0.36411184	3.0381584	0.17420268				7	0.47320908	2.8189077	11.050118	Growth	0.28490072	1.6971543	6.652845
G432R	G432R	432	432	-1.4195845	-1.5217694	-1.473779				-1.5034596	-1.2713631	-1.5733696	-1.5810041	7	-1.4777613	0.106769025	0.41853458	Growth	-0.8897024	0.06428146	0.25198334
G432S	G432S	432	432	-2.4717028	-2.3438623	0.49348536	-2.7424712	-0.20039533	0.10542969	0.49105862				7	-0.95263684	1.4892657	5.8379216	Growth	-0.57354546	0.89662874	3.5147848
G432T	G432T	432	432	5.3498135	-2.2662728	4.695615	-1.3233773	1.2458879	-0.06717816				-2.0130436	7	0.8030635	3.1265354	12.256019	Growth	0.4834932	1.882365	7.378871
G432Y	G432Y	432	432	-0.7860993	-2.5398571	-2.6113374				-2.7477894	0.28611946	0.59154284	-2.2932146	7	-1.442948	1.4465007	5.670283	Growth	-0.86874264	0.8708816	3.413856
I433E	I433E	433	433	0.42572007	1.6821915	0.75495756	0.90653324	0.27698103				0.5831519	0.17846473	7	0.68685716	0.5081001	1.9917524	Growth	0.4135299	0.30590725	1.1991564
I433F	I433F	433	433	-0.030633884	-2.4075391	0.7595987	0.55791026				-2.7002869	-2.4841998	1.0111643	7	-0.7562838	1.691495	6.6306605	Growth	-0.45532897	1.0183831	3.992062
I433G	I433G	433	433	0.65086854	2.3790653	0.23756436	3.1898422				-2.715397	0.8920941	0.7974523	7	0.7759271	1.8666285	7.317184	Growth	0.46715543	1.1238242	4.405391
I433K	I433K	433	433	-2.50901	1.079772	0.69197565	0.2675588	2.4306808				0.9114338	1.5736836	7	0.63515633	1.549349	6.073448	Growth	0.38240284	0.93280256	3.6565862
I433M	I433M	433	433	0.9770448	1.1913555	0.71095455	0.24547708	0.45019478	0.27609348	0.56197196				7	0.6304417	0.3540663	1.3879399	Growth	0.37956434	0.21316952	0.8356245
I433P	I433P	433	433	-2.570121	0.9499042	-2.4142036	-2.679099	0.11080182	-2.414931				-2.1965463	7	-1.6020279	1.4842126	5.818114	Growth	-0.9645185	0.8935865	3.502859
I433Q	I433Q	433	433	0.9542392				-0.25456926	-0.08952114	0.6743001	0.659392	0.87715566	0.9142844	7	0.5336116	0.4974936	1.9501749	Growth	0.3212667	0.29952148	1.1741242
I433S	I433S	433	433	0.7566629	-0.13781314	-2.4570906	0.28734276				0.47600693	-0.0067779934	-2.2192273	7	-0.47155663	1.3106252	5.137651	Growth	-0.28390583	0.78907627	3.093179
I433W	I433W	433	433	-2.4987392	0.6658426	-2.4918935	-1.2703491	-0.11668084				-0.18713889	0.73922116	7	-0.7371054	1.3724781	5.3801146	Growth	-0.44378242	0.8263155	3.239157
K443C	K443C	443	443	5.3541827				-0.3363976	0.034147523	1.4298395	-2.647678	2.6974893	2.5885336	7	1.3028738	2.5797555	10.112642	Growth	0.7844095	1.5531701	6.088427
K443D	K443D	443	443	0.30377865	0.27576298	0.23478405				0.10896273	0.17322782	0.26112607	0.3298806	7	0.2410747	0.07694148	0.30161062	Growth	0.14514166	0.046323463	0.18158798
K443F	K443F	443	443	0.1904408	3.0664647	0.18233185	-0.5481612				1.725756	0.94121933	1.4055384	7	0.9947986	1.2031553	4.7163687	Growth	0.5989294	0.72437286	2.8395417
K443I	K443I	443	443	-2.2322838	-2.1502995				-2.3782814	0.07757745	0.49099946	1.2467228	0.59698206	7	-0.6212262	1.5662829	6.139829	Growth	-0.37401605	0.9429978	3.6965516
K443L	K443L	443	443	-2.2626498	-2.196685	4.5664487	-2.1103463	3.1162055	1.2160925				0.80701333	7	0.44801122	2.7594357	10.816988	Growth	0.26973006	1.6613485	6.512486
K443P	K443P	443	443	5.1787653	-2.108629				0.48846516	0.46102405	-2.4254997	1.7358254	0.6815067	7	0.5730654	2.5422702	9.965699	Growth	0.34502032	1.5306016	5.9999585
K443S	K443S	443	443	5.4752846				2.998285	0.28110346	1.2619854	-0.670935	0.7783544	-2.1310334	7	1.1418635	2.4869797	9.7489605	Growth	0.68747145	1.4973134	5.8694687
K443T	K443T	443	443	0.5574106	0.65728164	1.0036336	-0.07588271				0.5925659	0.42565164	0.68409145	7	0.5492503	0.32770103	1.2845881	Growth	0.33068216	0.19729601	0.77340037
K443V	K443V	443	443	1.5279701	1.0813162	2.3285167				1.7045727	1.3720214	0.31480715	2.1170723	7	1.4923252	0.6715399	2.6324365	Growth	0.89847076	0.40430796	1.5848873
K443W	K443W	443	443	0.73236156	-2.2149215	0.34373695	0.480848	-1.2968247				-2.3129494	5.213412	7	0.13509472	2.5779514	10.10557	Growth	0.081335254	1.552084	6.0841694
S444A	S444A	444	444	2.0854807	-0.16631147	4.6809382	-0.009632993	0.5272253				1.7305716	1.0159428	7	1.4091734	1.6679708	6.5384455	Growth	0.8484083	1.0042201	3.936543
S444C	S444C	444	444	4.016528	5.193878	3.9835138	0.48702982	-1.8075192	2.807503				5.2496176	7	2.8472216	2.6196513	10.269033	Growth	1.714201	1.5771898	6.1825843
S444E	S444E	444	444	1.6383402				0.34195527	0.5236789	2.109609	-2.6494527	0.6402719	1.4719404	7	0.5823347	1.5678085	6.1458097	Growth	0.350601	0.9439163	3.7001522
S444F	S444F	444	444	0.46805543	0.9570424	1.2228717	-0.1403383				0.94119984	0.48742545	-0.69770825	7	0.46264976	0.6784836	2.6596558	Growth	0.27854335	0.4084885	1.601275
S444I	S444I	444	444	0.6936277	-2.13724				0.11553256	1.2135533	5.5050416	4.8313828	-0.12592742	7	1.4422816	2.7579384	10.811119	Growth	0.86834145	1.6604471	6.5089526
S444L	S444L	444	444	1.1105874	1.1228617	1.1438454	0.21786004	0.1414033				1.0206931	1.0336843	7	0.8272764	0.4452857	1.74552	Growth	0.49807084	0.26808915	1.0509095
S444M	S444M	444	444	4.126776	1.6259793	0.9624912	0.88313353	0.9282298	1.03295				1.0645993	7	1.517737	1.1774048	4.6154265	Growth	0.91377026	0.70886946	2.7787683
S444P	S444P	444	444	-0.4744184	2.3683362				-0.28594032	-2.6059813	0.8738878	-2.606672	0.10428207	7	-0.37521514	1.7930783	7.0288672	Growth	-0.2259024	1.0795425	4.2318068
S444R	S444R	444	444	0.5877621	0.6827893	-0.0711371	-0.36401677	0.43857005	-0.07236962				1.2211992	7	0.3461139	0.5476585	2.1468213	Growth	0.20838167	0.3297238	1.2925173
S444T	S444T	444	444	1.7465879	2.726086	0.64511436	3.1992536	0.30706134	3.1614785	1.2246035				7	1.8585979	1.1931536	4.677162	Growth	1.1189892	0.71835124	2.815937
S444V	S444V	444	444	1.0116006	-2.2168684	4.6606708	1.442885	2.992826				4.877314	0.9785575	7	1.963855	2.4646602	9.6614685	Growth	1.1823605	1.4838758	5.816793
S444W	S444W	444	444	0.9950095	0.71107185	0.5729171	0.0794617	0.1306745	0.105695486				0.8868906	7	0.4973887	0.39014292	1.5293603	Growth	0.29945832	0.23488982	0.92076814
S446A	S446A	446	446	1.1770613	1.9027946	1.1456233	-0.16239154				0.8555138	0.6915567	1.236956	7	0.9781591	0.6308158	2.472798	Growth	0.5889114	0.3797896	1.4887753
S446E	S446E	446	446	1.7321311	5.408015	1.1559328	1.3916426	0.3241422	0.75519				1.0686924	7	1.6908208	1.6992699	6.661138	Growth	1.0179772	1.0230641	4.0104113
S446H	S446H	446	446	1.122467	0.4613527	1.5210803	0.79016536	0.5844926				1.1681722	1.8545834	7	1.0717591	0.5026413	1.970354	Growth	0.6452643	0.3026207	1.1862732
S446I	S446I	446	446	1.1490494	1.0172197	0.9679268	0.6345547	0.18551625	0.34645087				1.1286123	7	0.77561855	0.3898105	1.5280572	Growth	0.46696967	0.2346897	0.9199836
S446N	S446N	446	446	-0.022351868	0.23572725	2.9621234	-0.71814495				0.7509482	0.877238	1.1338259	7	0.74562365	1.15998	4.547122	Growth	0.4489109	0.69837874	2.7376447
S446P	S446P	446	446	0.27527025				-0.6604862	-0.8442167	-0.13122307	-3.0375063	0.8092422	0.5266764	7	-0.4374633	1.2949275	5.0761156	Growth	-0.26337957	0.7796253	3.0561311
S446Q	S446Q	446	446	0.73771083	1.7068622	1.2354954	1.2750881	0.49265146	1.0415943	1.2066888				7	1.0994415	0.3941687	1.5451413	Growth	0.66193086	0.2373136	0.9302693
S446V	S446V	446	446	1.9422948				0.76111805	-0.058535863	1.5947214	-0.1644397	2.044389	5.314884	7	1.6334903	1.8562912	7.2766614	Growth	0.9834608	1.1176004	4.380994
S446Y	S446Y	446	446	1.8414583	0.60283446	0.88816386	0.35327974	-0.085620075	0.060600724	0.95838296				7	0.65987146	0.65185744	2.5552812	Growth	0.39728284	0.39245793	1.5384351
K453C	K453C	453	453	1.1786801				-0.16016462	1.5675874	1.5717846	-0.83323205	0.31633934	0.5189783	7	0.59428185	0.9068503	3.5548532	Growth	0.3577939	0.54597914	2.1402383
K453D	K453D	453	453	-2.3627014	-2.261377				1.4487623	0.060890242	0.7780767	-2.412975	1.1661581	7	-0.51188093	1.7678813	6.9300947	Growth	-0.30818352	1.0643723	4.1723394
K453E	K453E	453	453	0.93227035	0.75378597	-2.499135	0.19503416	0.23370998	-0.26814333	0.569552				7	-0.011846534	1.1669736	4.574537	Growth	-0.0071323356	0.7025893	2.75415
K453F	K453F	453	453	0.021902237	0.7231907	1.692419	0.17515428				-0.8928476	-2.4553957	-2.048599	7	-0.3977394	1.4907477	5.843731	Growth	-0.23946337	0.897521	3.5182824
K453G	K453G	453	453	-2.3258772	0.16783828	1.5200367	0.4626762	-0.0890089				1.0597378	5.054171	7	0.8356534	2.226726	8.728766	Growth	0.50311434	1.3406248	5.2552495
K453H	K453H	453	453	5.2579894				1.4320692	1.4330953	-2.4111886	-2.5545583	1.496179	-0.37467414	7	0.6112731	2.7035158	10.597782	Growth	0.3680237	1.6276814	6.3805113
K453I	K453I	453	453	0.88135684				0.28548685	-0.39399502	0.3468924	0.20875886	0.71364224	1.1863666	7	0.46121553	0.5172285	2.0275357	Growth	0.27767986	0.3114031	1.2207001
K453M	K453M	453	453	1.2406181	1.1710392	1.1638598				1.0673363	1.3791326	1.2568822	1.4122343	7	1.2415861	0.122240186	0.47918153	Growth	0.74751055	0.073596045	0.2884965
K453P	K453P	453	453	-0.11411297				-0.9697104	0.27721402	-2.674734	-2.8616734	0.69847476	-0.06027285	7	-0.8149735	1.4268737	5.593345	Growth	-0.49066374	0.85906494	3.3675346
K453R	K453R	453	453	1.6042265				0.016565617	0.66649	1.4322116	1.4259531	0.86845326	0.9049021	7	0.9884003	0.55334	2.169093	Growth	0.5950772	0.33314443	1.3059262
K453S	K453S	453	453	2.6838844	0.79215676				1.5596801	-2.4075963	0.7606342	-2.352528	1.8304025	7	0.40951905	2.0144997	7.8968387	Growth	0.24655543	1.2128516	4.7543783
K453W	K453W	453	453	-2.6217582	-0.45313135	0.40584618				1.0906359	0.5437548	0.43437126	1.947752	7	0.19249578	1.4405928	5.647124	Growth	0.1158942	0.8673247	3.3999128
K453Y	K453Y	453	453	-2.3868923	0.97460043	4.6667895				1.218622	0.458615	-2.4199808	-0.19633277	7	0.33077446	2.4238524	9.501502	Growth	0.19914639	1.459307	5.7204833
K456C	K456C	456	456	0.89913476	1.1560242				-0.05619207	-0.22431004	-2.7161074	2.1352658	0.96062565	7	0.30777732	1.548904	6.0717034	Growth	0.18530071	0.93253464	3.655536
K456E	K456E	456	456	0.94015235	1.0746619	0.40597486	0.5611699	-0.13787699	0.9756242				0.64869416	7	0.63834286	0.41988033	1.6459309	Growth	0.38432133	0.25279355	0.99095076
K456F	K456F	456	456	1.5216038	2.516987	4.693187	0.07423721	0.13756774	3.125972	0.808847				7	1.8397716	1.7045801	6.681954	Growth	1.1076547	1.0262611	4.0229435
K456G	K456G	456	456	0.7458162	0.87686133				0.74456495	0.74638075	-0.23237316	1.5787795	0.7574409	7	0.7453529	0.52725554	2.0668418	Growth	0.4487479	0.31743997	1.2443647
K456H	K456H	456	456	-2.4520779	1.3198509	-2.3365808				2.2204895	0.5049127	0.7152213	1.2125369	7	0.16919324	1.8339945	7.1892586	Growth	0.10186464	1.1041765	4.328372
K456M	K456M	456	456	0.7568122	1.2302098	1.6170754	0.6316212	0.2519454	0.30360833	1.4467262				7	0.8911427	0.546166	2.1409707	Growth	0.53652227	0.32882524	1.2889949
K456N	K456N	456	456	2.2676952	3.4531221	-2.325752	0.5836627	-0.35595444				-2.5258741	0.9162467	7	0.28759235	2.220494	8.704337	Growth	0.17314813	1.3368728	5.2405415
K456P	K456P	456	456	0.37021732	4.992547	-1.9964185	3.0830383				2.3494327	1.223412	-1.7699455	7	1.1788976	2.5486624	9.990757	Growth	0.70976824	1.5344502	6.0150447
K456Q	K456Q	456	456	1.4705188	0.7590873	0.89935	0.38109335	1.4576969	-2.4230776				5.353459	7	1.1283039	2.2889924	8.972851	Growth	0.67930776	1.378113	5.402203
K456V	K456V	456	456	0.6921834	1.2879735	1.2437819	-0.20251633	0.6596084	0.12730789	2.5985434				7	0.9152689	0.91884875	3.6018872	Growth	0.5510477	0.553203	2.1685557
K456W	K456W	456	456	5.2006054	0.62964576	1.1953485				1.4229374	0.48986787	1.1337065	1.5832425	7	1.6650505	1.6083907	6.3048916	Growth	1.0024619	0.9683493	3.7959292
K456Y	K456Y	456	456	1.2206411	1.225117				3.078846	-2.3623843	5.552401	0.4834023	0.70614237	7	1.4148808	2.4358191	9.548411	Growth	0.8518445	1.4665116	5.7487254
K467A	K467A	467	467	1.2043486	1.5564636	1.1538404	0.6919507	1.0336155				2.2719872	1.500013	7	1.3446028	0.50129974	1.965095	Growth	0.8095329	0.301813	1.183107
K467D	K467D	467	467	2.2336264	0.6450836	0.53865534	3.094448	3.0785477	0.850006	-2.4384887				7	1.1431254	1.9265696	7.552153	Growth	0.6882312	1.1599123	4.5468564
K467E	K467E	467	467	5.20545	1.0540291				3.073675	4.7085323	5.5139847	4.85606	-1.8906282	7	3.2173004	2.7364242	10.726783	Growth	1.937011	1.6474942	6.4581776
K467F	K467F	467	467	-0.138874	-2.4311528				-0.60800624	0.65675193	0.92413884	0.6424092	1.194153	7	0.034202833	1.2526851	4.910526	Growth	0.02059219	0.75419277	2.9564357
K467G	K467G	467	467	1.2474092	3.9813683				2.4180481	1.9633299	1.189111	4.9337444	5.370938	7	3.01485	1.7362076	6.805934	Growth	1.8151234	1.0453029	4.097587
K467I	K467I	467	467	1.2283907	3.32277	2.7461677	0.4769781	0.54371023	-0.4458956				2.0362313	7	1.4154788	1.3499572	5.2918324	Growth	0.85220456	0.81275654	3.1860056
K467L	K467L	467	467	0.6039438	1.407377	1.1502526	-0.04540356				0.32365844	1.597821	0.5586814	7	0.7994758	0.6008856	2.3554716	Growth	0.48133317	0.3617698	1.4181377
K467M	K467M	467	467	0.82887375				0.60262346	-2.5039787	0.95826256	1.1875409	1.5879444	1.073139	7	0.5334865	1.3741395	5.386627	Growth	0.3211914	0.8273158	3.243078
K467Q	K467Q	467	467	1.0855691	1.2321817	-0.19606656	-0.09826104	-0.85800886				0.59916323	0.70612967	7	0.3529582	0.7601061	2.979616	Growth	0.21250236	0.45763022	1.7939105
K467R	K467R	467	467	0.6983344	1.0390189	0.4505109	0.22977202	-0.41133443	0.067533456	0.74629855				7	0.40287623	0.48606238	1.9053645	Growth	0.24255605	0.2926392	1.1471456
K467S	K467S	467	467	5.3912277	1.6382879	-0.08882877	0.61261207	-0.22257963	0.75146616				-0.053961597	7	1.1468891	1.9808323	7.764863	Growth	0.69049716	1.1925819	4.674921
K467V	K467V	467	467	0.6841152	1.1584398	0.36112693	-0.31564292	-0.7165228				0.6796047	1.1622951	7	0.43048796	0.715192	2.8035529	Growth	0.25918	0.4305892	1.6879097
K467Y	K467Y	467	467	0.7540035	0.8767401	0.7165167	0.3016165				0.42693964	0.7510933	0.5574877	7	0.6263425	0.20519905	0.8043803	Growth	0.37709635	0.12354234	0.48428598
K471A	K471A	471	471	0.74969965	-2.3743072				0.34057447	1.5638454	0.29899734	1.0907619	-0.35228702	7	0.18818352	1.2855844	5.039491	Growth	0.113297954	0.7740002	3.034081
K471D	K471D	471	471	0.8984373	1.0718312	0.7993557	0.19809134				1.4531195	1.223991	1.8269103	7	1.0673908	0.51740855	2.0282416	Growth	0.64263433	0.3115115	1.221125
K471E	K471E	471	471	-2.3756788	0.80364287	4.618284				-0.411466	0.0902577	4.950111	5.213978	7	1.8413041	3.0482795	11.949256	Growth	1.1085774	1.8352501	7.1941805
K471G	K471G	471	471	1.0301536				-0.133452	0.3552636	0.803871	0.54994076	1.014818	0.7250981	7	0.62081325	0.41061747	1.6096206	Growth	0.37376744	0.24721676	0.96908975
K471H	K471H	471	471	0.97841096	0.83336675				0.26303956	0.79113495	0.94707143	0.9861419	1.2138251	7	0.8589987	0.29566678	1.1590139	Growth	0.5171696	0.17800944	0.697797
K471I	K471I	471	471	1.1692431	1.2782515	1.0329959				1.2162111	1.2356777	0.69253695	0.4292304	7	1.0077351	0.32386717	1.2695594	Growth	0.606718	0.19498779	0.76435214
K471M	K471M	471	471	5.3196397	-0.82893103	0.74394196				0.49477586	1.5036602	1.4674009	0.6694303	7	1.3385597	1.9193813	7.523975	Growth	0.8058946	1.1555846	4.5298915
K471P	K471P	471	471	0.39114872	0.69754905	0.308033	-2.7728713	-2.4341283				-2.5434802	-2.0682645	7	-1.2031449	1.5791538	6.190283	Growth	-0.7243666	0.95074683	3.7269278
K471Q	K471Q	471	471	-2.3945184	-2.3368475	1.0333453	-2.7035758				-2.6741683	0.76079786	-2.014467	7	-1.4756335	1.6389686	6.424757	Growth	-0.88842136	0.986759	3.8680954
K471R	K471R	471	471	0.90425885	0.90603334	0.89031035				0.74739105	0.8969906	0.8700681	0.93776256	7	0.87897354	0.061473742	0.24097708	Growth	0.52919567	0.03701094	0.14508289
K471S	K471S	471	471	0.2972415	0.4343248	0.8433615	0.4525029	0.15890928	0.17243852	0.5650476				7	0.4176894	0.24014674	0.94137526	Growth	0.2514745	0.14458299	0.5667653
K471T	K471T	471	471	0.40535352	1.9026176	0.9912875	-0.08780455	0.1840459	0.12938525				1.0409936	7	0.6522684	0.69889534	2.7396698	Growth	0.39270535	0.42077762	1.6494483
K471V	K471V	471	471	1.2789313	0.5152603	0.62368697	-0.0038436516	0.6647572				0.004633856	-1.9703459	7	0.15901145	1.035805	4.0603557	Growth	0.09573459	0.62361777	2.4445817
K471W	K471W	471	471	0.6670491				0.26524502	0.43662778	0.04433944	1.3033838	1.2575673	0.17253453	7	0.59239244	0.51014227	1.9997578	Growth	0.35665637	0.30713674	1.203976
K471Y	K471Y	471	471	-2.426135	1.7529559	2.1278706	-1.0837277				0.9215618	1.7234414	5.2853217	7	1.1858984	2.4688375	9.677843	Growth	0.7139832	1.4863907	5.8266516
K479A	K479A	479	479	1.01094				0.79020065	0.42228705	0.8051833	1.9008557	1.3901021	0.8664839	7	1.0265789	0.48174047	1.8884227	Growth	0.6180631	0.29003713	1.1369456
K479D	K479D	479	479	-2.1634169				-2.4413567	-1.0136303	-2.2943342	5.426572	4.749158	1.2656173	7	0.504087	3.3851945	13.269963	Growth	0.3034911	2.0380936	7.989327
K479E	K479E	479	479	0.7726756				0.107144125	-0.28197485	1.127686	0.6360282	1.5678767	0.7597853	7	0.6698887	0.6135253	2.405019	Growth	0.40331382	0.3693796	1.4479681
K479F	K479F	479	479	0.2933702	0.9726422				1.6778933	0.3614499	1.6296668	1.6158522	0.72601074	7	1.0395551	0.6065245	2.377576	Growth	0.62587553	0.36516476	1.4314458
K479H	K479H	479	479	1.1913784	0.9606029	1.2191811	0.1063465				0.42706376	0.27598232	1.5687944	7	0.8213356	0.5533794	2.1692474	Growth	0.4944941	0.33316815	1.3060192
K479M	K479M	479	479	0.41068617	0.98544043	-0.6540388	0.46073547	0.94313806	0.315786	1.0660288				7	0.50396806	0.5954776	2.3342721	Growth	0.3034195	0.3585138	1.4053742
K479Q	K479Q	479	479	1.4447191	0.8779161	4.859472	1.1058714				1.9256687	1.3063942	0.77860254	7	1.7569493	1.4205847	5.568692	Growth	1.0577906	0.8552786	3.3526921
K479R	K479R	479	479	1.0182116	1.3516712	0.27421552	0.012558762	0.805371				1.2865589	0.69183826	7	0.7772036	0.4988821	1.9556179	Growth	0.46792397	0.30035746	1.1774013
K479S	K479S	479	479	1.0707227	0.96549207	1.2117306	0.49489254				1.077584	1.9697808	1.6424097	7	1.2046589	0.47821602	1.8746068	Growth	0.7252781	0.2879152	1.1286277
K479V	K479V	479	479	0.31470454	1.2808774	1.0604391	-0.347531				0.13307078	0.13886003	0.27470598	7	0.40787524	0.5675844	2.2249308	Growth	0.24556576	0.3417204	1.339544
K479W	K479W	479	479	0.6512775	-0.07622153	1.2034625	-0.40703988	0.5690765				0.5818723	1.2163465	7	0.53411055	0.6040115	2.3677251	Growth	0.32156712	0.36365172	1.4255148
K479Y	K479Y	479	479	1.6070739	0.83089	0.7900037	0.7538666	1.1652545	-0.9207726				-2.1630025	7	0.29475912	1.3380038	5.2449746	Growth	0.17746297	0.8055598	3.1577945
K27D	K27D	27	27		-2.293955	0.4330466	0.28922716	-1.1130055	-0.4287744	-2.4921753	0.98404795			7	-0.66022694	1.3591683	5.32794	Growth	-0.39749688	0.8183022	3.2077448
K27T	K27T	27	27		1.4580095	1.3319619	-0.037080057	-0.70692563	0.3055023	2.491264	1.4143375			7	0.8938671	1.0884334	4.266659	Growth	0.53816247	0.65530324	2.5687888
K33Y	K33Y	33	33		0.16479325	0.8802319	1.1151072	0.56986445	0.6348945	4.14483	1.358837			7	1.266937	1.3268645	5.2013087	Growth	0.76277333	0.79885334	3.1315053
K43M	K43M	43	43		1.4130119	4.859212	1.2928116	0.5752034	0.774319	1.1186365	1.1868247			7	1.6028597	1.4654986	5.7447543	Growth	0.9650193	0.8823195	3.4586926
I45G	I45G	45	45		0.56771994	1.4216989	0.5882144	1.098721	-0.52369577	2.497321	0.772685			7	0.9175235	0.9230099	3.6181989	Growth	0.5524051	0.5557082	2.1783762
I45L	I45L	45	45		5.1969914	4.61432	0.37336922	-2.563789	2.5512009	4.7335544	-2.5671976			7	1.7626356	3.3855221	13.271247	Growth	1.0612141	2.0382907	7.9901
T91C	T91C	91	91		1.0148627	1.0180082	0.39185467	0.52469844	0.53793603	0.7222637	1.3442022			7	0.7934037	0.34318095	1.3452693	Growth	0.4776774	0.20661587	0.8099342
T91K	T91K	91	91		5.2335796	-2.1837885	3.1113448	0.14823276	-2.4145079	4.744236	-2.5753288			7	0.8662525	3.453957	13.539512	Growth	0.5215368	2.0794928	8.151612
T91M	T91M	91	91		5.1612287	1.7841946	1.2097119	0.86104244	0.1000638	-0.09766419	3.5937219			7	1.801757	1.9251199	7.54647	Growth	1.0847676	1.1590395	4.543435
V98H	V98H	98	98		0.24066828	0.53789073	1.3657264	3.1119385	-2.4368305	0.4134438	0.62221754			7	0.5507221	1.6467031	6.455076	Growth	0.3315683	0.9914157	3.8863494
V98R	V98R	98	98		1.2961407	1.2881649	0.65496784	0.57029593	-0.50571054	1.0821568	1.099861			7	0.78369665	0.6365018	2.4950871	Growth	0.47183317	0.3832129	1.5021945
K99Q	K99Q	99	99		1.0466235	4.7413244	1.9165498	0.22234175	0.80416566	4.812152	2.0471225			7	2.2271826	1.8515748	7.2581735	Growth	1.3408997	1.1147609	4.3698626
F104D	F104D	104	104		-2.3191404	0.7255055	-1.9063652	0.016353512	0.36975026	-2.5197434	3.1348162			7	-0.3569748	2.0396137	7.995286	Growth	-0.2149206	1.2279718	4.8136497
F104N	F104N	104	104		-0.33350405	-2.4879484	-0.72386074	-0.04969583	-0.49396092	1.0202248	-2.7666492			7	-0.83362776	1.3479747	5.284061	Growth	-0.5018947	0.81156296	3.1813269
V106F	V106F	106	106		0.96667343	-2.4684865	0.45341402	-0.7257097	-0.56532663	-2.6878545	0.33406806			7	-0.6704603	1.4299918	5.605568	Growth	-0.40365797	0.8609423	3.374894
V106H	V106H	106	106		-2.3540387	-2.3215845	-2.7119937	-2.559582	0.1672545	-2.47086	5.350294			7	-0.9857871	2.9663098	11.627934	Growth	-0.59350395	1.7858994	7.0007257
V106T	V106T	106	106		1.9316365	-2.4784336	0.88668746	-0.5622907	-0.910116	-0.27734417	0.25491783			7	-0.16499183	1.3997557	5.4870424	Growth	-0.09933514	0.8427383	3.303534
V106W	V106W	106	106		4.946933	4.341781	1.3328012	-2.4737957	3.0359979	0.57289064	0.7101207			7	1.7809613	2.5516737	10.002561	Growth	1.0722473	1.5362631	6.0221515
N123A	N123A	123	123		2.901097	1.0418342	0.1351238	0.7625138	0.5078438	0.10390762	1.3641638			7	0.9737835	0.9655166	3.7848253	Growth	0.58627707	0.5812999	2.2786956
N123C	N123C	123	123		1.1873903	1.0892019	-0.12523483	1.0157201	0.75863385	4.8846803	0.8950499			7	1.3864917	1.6033223	6.285023	Growth	0.8347525	0.96529776	3.7839673
N123G	N123G	123	123		0.80063826	1.0936372	-2.6515286	-2.5605109	0.6582543	0.45837188	1.2588573			7	-0.1346115	1.7090527	6.6994867	Growth	-0.08104433	1.0289539	4.0334992
N123S	N123S	123	123		0.8504739	-2.213492	3.2289789	0.9194383	3.1516745	2.1148126	1.4647655			7	1.3595217	1.8487587	7.247134	Growth	0.818515	1.1130655	4.363217
N123T	N123T	123	123		1.3991442	1.3264081	0.5949727	0.49412608	0.66521907	1.1996524	1.1958498			7	0.98219603	0.38163933	1.4960262	Growth	0.5913419	0.22977015	0.900699
N123V	N123V	123	123		0.24986039	0.14764985	-0.38779208	0.38343427	0.7714095	1.4806566	0.7609817			7	0.4866	0.59029484	2.3139558	Growth	0.29296288	0.3553935	1.3931426
H126C	H126C	126	126		5.1818185	4.5876985	-2.6236541	3.0501328	1.209224	2.3186572	5.6604366			7	2.7691875	2.8660433	11.23489	Growth	1.6672196	1.7255329	6.764089
W128S	W128S	128	128		2.1171608	1.442247	1.1834333	0.38371277	3.1170704	4.678842	5.859499			7	2.683138	1.9856575	7.783777	Growth	1.6154126	1.1954869	4.686309
S129C	S129C	129	129		0.75915873	1.0685139	-0.7366217	-2.413364	3.1331291	0.15196532	-2.6235697			7	-0.09439833	2.0308173	7.960804	Growth	-0.05683355	1.2226758	4.792889
S129T	S129T	129	129		1.1223269	2.01973	1.2685834	0.40694028	0.64765126	0.6511868	0.8563858			7	0.9961149	0.53929114	2.1140213	Growth	0.5997219	0.32468614	1.2727697
L132F	L132F	132	132		0.4517956	0.77806145	-2.3580136	-0.3776135	-2.4553528	0.52993244	0.3146518			7	-0.4452198	1.3864442	5.434861	Growth	-0.26804948	0.83472395	3.2721179
L132I	L132I	132	132		-0.6442326	-0.42253792	-0.25247967	-0.72739196	-0.36794063	-2.6611223	-2.873517			7	-1.1356032	1.1279265	4.421472	Growth	-0.68370235	0.6790805	2.6619956
L132K	L132K	132	132		-2.5062718	0.75642276	-0.6714397	-2.5492177	-2.47376	-2.6652625	-2.7951424			7	-1.8435246	1.3570048	5.319459	Growth	-1.1099142	0.8169996	3.2026386
H141F	H141F	141	141		1.6573213	0.9265416	0.33281267	0.59450597	0.15637267	0.6660713	1.7552533			7	0.8698398	0.62210166	2.4386387	Growth	0.5236966	0.37454313	1.4682091
H141V	H141V	141	141		1.4752922	1.1778454	0.7211988	0.54324585	1.4751432	1.5203531	0.9133689			7	1.1180639	0.39798364	1.5600959	Growth	0.6731427	0.23961042	0.9392729
Q142R	Q142R	142	142		1.4552445	1.9150002	0.48849952	0.6507826	0.3467265	-0.3335271	1.5389397			7	0.8659523	0.79559135	3.1187181	Growth	0.5213561	0.47899452	1.8776586
L150G	L150G	150	150		-2.323307	-2.2606635	1.4696535	0.9466386	-2.4352882	-0.7226026	-2.6790304			7	-1.1435143	1.7340211	6.797363	Growth	-0.6884653	1.0439864	4.092427
L150K	L150K	150	150		0.09758417	-0.1312917	-0.5694279	-0.54964167	-0.7200079	0.49368927	-0.32623148			7	-0.24361815	0.4293858	1.6831924	Growth	-0.14667298	0.25851643	1.0133845
M154C	M154C	154	154		1.6197999	0.96962136	-0.22271597	-0.44996443	-2.3640828	1.0889262	-2.518289			7	-0.2681007	1.6547543	6.486637	Growth	-0.16141297	0.99626297	3.905351
K158D	K158D	158	158		-0.055832043	0.3152584	3.0859344	0.15294912	0.25403762	4.8447976	1.0457639			7	1.3775585	1.8706255	7.332852	Growth	0.8293742	1.1262306	4.414824
K158F	K158F	158	158		1.1281745	-0.043796804	-0.48096058	0.29778582	-0.6380819	1.1550096	0.9247958			7	0.33470377	0.7535419	2.9538844	Growth	0.20151208	0.45367816	1.7784184
K158M	K158M	158	158		0.94746035	0.21453075	0.99005353	3.1348524	1.4302659	1.6249905	1.4898398			7	1.4045705	0.89882886	3.5234091	Growth	0.8456371	0.5411498	2.1213071
K158P	K158P	158	158		0.44266084	0.66721916	0.21797672	0.38935834	0.23728302	0.77617186	0.49938908			7	0.46143702	0.20732844	0.8127275	Growth	0.27781323	0.12482436	0.4893115
N168E	N168E	168	168		0.0019885567	-2.3107195	-0.4359822	0.6282221	0.5921558	1.3103808	0.7892806			7	0.082189456	1.1949614	4.684249	Growth	0.049483065	0.7194396	2.8202033
E228F	E228F	228	228		0.31517467	0.17118429	0.047729958	0.08931792	-0.43701354	0.1873304	-0.108548194			7	0.037882213	0.2472198	0.96910167	Growth	0.022807403	0.1488414	0.5834583
V229Q	V229Q	229	229		1.1256896	-2.2396932	0.19406827	0.0037146395	-2.4019258	2.7811756	0.07014693			7	-0.06668913	1.8165468	7.1208634	Growth	-0.040150926	1.0936719	4.287194
M231C	M231C	231	231		0.75784606	-0.425446	0.39038846	0.3981979	-0.8086817	0.7978491	0.96659636			7	0.2966786	0.6677088	2.6174185	Growth	0.17861861	0.4020014	1.5758456
M231K	M231K	231	231		-0.0029585776	-0.14132413	-0.13370278	-2.1436918	-1.0604317	-2.8144984	-2.9442346			7	-1.3201202	1.3005565	5.0981817	Growth	-0.7947929	0.78301436	3.0694163
M231L	M231L	231	231		4.868598	4.297679	0.20592818	3.2899327	3.0756085	1.8073992	3.8508759			7	3.0565746	1.591442	6.238453	Growth	1.8402443	0.95814514	3.755929
K233I	K233I	233	233		3.2808466	1.7677089	3.2909477	1.2763474	0.8347559	4.4319916	2.206122			7	2.4412458	1.2804117	5.019214	Growth	1.4697788	0.77088594	3.021873
A244V	A244V	244	244		1.2504908	1.7334262	0.1954832	1.6328683	0.24246486	1.1265458	1.2050878			7	1.0551952	0.6136011	2.4053164	Growth	0.6352919	0.36942527	1.448147
Q247C	Q247C	247	247		-2.536297	0.85722363	0.016742254	0.6686869	0.41817176	-0.04451216	1.1002667			7	0.06861174	1.2226707	4.792869	Growth	0.04130845	0.7361223	2.8855996
Q247D	Q247D	247	247		1.3478594	0.6589034	0.14826335	0.067357734	0.40512946	0.82437	1.2980362			7	0.67855996	0.5136319	2.013437	Growth	0.40853447	0.30923772	1.2122118
Q247M	Q247M	247	247		-2.4052725	0.2209543	0.6283632	0.9390795	1.4850537	0.47675696	1.3035094			7	0.37834924	1.3064358	5.1212287	Growth	0.22778931	0.78655404	3.083292
Q247R	Q247R	247	247		1.552625	3.8396847	1.8579797	0.10417118	0.1817175	0.9990584	1.540817			7	1.4394362	1.2595093	4.937277	Growth	0.86662835	0.75830144	2.9725418
Y259S	Y259S	259	259		1.4003255	-0.295526	0.7289993	-0.3113855	0.746775	1.519512	1.4413736			7	0.7471534	0.7866732	3.083759	Growth	0.4498319	0.4736252	1.8566109
H265W	H265W	265	265		5.02099	-1.9715106	3.0627518	-2.449734	3.0693493	-0.26367512	1.8063824			7	1.1820791	2.812209	11.023859	Growth	0.7116837	1.6931212	6.6370354
F269D	F269D	269	269		0.6923354	0.13448934	-0.10366215	-0.040794507	-2.2884145	0.66133505	0.21573076			7	-0.104140095	1.0128058	3.9701989	Growth	-0.062698685	0.60977083	2.3903017
F269K	F269K	269	269		0.9304879	-0.059670173	-0.27422473	0.10201085	0.29909602	-2.6271048	-0.07634982			7	-0.24367926	1.1207352	4.393282	Growth	-0.14670977	0.6747509	2.6450236
F269N	F269N	269	269		2.537799	0.28531483	0.015172798	-0.33752418	-2.46066	1.1202357	1.2013792			7	0.33738813	1.5595006	6.113242	Growth	0.20312822	0.9389144	3.6805446
V270N	V270N	270	270		0.90586805	0.71784836	0.14174381	0.1356728	0.1218288	0.52215177	0.55463356			7	0.44282103	0.31540227	1.2363769	Growth	0.26660526	0.1898914	0.7443743
V270W	V270W	270	270		1.5190463	-2.283973	-0.018862544	-2.5104072	-2.4468443	1.2962033	1.3035326			7	-0.44875786	1.9053974	7.469158	Growth	-0.2701796	1.1471654	4.4968886
A275K	A275K	275	275		-2.4147627	0.17172861	-0.7559705	0.012944531	0.15162225	-0.116372995	-2.800777			7	-0.8216554	1.2640734	4.955168	Growth	-0.49468663	0.7610493	2.983313
A295P	A295P	295	295		1.4209689	0.6761239	0.34076464	0.9403583	0.6071528	2.3972223	1.1438005			7	1.0751988	0.6840946	2.6816509	Growth	0.64733523	0.41186666	1.6145173
E303R	E303R	303	303		0.6873291	1.118461	0.300541	0.07257443	1.8975697	1.306187	0.8493156			7	0.8902825	0.6190018	2.4264872	Growth	0.53600436	0.37267682	1.4608932
Y322L	Y322L	322	322		5.155025	1.3739202	-0.40257967	0.5596504	1.0995922	-0.14419334	1.9014564			7	1.3632673	1.8606973	7.2939334	Growth	0.82077	1.1202532	4.3913927
K323H	K323H	323	323		1.0470521	0.6528074	-0.17421617	0.37654963	0.29960352	-0.023547072	-0.16413409			7	0.28773075	0.45320165	1.7765505	Growth	0.17323145	0.272855	1.0695916
M326I	M326I	326	326		1.434828	4.8038635	1.4746335	3.2030518	3.112596	3.1677346	2.129829			7	2.7609336	1.1881078	4.657383	Growth	1.6622504	0.7153134	2.8040285
M328R	M328R	328	328		1.5397185	0.75109863	3.133437	3.0253668	2.4875877	4.4892693	-2.3182387			7	1.8726056	2.2013426	8.629263	Growth	1.1274227	1.3253424	5.1953425
M328V	M328V	328	328		1.2219313	1.8480204	2.1305435	3.0924492	0.778409	4.794865	1.4055328			7	2.1816788	1.3702112	5.371228	Growth	1.3135036	0.8249507	3.2338068
M328Y	M328Y	328	328		5.3600235	0.84256995	1.3845015	1.3601711	2.1613626	1.7226079	5.680729			7	2.6445663	2.00666	7.8661075	Growth	1.5921901	1.2081317	4.735876
D329E	D329E	329	329		2.1507425	-2.123279	-0.06281845	-2.4656074	3.0995483	4.685473	-2.4902656			7	0.39911333	2.9400797	11.525112	Growth	0.24029055	1.7701073	6.938821
D329I	D329I	329	329		0.8289116	0.074222006	0.53066295	-2.4642107	0.29384756	1.1193742	-0.025727898			7	0.05101139	1.1809835	4.6294556	Growth	0.030711967	0.7110241	2.7872145
D329P	D329P	329	329		-2.4289594	1.1669548	-0.14007312	0.28995028	-0.7850565	0.47740513	0.7499722			7	-0.09568664	1.204707	4.7224517	Growth	-0.05760919	0.7253071	2.843204
Y333H	Y333H	333	333		-0.2312711	0.7174343	1.176862	1.0510359	0.19221316	-2.4111652	-0.884482			7	-0.055624723	1.2694614	4.976289	Growth	-0.033489477	0.76429313	2.9960291
Y333M	Y333M	333	333		0.64965415	2.558762	0.48442018	0.70841694	3.2010272	1.383634	0.9975044			7	1.4262028	1.0506732	4.118639	Growth	0.85866106	0.6325694	2.479672
Y333T	Y333T	333	333		5.3612547	0.57412136	1.457895	-0.8892871	3.1291947	4.8881726	0.2682664			7	2.1128025	2.3978975	9.399758	Growth	1.272036	1.4436805	5.659228
L336W	L336W	336	336		0.856713	0.55504626	-0.87642753	-0.55275756	0.37730318	0.8402094	2.3395314			7	0.50565976	1.052582	4.1261215	Growth	0.304438	0.63371855	2.4841769
V337F	V337F	337	337		3.1129508	0.070352696	-1.0493042	-2.4912283	-2.3811066	2.1749642	-2.4536426			7	-0.431002	2.3138292	9.07021	Growth	-0.25948948	1.3930663	5.4608197
V337H	V337H	337	337		0.36850414	0.2893361	0.31401032	1.001078	0.48546946	1.2334801	1.3600482			7	0.7217037	0.46208963	1.8113914	Growth	0.43450963	0.27820614	1.0905681
V337R	V337R	337	337		1.0212823	0.57428485	3.0654843	-0.14014952	-0.65780884	-0.14924197	1.5159967			7	0.74712116	1.2672515	4.967626	Growth	0.4498125	0.76296264	2.9908135
V337S	V337S	337	337		0.12816152	1.5803756	1.2926004	-0.2968289	-0.14955345	-2.4458213	5.6416883			7	0.8215174	2.4960554	9.784537	Growth	0.49460357	1.5027776	5.890888
M340K	M340K	340	340		-2.451265	0.5619591	-2.6228786	-2.1370099	0.1507252	-0.05192695	-2.8605578			7	-1.344422	1.4903419	5.84214	Growth	-0.809424	0.8972767	3.5173247
M345C	M345C	345	345		1.0983763	-2.3103645	-2.614887	0.24447677	-2.3571904	-2.5234485	-2.699989			7	-1.5947181	1.5734155	6.167789	Growth	-0.9601175	0.9472921	3.713385
M345Y	M345Y	345	345		-0.7066387	-0.45954883	-2.6511753	-0.29384977	-0.65555173	-2.664185	-2.7887206			7	-1.4599527	1.1697549	4.585439	Growth	-0.8789806	0.70426375	2.760714
H358G	H358G	358	358		5.2871814	1.003157	-0.9304288	1.7905875	0.9913067	0.07837912	2.9200227			7	1.591458	2.0338268	7.9726014	Growth	0.95815474	1.2244878	4.799992
G359K	G359K	359	359		1.0371889	0.31794918	-1.3460315	-0.11462533	0.5201383	-2.5651546	0.69647574			7	-0.20772275	1.2932769	5.0696454	Growth	-0.12506177	0.77863157	3.0522358
G359L	G359L	359	359		0.7715507	0.4265794	-2.5838666	0.26945937	-0.6488409	-2.4098082	-2.597382			7	-0.9674726	1.5247282	5.9769344	Growth	-0.5824775	0.91797936	3.5984793
K360M	K360M	360	360		1.2164739	4.68918	0.9028992	0.3836421	0.86051774	4.836193	1.4777129			7	2.0523741	1.8822787	7.3785324	Growth	1.2356544	1.1332465	4.4423265
Y379N	Y379N	379	379		1.2325289	0.9777179	0.43506452	0.26147324	-2.3925133	4.5776134	0.5266412			7	0.8026466	2.0485375	8.030267	Growth	0.48324218	1.2333444	4.83471
K381G	K381G	381	381		0.5819447	0.54276437	-0.17538159	-0.19083825	-0.13411014	0.29749516	0.39752588			7	0.18848573	0.34550887	1.3543948	Growth	0.1134799	0.20801741	0.81542826
K381P	K381P	381	381		0.62445086	1.4353079	3.0968843	0.53395474	1.8485723	0.1174398	1.2318494			7	1.2697799	0.9989932	3.9160535	Growth	0.76448494	0.60145485	2.357703
Q406F	Q406F	406	406		0.85274994	0.7489816	0.23314118	0.16923228	0.25242636	0.68555826	0.87927634			7	0.5459094	0.31407714	1.2311825	Growth	0.32867074	0.18909359	0.7412469
G411I	G411I	411	411		-2.0953395	-0.030667072	-2.6404457	-0.77318746	1.4278326	0.09629429	0.78284115			7	-0.46181026	1.4792508	5.798663	Growth	-0.27803794	0.8905992	3.491149
N412R	N412R	412	412		-2.2111557	1.5284103	0.056763723	-2.5409095	0.053735662	-2.3646495	0.2055027			7	-0.7531859	1.5994974	6.27003	Growth	-0.45346385	0.962995	3.7749405
N415R	N415R	415	415		1.2461586	0.24213369	0.93845415	0.5856323	-0.6103556	2.701682	-2.535775			7	0.3668472	1.6327348	6.4003205	Growth	0.22086437	0.9830059	3.853383
C417W	C417W	417	417		0.8831624	0.41233605	1.9948193	-2.5231562	-2.395107	-2.403613	-2.5497315			7	-0.9401843	1.9631189	7.6954265	Growth	-0.56604826	1.1819173	4.633116
I425M	I425M	425	425		0.6486325	1.50667	0.68166155	0.022091484	-0.16503616	1.3498878	0.7191338			7	0.6804344	0.6166549	2.417287	Growth	0.409663	0.37126383	1.4553542
I425S	I425S	425	425		0.7671002	1.0006199	-0.95654976	0.48837525	-0.4391705	0.19264717	-2.881708			7	-0.26124078	1.3416208	5.259154	Growth	-0.15728287	0.8077375	3.1663313
I425V	I425V	425	425		1.4054513	0.4915633	3.1382923	3.1142917	0.21868873	-2.4944117	5.797435			7	1.66733	2.6515675	10.394145	Growth	1.0038344	1.5964053	6.257909
A429C	A429C	429	429		0.07844141	1.4888512	0.95494694	0.4943163	0.8148037	1.048581	0.7120251			7	0.79885226	0.4439136	1.7401414	Growth	0.48095778	0.26726305	1.0476712
A429K	A429K	429	429		0.6811397	1.7579257	-0.3588063	0.46641544	-0.21809489	0.2249621	0.07644654			7	0.3757126	0.7090413	2.7794418	Growth	0.22620189	0.42688608	1.6733935
A429W	A429W	429	429		0.31708452	-2.4851089	-0.8808056	-0.56565684	-0.17751923	0.39493775	0.31145278			7	-0.4408022	1.0244056	4.01567	Growth	-0.2653898	0.61675465	2.4176784
A429Y	A429Y	429	429		-2.3769271	0.74692374	-0.016383158	-2.6148713	0.037206408	0.42733255	-0.51047474			7	-0.6153134	1.344111	5.268915	Growth	-0.3704562	0.80923676	3.172208
G432L	G432L	432	432		0.1727532	0.5558386	-0.7910038	-2.4860966	-0.712644	-2.5823762	0.6128202			7	-0.7472442	1.340934	5.2564616	Growth	-0.44988656	0.80732405	3.1647103
G432M	G432M	432	432		1.1839334	-0.6877977	-0.12728524	-0.46482602	-0.26054353	-2.5719783	0.1945566			7	-0.39056298	1.1372526	4.45803	Growth	-0.23514272	0.68469536	2.684006
I433D	I433D	433	433		-2.2529895	4.6008706	-0.46214432	-0.12883362	-0.359835	-2.4403226	-2.5558214			7	-0.5141537	2.4913366	9.76604	Growth	-0.3095519	1.4999366	5.8797517
I433H	I433H	433	433		0.47068176	0.8761856	-0.42081195	-2.4236348	0.25908247	0.30754673	0.94080055			7	0.0014072146	1.1609716	4.5510087	Growth	0.000847229	0.69897574	2.739985
I433T	I433T	433	433		0.82283723	0.8508144	0.37850899	0.4962288	-0.012533093	1.1138673	1.2200197			7	0.69567764	0.4343563	1.7026768	Growth	0.41884035	0.26150897	1.0251151
K443G	K443G	443	443		0.98752856	-2.1359885	-2.052698	-2.495397	1.8751656	0.07358875	5.6210985			7	0.26761398	2.903886	11.383234	Growth	0.16111994	1.7483165	6.8534007
K443M	K443M	443	443		0.34311607	1.6088532	0.84835523	0.37461853	0.33812886	1.4195038	5.6551127			7	1.5125269	1.900072	7.4482822	Growth	0.9106334	1.1439592	4.48432
K443Q	K443Q	443	443		1.0235176	-2.2652416	-2.637439	-2.577199	1.8536427	1.1154436	-2.634802			7	-0.87458247	2.0834696	8.167201	Growth	-0.52655196	1.2543757	4.917153
S444H	S444H	444	444		0.96255803	1.0058608	-0.05300966	0.18014306	-0.010416829	0.9519879	0.7514027			7	0.541218	0.48202914	1.8895543	Growth	0.32584623	0.29021093	1.1376269
S444K	S444K	444	444		1.1657857	1.1368889	0.35745206	0.9139964	-0.17532913	1.3955119	0.91002274			7	0.8149041	0.543536	2.1306612	Growth	0.49062195	0.3272418	1.2827879
S446C	S446C	446	446		5.2172723	0.8664423	0.9115206	0.18193561	-2.3867166	4.643446	3.6078427			7	1.863106	2.7328558	10.712795	Growth	1.1217034	1.6453458	6.4497557
S446G	S446G	446	446		3.1248748	1.3715557	0.46950945	0.46898904	0.82501686	-0.055201523	1.3886619			7	1.0847723	1.037735	4.067921	Growth	0.6530991	0.62477976	2.4491367
S446R	S446R	446	446		-2.0763376	4.42592	-2.5439723	1.9747039	0.46471643	0.24432647	5.4788814			7	1.1383197	3.041233	11.921634	Growth	0.6853379	1.8310077	7.1775503
S446T	S446T	446	446		0.88197786	1.4140743	0.3899974	0.9605901	3.14624	1.2917339	1.6515739			7	1.3908838	0.87611973	3.4343894	Growth	0.83739686	0.5274775	2.0677118
K453L	K453L	453	453		1.4249998	1.4878964	0.49114525	-1.2292315	0.9210022	1.0225736	1.6047581			7	0.817592	0.9820597	3.8496742	Growth	0.49224025	0.59125984	2.3177385
K453N	K453N	453	453		0.8743836	0.48179963	-2.642025	-2.5715427	-0.70336074	0.9062569	0.77954316			7	-0.41070646	1.5985802	6.2664347	Growth	-0.24727033	0.96244276	3.7727757
K453T	K453T	453	453		0.8086726	0.6282257	-0.037733983	-2.37421	-0.5898946	1.1639532	0.30163136			7	-0.014193654	1.1887844	4.6600347	Growth	-0.008545445	0.71572065	2.805625
K479C	K479C	479	479		1.2848675	0.9751268	0.029878952	-0.2005904	1.0196828	4.6940675	1.025059			7	1.2611561	1.6142105	6.3277054	Growth	0.75929284	0.97185314	3.8096645
K479L	K479L	479	479		1.194145	1.8007739	0.29290426	0.1885198	-0.38382643	-2.677802	-0.038902137			7	0.053687472	1.4194709	5.5643263	Growth	0.032323133	0.85460806	3.3500636
K479N	K479N	479	479		1.4371982	0.778261	1.0927479	-0.22535636	1.3201928	0.30896437	1.0004679			7	0.816068	0.59071255	2.3155932	Growth	0.4913227	0.35564497	1.3941283
K479T	K479T	479	479		1.4826651	1.6771133	0.23221207	1.7132386	0.8359369	1.2602227	1.4152611			7	1.23095	0.5296799	2.0763452	Growth	0.7411069	0.3188996	1.2500864
K27A	K27A	27	27			-0.3584107	-0.87973666	0.3763005	0.1693159	0.7635311	-2.7169192	0.39023462		7	-0.32224062	1.187624	4.655486	Growth	-0.1940085	0.715022	2.8028865
K27L	K27L	27	27			1.1213416	-0.62961686	-0.7530895	3.10847	4.7210245	5.6300573	4.86281		7	2.5801425	2.6744516	10.4838505	Growth	1.5534031	1.6101829	6.311917
K33C	K33C	33	33			0.70142645	0.364828	-2.5712032	0.31749353	0.04761705	1.4986706	0.7718044		7	0.16151953	1.2908866	5.0602756	Growth	0.097244605	0.7771925	3.0465946
K43S	K43S	43	43			1.4595438	0.90549934	1.6848961	0.33456406	4.7856393	0.74697286	5.003501		7	2.1315167	1.940481	7.6066856	Growth	1.283303	1.1682879	4.5796885
I45Y	I45Y	45	45			-2.2511468	1.0115552	-2.4980526	-2.4310663	1.2523785	1.948773	4.9335747		7	0.28085932	2.8105578	11.017387	Growth	0.16909444	1.6921272	6.6331387
T91N	T91N	91	91			1.7949238	-0.62947154	-0.94853216	-0.5259913	0.20762064	0.96802264	1.4516258		7	0.3311711	1.088886	4.268433	Growth	0.1993852	0.65557575	2.569857
T91V	T91V	91	91			1.0109328	-0.10383231	-1.0203395	0.3704292	1.1976837	2.2369018	1.5683694		7	0.7514493	1.0921159	4.2810946	Growth	0.4524183	0.65752035	2.5774798
V98N	V98N	98	98			4.8790746	1.0550115	1.2489282	3.2083201	4.8927236	5.9057803	5.11921		7	3.7584355	1.9542259	7.660566	Growth	2.2628074	1.1765631	4.612128
V98Q	V98Q	98	98			1.8295605	3.179687	0.41605574	0.63852847	0.04016653	5.918639	1.4466736		7	1.9241873	2.0512521	8.040909	Growth	1.158478	1.2349788	4.841117
K99T	K99T	99	99			2.2533994	1.0743265	0.56273544	2.866171	4.806817	1.9146082	5.037794		7	2.6451218	1.729041	6.7778406	Growth	1.5925246	1.0409881	4.080673
K99Y	K99Y	99	99			1.1936946	0.48607928	0.6565245	0.5852329	1.1643412	0.5239467	1.4270191		7	0.8624055	0.3862412	1.5140655	Growth	0.5192207	0.23254076	0.91155976
F104G	F104G	104	104			0.22465053	-0.42019224	-0.42758322	-0.14186129	-0.0977748	0.20976444	-0.43259495		7	-0.1550845	0.2893448	1.1342316	Growth	-0.093370326	0.1742032	0.6828766
V106R	V106R	106	106			4.741491	0.5729386	-0.5330896	-2.4256022	0.7492184	-2.7160892	2.1045537		7	0.35620287	2.5967023	10.179073	Growth	0.21445584	1.5633731	6.1284227
H126E	H126E	126	126			-0.04554576	-0.08959017	0.012958802	-0.30651456	0.28685907	0.14118168	0.50494796		7	0.07204243	0.26617098	1.0433903	Growth	0.043373935	0.16025116	0.62818456
H126K	H126K	126	126			-2.1009805	3.1699646	3.08621	-0.37905216	-2.329415	-2.447988	3.101792		7	0.30007586	2.7246034	10.680446	Growth	0.18066396	1.6403774	6.4302797
W128N	W128N	128	128			1.3029641	3.166589	3.021528	-0.09610357	1.7651391	5.507456	4.848843		7	2.7880592	1.9752641	7.7430353	Growth	1.6785817	1.1892294	4.6617794
W128Q	W128Q	128	128			4.81378	0.6231276	1.4506123	1.6560073	1.2887006	1.8511993	1.6576596		7	1.9058694	1.3426687	5.2632613	Growth	1.1474496	0.8083684	3.1688042
W128Y	W128Y	128	128			1.4404283	-0.09811493	-0.2070489	-0.46787173	-0.07633191	0.96429294	-2.6246898		7	-0.15276231	1.2914826	5.0626116	Growth	-0.091972224	0.77755123	3.0480008
S129P	S129P	129	129			-2.4259503	-0.40066484	-2.6038568	-0.5738836	-1.3251499	0.9162518	0.32408968		7	-0.8698806	1.3265814	5.200199	Growth	-0.52372116	0.79868287	3.130837
L132R	L132R	132	132			0.41925514	-1.3243221	0.10444958	-0.981597	-2.6427655	0.56916237	-2.6432762		7	-0.928442	1.3641285	5.3473835	Growth	-0.5589787	0.8212885	3.2194512
Q142T	Q142T	142	142			1.5372487	2.589665	0.829064	2.671209	4.939554	5.8164325	1.3930436		7	2.8251739	1.879344	7.3670287	Growth	1.7009269	1.1314796	4.4354
L150A	L150A	150	150			0.6255606	0.6503693	-0.7671457	0.5022812	-0.62839097	0.3526813	0.75700814		7	0.21319485	0.6362994	2.4942937	Growth	0.1283563	0.38309103	1.5017169
L150C	L150C	150	150			1.5997059	0.17544511	-0.65014064	0.6343588	2.3885806	2.2936466	-2.6024623		7	0.54844767	1.781774	6.9845543	Growth	0.33019894	1.0727366	4.2051277
L150E	L150E	150	150			0.88289285	-2.7497616	0.51282465	-0.03267863	-2.685417	-0.60225326	0.26441887		7	-0.62999624	1.4983641	5.873587	Growth	-0.37929615	0.9021065	3.5362577
L150Q	L150Q	150	150			1.1688948	0.8091217	-0.3866141	0.63235575	-2.5697298	0.70254254	4.446645		7	0.6861736	2.0874317	8.182733	Growth	0.41311836	1.2567612	4.926504
L150R	L150R	150	150			1.4882278	-2.599517	-2.4925883	0.7534228	-2.393366	5.6434703	1.1294811		7	0.21844721	3.007535	11.789537	Growth	0.13151854	1.8107195	7.0980206
L150V	L150V	150	150			0.5773125	-2.610412	-0.45207575	1.0310177	0.6571298	1.4762717	0.33280075		7	0.14457786	1.3534243	5.3054233	Growth	0.087044686	0.81484395	3.1941884
M154F	M154F	154	154			0.41471747	-0.47815043	0.2335347	0.34526578	0.35606948	1.2977008	0.789449		7	0.42265525	0.54128635	2.1218426	Growth	0.25446424	0.32588738	1.2774786
M154K	M154K	154	154			1.3126953	-2.6029909	0.017421674	0.28212398	3.0969076	-2.4592652	0.6782241		7	0.046445217	2.0274096	7.9474454	Growth	0.027962852	1.2206242	4.784847
M154N	M154N	154	154			1.011782	0.9452911	0.46690637	-0.15852718	1.4613962	0.8178372	0.84309155		7	0.76968247	0.5047892	1.9787736	Growth	0.46339577	0.30391386	1.1913424
V156C	V156C	156	156			0.93309337	-0.26746684	0.12610474	0.380092	0.37584454	3.6302977	0.18421282		7	0.7660254	1.3133458	5.1483154	Growth	0.461194	0.79071426	3.0996
V156F	V156F	156	156			-0.16999616	-0.07535893	-0.5443236	-2.4536219	0.9901954	-0.014749856	0.40118027		7	-0.26666784	1.0797372	4.2325697	Growth	-0.1605503	0.6500676	2.5482652
V156S	V156S	156	156			-2.5028417	-0.58306915	-2.6356978	0.04271109	1.0869604	-1.1412874	0.8388251		7	-0.6992	1.4898769	5.8403172	Growth	-0.42096102	0.89699674	3.5162272
K158N	K158N	158	158			0.5103567	0.45499292	0.34303838	0.3824341	0.7082152	1.07233	0.9016377		7	0.624715	0.27807155	1.0900406	Growth	0.3761165	0.16741604	0.65627086
A164R	A164R	164	164			0.82638264	-0.5768913	-0.30772597	0.1260545	0.15910341	0.10874032	0.96735567		7	0.18614562	0.55627644	2.1806037	Growth	0.112071015	0.33491233	1.3128563
N168T	N168T	168	168			2.1580954	0.1550089	0.65576893	0.5013633	0.8690367	0.86515146	-2.6412985		7	0.36616084	1.466541	5.748841	Growth	0.22045115	0.88294715	3.4611528
K214E	K214E	214	214			-2.5257976	-0.34072027	-0.38783455	-0.9681126	-2.7118003	0.41947508	-2.7559552		7	-1.3243923	1.3184844	5.168459	Growth	-0.79736495	0.79380804	3.1117275
K214M	K214M	214	214			0.43938845	-0.40776098	-0.2302864	-2.4483898	0.13118702	0.85046035	-2.4718568		7	-0.59103686	1.3424028	5.262219	Growth	-0.35584024	0.80820835	3.168177
E228C	E228C	228	228			0.94691056	-0.115821436	0.5139267	0.65286887	0.89136744	1.5275856	1.0234183		7	0.7771794	0.5079036	1.990982	Growth	0.4679094	0.30578893	1.1986927
E228G	E228G	228	228			1.0402976	0.2801036	0.17226583	0.86065596	0.83623374	0.2708799	0.86998254		7	0.6186313	0.3609434	1.4148982	Growth	0.37245378	0.21730994	0.851855
V229L	V229L	229	229			0.36511642	-1.1537063	-0.06701787	-0.3636697	-2.3969805	0.77429086	4.009597		7	0.16680424	1.9928304	7.8118954	Growth	0.10042632	1.1998054	4.703237
V229T	V229T	229	229			0.748962	0.49513155	0.22192682	0.8104003	0.87153083	1.0124187	2.0320554		7	0.88463223	0.56977874	2.2335327	Growth	0.53260255	0.34304154	1.3447229
M231I	M231I	231	231			0.08651161	0.058632944	2.3210402	-0.010063011	0.95575076	1.5642326	1.0179518		7	0.8562938	0.88148415	3.4554179	Growth	0.5155411	0.5307072	2.080372
M231V	M231V	231	231			-1.0040145	3.265818	3.1264114	-1.2614781	-0.36783162	1.5472895	1.4301696		7	0.9623378	1.8766779	7.3565774	Growth	0.57938606	1.1298745	4.429108
M231W	M231W	231	231			0.82068974	-2.568413	0.6670127	3.0846643	-2.471854	0.69037986	1.064936		7	0.18391652	2.0295458	7.9558196	Growth	0.110728964	1.2219104	4.789889
A244C	A244C	244	244			1.6635036	0.23313208	0.32820404	-0.13126357	4.9794216	1.6476907	-2.3850987		7	0.9050843	2.251315	8.825155	Growth	0.5449159	1.3554289	5.3132815
Y259D	Y259D	259	259			0.92973995	0.98256725	0.3540254	1.4846237	1.6764983	2.1409678	0.7134735		7	1.1831281	0.6143001	2.4080563	Growth	0.71231526	0.3698461	1.4497968
Y259E	Y259E	259	259			0.8551933	-0.18918347	-0.48848167	-0.33735803	-0.20416746	0.67518413	-0.81631225		7	-0.07216077	0.61197007	2.3989227	Growth	-0.043445185	0.36844328	1.4442977
Y259K	Y259K	259	259			-2.2491047	-2.552969	0.032054115	-2.4528303	2.6992579	-2.707455	0.28182456		7	-0.992746	2.0571194	8.063908	Growth	-0.5976936	1.2385113	4.8549643
F269M	F269M	269	269			0.3866426	-2.6613064	-2.4451294	-2.3983505	1.0800809	-2.6046135	1.6295671		7	-1.0018728	1.9383248	7.598233	Growth	-0.6031885	1.1669897	4.5745997
V270P	V270P	270	270			-2.0384579	-2.5797489	1.2196113	3.0403132	-1.6099305	1.5278893	-2.162275		7	-0.37179986	2.2425983	8.790985	Growth	-0.22384618	1.3501809	5.292709
A275E	A275E	275	275			1.0969772	-0.66805845	3.0977757	3.0347304	-2.317505	1.1239026	-0.09425799		7	0.7533664	1.9632205	7.6958246	Growth	0.4535725	1.1819785	4.6333556
K276A	K276A	276	276			0.55921113	0.1512709	0.45100674	0.5305321	1.0893503	1.0618849	1.1102952		7	0.7076502	0.3790622	1.4859239	Growth	0.42604855	0.22821856	0.8946168
A295D	A295D	295	295			-2.202745	-0.9088856	-2.469727	-2.356765	1.1372555	5.701577	4.383863		7	0.46922472	3.3865035	13.275094	Growth	0.2825019	2.0388815	7.992416
A295G	A295G	295	295			0.6348513	-0.0328146	0.3364362	-0.7000874	0.2392881	0.88188106	0.6706867		7	0.2900345	0.5328193	2.0886517	Growth	0.17461845	0.3207897	1.2574956
A295N	A295N	295	295			0.8020523	0.5900693	1.7741235	3.135636	1.9935778	0.9198544	0.54083836		7	1.3937359	0.95626783	3.74857	Growth	0.839114	0.5757315	2.2568676
Y322A	Y322A	322	322			2.1032348	0.49878162	3.1150692	0.6092483	0.49417755	5.737028	1.1915058		7	1.9641492	1.9287055	7.5605254	Growth	1.1825376	1.1611983	4.551897
Y322C	Y322C	322	322			1.8430904	0.2064439	1.6471251	3.1834123	1.8766769	1.7254066	1.8941578		7	1.7680446	0.86522055	3.3916645	Growth	1.0644706	0.5209155	2.0419888
Y322H	Y322H	322	322			4.4676824	0.25288117	3.0947535	3.0957487	4.641749	5.4701686	4.772502		7	3.6850696	1.7498807	6.8595324	Growth	2.2186365	1.0535349	4.1298566
Y322S	Y322S	322	322			4.7028813	3.1263137	3.107289	3.073314	4.798424	1.2251633	2.8229635		7	3.2651927	1.2149123	4.7624564	Growth	1.9658451	0.7314513	2.867289
K323E	K323E	323	323			-2.369678	-2.6207592	-2.5576437	-2.5092313	0.96412855	-2.782744	0.6962201		7	-1.5971011	1.6645491	6.5250325	Growth	-0.96155226	1.0021601	3.9284675
K323T	K323T	323	323			1.1779616	0.50006676	0.3637154	-2.4026728	0.37085977	0.6091031	-2.561878		7	-0.27754918	1.5316284	6.0039835	Growth	-0.16710153	0.9221337	3.6147642
M326G	M326G	326	326			2.0627058	1.0305395	0.6389415	1.8508531	3.0226176	1.6185403	1.7662772		7	1.7129251	0.7623987	2.988603	Growth	1.0312853	0.4590105	1.7993213
M328S	M328S	328	328			0.6657319	-2.7330494	-1.1652906	-0.12847814	0.61312747	0.7628446	1.2794075		7	-0.100815244	1.4030182	5.4998317	Growth	-0.060696922	0.84470254	3.311234
D329F	D329F	329	329			0.36626974	-0.66986734	-2.594188	-1.8414854	-2.6268668	-2.926372	-2.6490164		7	-1.8487895	1.2422404	4.8695827	Growth	-1.113084	0.7479045	2.9317856
D329N	D329N	329	329			1.3402768	0.14498287	-0.059286695	1.3805348	1.1906193	1.1864094	1.0508513		7	0.89062685	0.59212476	2.321129	Growth	0.53621167	0.3564952	1.3974612
L336G	L336G	336	336			0.94948053	0.084737554	0.00023161992	1.2255121	-2.6225264	0.056070905	1.0269865		7	0.10292753	1.3084282	5.1290383	Growth	0.061968647	0.7877535	3.0879939
M340C	M340C	340	340			0.446536	0.12764667	-1.8838111	1.4484978	4.249383	1.0552167	1.341351		7	0.96926004	1.8374023	7.202617	Growth	0.5835536	1.1062282	4.336415
M340E	M340E	340	340			-2.5801702	-0.45514813	-0.44312853	-0.6579221	-1.1979493	-0.14790326	-0.19417661		7	-0.81091404	0.8549127	3.3512578	Growth	-0.4882197	0.5147096	2.0176616
M340I	M340I	340	340			0.86257434	-0.3544474	-0.12542094	-2.358367	0.6268996	-0.05271254	0.7967065		7	-0.08639536	1.1124722	4.360891	Growth	-0.052015275	0.6697761	2.6255224
M340P	M340P	340	340			-2.0082865	-2.571434	-2.4872284	-0.17617248	-2.262501	5.46868	0.03301542		7	-0.5719896	2.8751545	11.270606	Growth	-0.3443726	1.7310183	6.785592
M345F	M345F	345	345			0.51595664	1.082336	3.19183	1.2043289	0.0040076505	0.013135878	-2.372452		7	0.51987755	1.6739503	6.5618854	Growth	0.312998	1.0078201	3.950655
M345G	M345G	345	345			0.811624	-2.669331	-2.6153896	-2.3744671	-2.5910861	-2.9245024	0.6519652		7	-1.6730268	1.651302	6.473104	Growth	-1.0072641	0.9941845	3.8972032
M345I	M345I	345	345			2.0194077	1.0611972	0.48970944	0.4597545	0.24082197	2.1512089	4.9553742		7	1.6253535	1.6534988	6.481715	Growth	0.9785619	0.99550706	3.9023879
H358R	H358R	358	358			3.4381552	1.6136069	3.1188312	3.1310778	1.4929571	1.9301797	2.1991012		7	2.4177012	0.7988531	3.1315043	Growth	1.4556036	0.48095828	1.8853565
H358S	H358S	358	358			4.738194	3.1910741	3.0608923	3.175046	4.791714	1.7449839	5.1154504		7	3.6881936	1.2272829	4.810949	Growth	2.2205174	0.7388991	2.8964846
K360L	K360L	360	360			4.634251	-0.2895721	1.314436	3.1118245	0.22578864	2.0028365	0.3208064		7	1.6171958	1.7715024	6.9442897	Growth	0.9736505	1.0665524	4.1808853
K360Y	K360Y	360	360			-0.23692171	3.1738076	-2.4525914	3.0217702	4.634857	5.638161	2.124288		7	2.27191	2.7966592	10.962904	Growth	1.3678284	1.6837593	6.6003366
Y379Q	Y379Q	379	379			0.7295397	0.13160746	0.17179874	0.6461989	1.4818654	0.89094496	0.32035595		7	0.62461585	0.4757376	1.8648914	Growth	0.37605682	0.28642306	1.1227784
K381F	K381F	381	381			1.8396416	0.05611032	1.5272126	0.38693076	0.77095044	0.28767216	0.89739996		7	0.8237025	0.6586057	2.5817344	Growth	0.49591914	0.3965208	1.5543616
K381T	K381T	381	381			-1.9478604	0.5555417	2.9586644	0.3068181	-2.1949255	1.7968905	-2.0872333		7	-0.08744352	2.0534585	8.049558	Growth	-0.05264633	1.2363071	4.846324
Q406R	Q406R	406	406			1.178387	1.1125389	0.53910726	0.065824725	2.1540241	0.9416823	1.0485737		7	1.0057341	0.64120907	2.5135396	Growth	0.6055132	0.38604695	1.5133041
Q406V	Q406V	406	406			1.0318661	0.23969477	0.30035105	0.37760815	0.64204943	0.8766666	0.83644295		7	0.6149541	0.31311026	1.2273922	Growth	0.37023988	0.18851148	0.738965
Q406W	Q406W	406	406			4.5360136	-0.05853029	-0.19726893	-0.5973367	-2.2952046	-2.416253	-2.1991298		7	-0.46110144	2.4299755	9.525504	Growth	-0.2776112	1.4629934	5.7349343
G411E	G411E	411	411			-2.1282532	3.2381618	0.97859466	0.36184287	1.1352398	5.5237484	-2.2816708		7	0.9753805	2.7824075	10.907038	Growth	0.58723855	1.675179	6.566702
N412F	N412F	412	412			-2.1958	-2.629779	-0.83586514	-2.4600096	-2.4495199	5.7599144	4.9855175		7	0.024922643	3.708445	14.537105	Growth	0.015004951	2.2327101	8.752224
N412K	N412K	412	412			0.82994264	-0.911112	0.23183146	-1.4045974	-2.6773176	0.72796154	-2.7392368		7	-0.8489326	1.5111883	5.923858	Growth	-0.5111092	0.9098275	3.5665238
N412Q	N412Q	412	412			0.46850902	3.1261115	-2.5340366	-0.39405927	0.10592828	-2.4583976	1.4685122		7	-0.031061802	2.03197	7.9653225	Growth	-0.018701099	1.2233698	4.79561
C417G	C417G	417	417			1.8116733	-0.8864445	-2.4910839	0.0014405705	4.713327	2.7514167	1.3939614		7	1.0420415	2.3944855	9.386383	Growth	0.62737256	1.4416263	5.651175
C417L	C417L	417	417			0.7851773	0.61875194	0.0453172	0.46973854	-2.5576122	-2.6617389	-2.424961		7	-0.8179039	1.6353374	6.4105225	Growth	-0.492428	0.9845728	3.8595254
C417N	C417N	417	417			1.4065511	-0.07103778	0.18825354	-2.4043915	0.054105565	0.49606723	0.7414136		7	0.05870884	1.195446	4.6861486	Growth	0.0353463	0.7197314	2.821347
C417T	C417T	417	417			0.07074387	0.6432177	-0.27877203	-0.47591728	-2.533663	-2.6323402	0.47966287		7	-0.6752954	1.3607299	5.3340616	Growth	-0.406569	0.8192424	3.2114303
I425K	I425K	425	425			1.8260639	-0.2520813	0.5451685	-2.456258	0.14070468	0.96995425	0.13958822		7	0.1304486	1.3284981	5.2077127	Growth	0.07853801	0.7998369	3.1353607
I425W	I425W	425	425			-0.6750088	0.04819942	-2.4959939	-1.0879016	1.5682453	2.1348715	-2.5674613		7	-0.43929273	1.8316457	7.1800513	Growth	-0.264481	1.1027625	4.322829
A429F	A429F	429	429			1.6044207	0.7162851	-0.124426775	-0.22538549	-0.19581145	0.94836617	1.1998329		7	0.56046873	0.745204	2.9211996	Growth	0.33743635	0.44865823	1.7587403
A429H	A429H	429	429			0.6085813	-0.33508855	-0.49593335	-1.028463	0.24725711	-0.43221548	0.12612249		7	-0.18710566	0.5485033	2.150133	Growth	-0.112649016	0.3302324	1.2945111
A429P	A429P	429	429			4.3805747	-2.58662	1.08366	-2.3356335	-2.1917262	-2.329155	4.6630607		7	0.09773721	3.2765691	12.8441515	Growth	0.058843758	1.9726944	7.732962
G432C	G432C	432	432			-0.22199363	-0.018061478	-2.567812	-2.411127	0.35633302	0.044543084	1.0400602		7	-0.53972256	1.3921434	5.457202	Growth	-0.3249459	0.8381552	3.2855685
G432V	G432V	432	432			0.06121569	-0.8411136	0.24104153	0.08512981	0.76377577	0.07099679	1.4087602		7	0.2556866	0.6942547	2.7214785	Growth	0.15393893	0.41798365	1.6384959
I433A	I433A	433	433			0.30914187	0.37956738	-0.041808825	0.4281541	1.2075337	0.55271876	0.35897282		7	0.4563257	0.37849906	1.4837164	Growth	0.2747359	0.22787951	0.8932877
I433C	I433C	433	433			4.759782	0.2700756	0.34040245	-2.4501295	-2.595094	1.3026916	-2.56121		7	-0.13335456	2.6992068	10.580891	Growth	-0.080287576	1.6250871	6.370342
I433N	I433N	433	433			0.74017304	-2.4162881	-0.26554805	-0.11849415	0.02959697	0.61420834	0.11679926		7	-0.18565038	1.0505053	4.117981	Growth	-0.11177285	0.6324682	2.4792755
K443A	K443A	443	443			-1.7409464	3.018766	-2.3561869	3.0079134	4.262931	-2.083248	-1.8691955		7	0.3200048	2.944842	11.543781	Growth	0.1926624	1.7729745	6.9500604
K443E	K443E	443	443			-2.3303137	-0.030344598	0.24985929	-0.42903537	-1.304454	-2.7319472	-0.21615495		7	-0.9703415	1.1760601	4.6101556	Growth	-0.58420473	0.70805985	2.7755947
K443R	K443R	443	443			0.7334459	0.22717276	0.44412282	0.81043965	3.0614486	-0.15465592	1.1529915		7	0.89642364	1.0443783	4.093963	Growth	0.5397017	0.6287794	2.4648154
K443Y	K443Y	443	443			0.97057664	0.0113892	0.0051668966	-0.9853505	0.68510985	2.1072497	1.4851882		7	0.6113329	1.0338163	4.0525603	Growth	0.36805966	0.6224205	2.4398885
S444D	S444D	444	444			1.2430015	0.9526296	0.8092377	0.35652527	0.739891	2.1873221	0.73968333		7	1.0040414	0.58548903	2.2951171	Growth	0.60449415	0.3525001	1.3818004
S444Y	S444Y	444	444			-2.15913	0.98862606	3.1019135	3.0944028	0.057804786	2.1580913	4.8763237		7	1.7311475	2.3201132	9.094844	Growth	1.0422564	1.3968496	5.475651
S446D	S446D	446	446			0.41930985	-0.07647863	0.89813536	-0.18442066	0.9380101	1.3196746	-2.6442592		7	0.09571017	1.3273857	5.203352	Growth	0.05762336	0.7991671	3.132735
S446F	S446F	446	446			-2.008213	-2.6316469	-2.511525	3.148564	4.5455866	-2.3952358	-2.1699896		7	-0.5746371	3.0544124	11.973297	Growth	-0.34596658	1.8389425	7.208655
S446K	S446K	446	446			4.610096	0.02206043	3.1115735	3.1167061	1.012022	5.7445593	-2.3873403		7	2.1756682	2.8058877	10.99908	Growth	1.3098849	1.6893154	6.6221166
S446L	S446L	446	446			0.64696807	1.9866364	0.56839615	-0.5176317	0.92273945	3.8162084	3.1126463		7	1.5051376	1.5384893	6.0308785	Growth	0.9061846	0.9262644	3.6309566
K456D	K456D	456	456			1.0238962	0.5882324	0.6956621	-2.4714985	0.5546568	2.345128	1.8013029		7	0.6481971	1.5328338	6.0087085	Growth	0.3902542	0.92285943	3.617609
K456I	K456I	456	456			0.6375971	0.4932076	3.1216595	1.9572469	-2.3894694	0.7672299	1.8112682		7	0.9141057	1.7298907	6.781172	Growth	0.5503474	1.0414997	4.0826793
K456L	K456L	456	456			1.1470019	0.06480687	-2.4679074	-2.3385086	4.7373686	5.622602	-2.2928233		7	0.6389342	3.3993797	13.325569	Growth	0.38467735	2.046634	8.022805
K456R	K456R	456	456			1.164415	-2.6792076	3.1018887	0.3111833	1.3675054	5.611589	4.93262		7	1.9728563	2.848923	11.167778	Growth	1.1877798	1.7152253	6.7236834
K456S	K456S	456	456			4.6178613	0.45618474	3.0303566	0.8310968	1.8017925	2.486574	-0.35049757		7	1.8390528	1.6972568	6.653247	Growth	1.107222	1.0218521	4.0056605
K467N	K467N	467	467			-2.1201007	-2.517231	-0.52309346	1.6894108	4.658232	5.5115976	1.7514355		7	1.2071787	3.1332202	12.282224	Growth	0.7267952	1.8863896	7.3946476
K467T	K467T	467	467			0.36763966	-2.3666308	0.59477764	0.07957969	0.26217553	1.1171591	0.82084554		7	0.12507807	1.1530576	4.5199857	Growth	0.07530462	0.69421095	2.721307
K467W	K467W	467	467			1.3742559	-2.598101	3.0668435	3.1279209	0.25452608	1.4177657	1.7304537		7	1.1962378	1.9527991	7.6549726	Growth	0.7202081	1.1757041	4.6087604
K471C	K471C	471	471			0.94845986	0.100342005	0.37111387	1.1729149	0.797483	1.3026041	-0.73425967		7	0.5655226	0.71370894	2.797739	Growth	0.3404791	0.4296963	1.6844095
K471L	K471L	471	471			0.6494837	-2.175679	-2.5156884	3.1582842	-1.4784294	2.080532	1.243274		7	0.13739672	2.2130978	8.6753435	Growth	0.0827212	1.3324199	5.223086
K471N	K471N	471	471			4.6338205	-2.6534395	0.7761821	0.25695828	1.0701607	-2.613917	4.952802		7	0.9175096	3.0495028	11.954051	Growth	0.5523967	1.8359866	7.1970677
K27E	K27E	27	27				-2.5329828	-2.3907351	-1.1346989	-2.238594	1.8718448	-2.1229575	-1.786555	7	-1.4763826	1.5478507	6.067575	Growth	-0.8888723	0.9319005	3.65305
K27S	K27S	27	27				2.2246904	0.9934988	0.83479387	4.3129907	1.6395574	1.7217134	0.9553521	7	1.8117994	1.2125646	4.7532535	Growth	1.0908138	0.7300378	2.8617482
K33D	K33D	33	33				3.2089963	-0.38789397	0.934853	1.1884394	0.752547	0.7201273	1.1971678	7	1.0877482	1.0778223	4.225064	Growth	0.6548907	0.64891475	2.543746
K33N	K33N	33	33				3.1392717	3.037327	-2.338999	-0.13758942	0.9664056	4.7901516	-1.8511821	7	1.0864837	2.696092	10.568681	Growth	0.65412945	1.6232117	6.3629904
K33R	K33R	33	33				0.46879095	0.08251698	0.22935826	1.1666675	1.2151419	0.9281361	1.6429944	7	0.81908655	0.5746607	2.25267	Growth	0.49314004	0.3459808	1.3562447
K43H	K43H	43	43				-0.11151378	0.8760387	3.1766431	1.6230342	-2.556756	4.8407664	0.6046412	7	1.2075506	2.3676128	9.281042	Growth	0.72701913	1.4254473	5.587754
I45F	I45F	45	45				-0.3102843	0.43065104	-2.4478426	-2.5648384	0.28475407	2.2775497	1.1631289	7	-0.16669737	1.7925186	7.0266733	Growth	-0.10036198	1.0792055	4.230486
I45N	I45N	45	45				0.16544077	0.35320655	0.7762584	1.263218	0.9721861	1.1094011	0.9435336	7	0.79760635	0.40070006	1.5707443	Growth	0.48020765	0.24124587	0.94568384
I45V	I45V	45	45				0.42382404	-1.97197	-0.14604089	-1.594498	5.790297	0.48915517	0.9679896	7	0.56553674	2.5526795	10.006504	Growth	0.3404876	1.5368687	6.024525
V98G	V98G	98	98				-2.1664217	1.4657043	-2.3575666	-2.1188626	5.156208	1.7682722	-1.6532645	7	0.013438429	2.8674803	11.240523	Growth	0.008090753	1.726398	6.7674804
V98I	V98I	98	98				-0.77177536	-2.5810885	3.022589	4.6223598	0.5383413	-0.30133185	1.6094131	7	0.87692964	2.4271963	9.514609	Growth	0.5279651	1.4613202	5.728375
V98W	V98W	98	98				0.32982275	0.38430235	0.59112984	1.2721809	0.7144914	1.4949919	1.987332	7	0.96775013	0.62763506	2.4603295	Growth	0.5826446	0.37787458	1.4812684
F104Y	F104Y	104	104				0.08304058	0.26731947	-0.2049644	1.592558	-0.10582377	0.26691407	-1.9777558	7	-0.011244535	1.0527489	4.1267757	Growth	-0.006769896	0.63381904	2.4845707
N123E	N123E	123	123				1.3554853	0.96486205	-0.05138386	1.3989457	-2.4707327	-2.2566078	-1.8458695	7	-0.41504297	1.7381119	6.8133984	Growth	-0.24988118	1.0464493	4.1020813
N123M	N123M	123	123				0.111311376	1.1601888	0.46352455	0.00998308	1.4669074	0.39670414	2.0892243	7	0.81397766	0.7756197	3.040429	Growth	0.49006417	0.46697035	1.8305238
H126F	H126F	126	126				-2.687811	-0.35979077	0.33114704	4.695565	0.8562212	-2.335072	1.6560093	7	0.30803844	2.5091698	9.835946	Growth	0.18545793	1.5106732	5.9218388
W128C	W128C	128	128				0.49783716	0.2336129	0.4490381	1.6242068	2.6877525	5.0696125	1.9296671	7	1.7845324	1.7077669	6.6944466	Growth	1.0743973	1.0281798	4.0304646
W128T	W128T	128	128				0.9386396	3.0561717	3.1686022	1.1873337	-2.6259186	-0.06796473	4.216827	7	1.4105273	2.3247085	9.112858	Growth	0.8492235	1.3996162	5.486496
S129H	S129H	129	129				-2.6276667	0.1771037	0.82577187	1.6143471	-2.8171585	1.248465	-0.026776496	7	-0.22941628	1.7958913	7.039894	Growth	-0.13812259	1.081236	4.2384453
S129Q	S129Q	129	129				-2.6216376	-2.580031	3.0579765	-2.3166952	2.033706	-2.2293582	5.0987115	7	0.0632389	3.2486587	12.734742	Growth	0.03807367	1.9558905	7.667091
L132H	L132H	132	132				-0.18073028	-2.5248847	-2.4757168	-2.7247999	-2.8422906	0.9198006	-2.1755035	7	-1.714875	1.4738444	5.77747	Growth	-1.0324593	0.8873442	3.4783893
L132W	L132W	132	132				-1.2669739	-0.93698525	0.04332511	0.35696718	-0.05279832	0.46511227	-2.1176176	7	-0.5012815	0.9623674	3.7724802	Growth	-0.30180204	0.5794039	2.2712634
L132Y	L132Y	132	132				0.88729775	0.8279603	0.45511207	0.78296876	1.6762788	1.5770993	2.464001	7	1.238674	0.6977635	2.735233	Growth	0.7457573	0.42009616	1.646777
H141I	H141I	141	141				0.5906725	-2.5075	0.4645636	-2.465943	5.72416	4.9271364	-1.9890803	7	0.6777156	3.433103	13.457765	Growth	0.4080261	2.0669374	8.102395
Q142C	Q142C	142	142				0.48443827	0.1672066	0.6764924	4.9380736	1.5978302	1.4178843	2.1068642	7	1.6269699	1.6113124	6.3163447	Growth	0.9795351	0.97010833	3.8028247
M154S	M154S	154	154				-0.59326196	0.078343466	-1.1009288	0.040016875	-0.184296	-0.3092671	-0.0009092438	7	-0.29575753	0.42603743	1.6700667	Growth	-0.17806406	0.2565005	1.0054821
V156M	V156M	156	156				0.71377033	0.091774486	0.5938237	2.1122298	5.8012505	2.388651	5.346239	7	2.435391	2.3005996	9.018351	Growth	1.4662539	1.3851012	5.429597
V156T	V156T	156	156				-1.369528	2.9732304	-2.352847	-2.2325726	0.6757402	4.7200694	-1.7645661	7	0.09278946	2.799556	10.974259	Growth	0.055864915	1.6855034	6.6071734
K158V	K158V	158	158				0.31352788	0.68696135	-2.4531252	-2.6211255	0.57003176	0.68887985	0.27301058	7	-0.3631199	1.4949566	5.86023	Growth	-0.21862032	0.90005505	3.528216
N168D	N168D	168	168				-2.637998	-2.4808087	-2.4564164	-2.5450337	1.0132613	2.656717	-0.05174765	7	-0.928861	2.1475825	8.418524	Growth	-0.559231	1.2929757	5.0684648
N168K	N168K	168	168				3.1186733	-0.5330645	-2.3462522	1.8647754	3.086495	1.2638052	1.5255721	7	1.1400005	1.9725779	7.732506	Growth	0.6863498	1.1876122	4.65544
N168L	N168L	168	168				-0.6314743	0.3515176	-2.3278964	0.33557364	-2.5468817	4.953097	0.72727937	7	0.123030685	2.499893	9.799581	Growth	0.07407197	1.505088	5.899945
N168M	N168M	168	168				-0.4353593	-0.21577212	-2.5200043	0.38359728	-0.16102576	-0.4389868	0.13455474	7	-0.46471372	0.95382524	3.738995	Growth	-0.279786	0.57426095	2.251103
K214W	K214W	214	214				-0.0102718305	-2.4672909	0.3503285	-2.5323946	0.37163952	-2.486318	-2.0852506	7	-1.2656511	1.4188279	5.5618052	Growth	-0.76199913	0.8542209	3.348546
E228I	E228I	228	228				0.39167735	-0.71021736	-0.02746628	-0.3545025	0.6205431	-2.3266509	0.26989773	7	-0.30524555	1.0002704	3.9210598	Growth	-0.18377644	0.60222375	2.360717
V229F	V229F	229	229				0.48389825	0.16207434	0.65185446	0.9273038	1.3183156	1.1239278	1.1351773	7	0.8289359	0.41333723	1.6202819	Growth	0.49906996	0.24885422	0.9755086
V229I	V229I	229	229				-2.4143322	-2.5452826	0.46890682	-1.4159409	-2.636893	1.6756665	1.0125487	7	-0.83647525	1.8448445	7.2317905	Growth	-0.5036091	1.1107088	4.3539786
M231E	M231E	231	231				1.1057587	-1.8291153	-0.19977982	1.0743898	0.4572552	-2.5936193	-2.126471	7	-0.58736885	1.570849	6.157728	Growth	-0.35363185	0.94574684	3.7073276
M231T	M231T	231	231				-2.64346	3.1449375	-0.18151924	4.6818967	-2.4968107	2.1464314	5.205318	7	1.4081135	3.2375069	12.691027	Growth	0.84777015	1.9491765	7.6407723
K233S	K233S	233	233				0.6105991	-0.17496276	0.64241487	0.4214776	0.12799247	-0.23908539	4.92589	7	0.90204656	1.8090469	7.091464	Growth	0.543087	1.0891565	4.2694936
Y259W	Y259W	259	259				0.6892218	0.44243202	0.51720196	1.0333258	0.8502234	2.1253266	-0.06668713	7	0.79872066	0.68125993	2.670539	Growth	0.48087853	0.41016	1.6078273
K261G	K261G	261	261				0.48144165	0.701892	0.6093603	2.224911	0.9660687	0.71577764	1.8284127	7	1.0754092	0.67566913	2.648623	Growth	0.6474619	0.406794	1.5946325
K261L	K261L	261	261				0.7121002	0.5110888	0.4556863	0.7582868	1.2930777	1.8320658	2.326371	7	1.1269538	0.71894485	2.8182638	Growth	0.67849493	0.43284863	1.6967666
K261W	K261W	261	261				-0.9134815	-2.5174062	-2.4821649	0.29016635	-2.4861434	-2.265577	1.0981624	7	-1.3252064	1.5079582	5.911196	Growth	-0.7978551	0.90788275	3.5589004
H265C	H265C	265	265				3.106348	-1.3057812	-0.63246167	0.32060677	-2.7468612	2.745577	-0.07506527	7	0.2017661	2.1079755	8.263264	Growth	0.121475495	1.2691298	4.974989
H265I	H265I	265	265				-0.96293026	0.26763842	-0.20022003	0.31119174	0.8924224	0.95300764	1.0566956	7	0.33111504	0.7291068	2.8580987	Growth	0.19935144	0.43896675	1.7207497
D268L	D268L	268	268				0.7167215	0.17842184	-0.18738143	0.6199597	1.3667381	2.0921724	1.9172179	7	0.9576928	0.86271274	3.381834	Growth	0.57658947	0.51940566	2.0360703
D268M	D268M	268	268				3.143533	0.6701176	0.13436039	-0.30949277	5.8261337	0.49884158	-2.0385437	7	1.1321356	2.5762024	10.098714	Growth	0.6816147	1.5510309	6.080041
F269P	F269P	269	269				0.3354139	-0.9564108	-0.023154056	0.40864506	-0.26044628	-2.494604	-2.045188	7	-0.719392	1.1579977	4.539351	Growth	-0.43311784	0.6971852	2.7329662
V270D	V270D	270	270				-0.33306295	-2.6090286	0.7169304	-2.6350458	-2.8224084	0.7502557	0.22278917	7	-0.95851004	1.6594545	6.5050616	Growth	-0.5770815	0.99909276	3.9164436
V270G	V270G	270	270				-2.6570199	-0.59115344	-2.3922536	0.027745323	-2.1400244	0.8246521	-2.2685497	7	-1.3138005	1.3818126	5.4167056	Growth	-0.79098797	0.8319354	3.2611868
V270H	V270H	270	270				-2.7005208	0.30157083	-0.036216743	0.4218929	1.4796734	-2.702871	0.89839077	7	-0.33401152	1.6874126	6.6146574	Growth	-0.2010953	1.0159253	3.9824271
K276C	K276C	276	276				-2.101146	-2.6234233	-0.2314954	-0.38948676	0.7187572	-2.66477	0.5505503	7	-0.9630019	1.4680804	5.754875	Growth	-0.5797859	0.88387394	3.4647858
K276R	K276R	276	276				1.4734402	0.8557628	0.056390487	0.86876714	0.06150392	1.2944225	2.3616605	7	0.99599254	0.8138425	3.1902626	Growth	0.59964824	0.48998278	1.9207325
K276T	K276T	276	276				0.7945559	0.6791367	0.6555659	1.035512	1.113835	0.65863335	0.4305482	7	0.7668267	0.23742822	0.93071866	Growth	0.46167642	0.14294626	0.56034935
A295C	A295C	295	295				0.52020115	3.0619555	0.85197264	4.719842	5.7568607	-2.4538817	-2.032602	7	1.4891924	3.173314	12.439391	Growth	0.89658463	1.9105285	7.489272
A295M	A295M	295	295				0.31902286	-0.22915363	-1.1899192	0.44622165	0.9907251	0.7946761	0.6826649	7	0.25917682	0.75035304	2.941384	Growth	0.15604025	0.4517583	1.7708925
E303C	E303C	303	303				0.5682481	-2.3694065	-0.7687637	1.7628676	0.69252205	1.0500395	1.0745263	7	0.28714758	1.4020993	5.496229	Growth	0.17288035	0.84414923	3.309065
E303P	E303P	303	303				-2.6766737	-2.586018	0.26758373	-2.7043793	0.7598308	0.121433385	0.6239437	7	-0.88489705	1.6702013	6.547189	Growth	-0.532762	1.005563	3.941807
E303V	E303V	303	303				-0.52940446	0.12871821	-0.021048436	0.45250207	0.22124963	0.544594	0.48890442	7	0.18364505	0.3765018	1.4758871	Growth	0.11056552	0.22667705	0.88857406
Y322P	Y322P	322	322				-0.62278694	0.7746114	-2.407853	1.7393471	-2.7204697	-2.4252715	-2.0008354	7	-1.0947511	1.7657789	6.9218535	Growth	-0.6591069	1.0631065	4.1673775
Y322V	Y322V	322	322				0.38226655	0.30826592	0.30586904	0.74245065	1.1066768	1.0017154	0.9699888	7	0.68817616	0.35116115	1.3765517	Growth	0.41432402	0.21142043	0.82876813
K323A	K323A	323	323				3.236172	1.408306	0.049180694	-2.5894122	2.2901032	1.1462437	0.18218137	7	0.8175392	1.87424	7.347021	Growth	0.49220845	1.1284068	4.4233546
K323N	K323N	323	323				-2.6873891	-0.348907	-2.413657	-2.4500837	1.1806134	1.9764793	5.2259154	7	0.06899595	2.9368246	11.512353	Growth	0.04153977	1.7681475	6.931138
M328G	M328G	328	328				0.3416228	0.69269	1.7162522	0.92034054	0.3946857	1.1310934	1.6925197	7	0.98417205	0.56401587	2.2109423	Growth	0.59253156	0.33957195	1.331122
M328H	M328H	328	328				0.72107816	0.16483746	0.23982468	1.1823897	4.4508896	0.87577224	2.1717575	7	1.4009358	1.5032336	5.892676	Growth	0.84344876	0.90503824	3.54775
D329Q	D329Q	329	329				0.09031723	-0.19602732	0.0010746997	0.63041484	0.65710795	1.188598	0.8986826	7	0.46716687	0.511286	2.0042412	Growth	0.28126293	0.30782536	1.2066754
Y333C	Y333C	333	333				-2.6206074	-0.79722315	3.099055	3.677107	3.0934498	4.7188535	5.067742	7	2.3197682	2.9005218	11.370046	Growth	1.3966419	1.7462909	6.8454604
Y333Q	Y333Q	333	333				1.4456491	2.4516227	3.1468816	2.647644	0.93175507	2.684663	0.9259505	7	2.0334523	0.9130268	3.579065	Growth	1.2242622	0.5496978	2.1548154
Y333S	Y333S	333	333				0.16210003	1.1003668	0.6874298	1.1646397	1.0626111	0.6966475	1.5644143	7	0.9197442	0.44840005	1.7577282	Growth	0.5537421	0.26996416	1.0582595
L336I	L336I	336	336				3.2674778	1.1498557	0.9498193	4.9539514	5.526947	1.9368342	5.420203	7	3.3150127	2.0080788	7.8716693	Growth	1.9958397	1.2089859	4.739225
L336Y	L336Y	336	336				-0.10500488	-0.6745601	0.39776665	0.5636521	1.708495	0.5437708	1.4730997	7	0.5581742	0.83123755	3.2584512	Growth	0.3360549	0.5004557	1.9617863
V337G	V337G	337	337				-0.358188	-0.41045514	-0.36377838	0.097019434	0.18876477	0.2598809	0.29378748	7	-0.041852713	0.3203486	1.2557665	Growth	-0.025197884	0.19286938	0.75604796
V337N	V337N	337	337				0.3359345	-1.1232508	0.5887256	0.34134078	-0.3311882	0.71737003	0.8979648	7	0.20384237	0.70444304	2.7614167	Growth	0.12272554	0.42411765	1.6625413
M340L	M340L	340	340				-0.025177293	-0.01521982	-0.12973005	0.6355996	0.50815594	0.7091369	0.76090515	7	0.34909576	0.38916183	1.5255144	Growth	0.21017693	0.23429915	0.9184527
M340Q	M340Q	340	340				1.117483	0.5024889	0.55629206	0.42311826	0.056210287	1.2379869	-2.1378229	7	0.25082237	1.1295595	4.4278736	Growth	0.15101036	0.6800637	2.66585
M340V	M340V	340	340				-2.5965173	3.0410686	-1.2211493	4.517829	1.0168439	4.7283382	1.1969784	7	1.5261987	2.7812142	10.90236	Growth	0.9188647	1.6744605	6.563885
M345D	M345D	345	345				-0.37030458	-0.6271926	-0.3937524	0.03309779	0.053752087	0.38113216	-0.33626547	7	-0.1799333	0.34670496	1.3590834	Growth	-0.108330816	0.20873752	0.81825113
M345L	M345L	345	345				0.9563946	-2.5103757	0.67441887	-0.18971884	-0.7263336	0.98640984	0.5229139	7	-0.040898714	1.2563045	4.9247136	Growth	-0.024623519	0.7563719	2.964978
M345Q	M345Q	345	345				0.6425321	1.2875891	0.60860735	4.8481708	3.5136063	5.0485168	2.511885	7	2.6372724	1.888649	7.4035044	Growth	1.5877987	1.1370819	4.457361
H358K	H358K	358	358				1.6816199	3.048243	2.0323596	4.8231764	2.3045647	2.3160932	5.5942183	7	3.1143248	1.5050243	5.8996954	Growth	1.8750135	0.9061164	3.5519764
H358W	H358W	358	358				1.1842622	3.099879	1.1571937	0.9049739	1.1701474	2.5327666	1.216616	7	1.6094055	0.8468377	3.319604	Growth	0.9689602	0.50984794	1.9986039
K360I	K360I	360	360				3.1195927	3.0268815	3.1031036	4.7888665	2.1887088	1.288372	5.248406	7	3.25199	1.3798791	5.4091263	Growth	1.9578964	0.8307714	3.256624
K360W	K360W	360	360				-0.239164	-2.5764296	-0.3471241	4.761363	-2.629207	-2.4392345	1.1757674	7	-0.3277184	2.6764245	10.491584	Growth	-0.19730647	1.6113708	6.3165736
Y379C	Y379C	379	379				-0.16507626	-0.011147643	0.7692762	0.0053097946	1.3444322	0.63810796	0.8222041	7	0.48615807	0.5560936	2.1798868	Growth	0.2926968	0.33480224	1.3124248
Y379I	Y379I	379	379				-0.15005398	0.9410142	-0.40217346	0.3905353	0.96209335	1.4468415	2.120227	7	0.75835484	0.8860876	3.4734635	Growth	0.45657584	0.53347874	2.0912366
Y379R	Y379R	379	379				0.84820455	-0.5542389	-2.4269462	0.5972772	0.69464695	-2.4983919	1.3944076	7	-0.2778629	1.6021783	6.280539	Growth	-0.16729042	0.964609	3.7812674
K381I	K381I	381	381				-2.6350784	1.6414354	0.14019865	-0.19603483	0.20666218	0.7155405	2.5062299	7	0.3398505	1.6188185	6.345769	Growth	0.20461072	0.97462744	3.8205397
K381Q	K381Q	381	381				-2.5615523	-0.5248587	0.9218911	0.6776137	3.365211	0.35701063	-1.896196	7	0.048445616	1.965422	7.7044544	Growth	0.029167214	1.183304	4.6385517
K381S	K381S	381	381				0.2619132	0.01931316	0.19472007	0.59496987	0.5507991	0.15352209	1.015881	7	0.3987312	0.34325242	1.3455495	Growth	0.2400605	0.20665888	0.8101028
Q406D	Q406D	406	406				-0.68056875	-0.124170646	0.0019465771	2.3742776	1.4545082	1.0400938	1.4478562	7	0.7877061	1.0852112	4.254028	Growth	0.4742471	0.6533633	2.5611842
Q406H	Q406H	406	406				0.39009234	0.31865072	-0.3023431	0.44825184	0.9159187	1.2343962	1.2806833	7	0.6122357	0.5664236	2.2203805	Growth	0.36860323	0.34102154	1.3368045
G411H	G411H	411	411				-2.6382194	2.2375712	-0.48538825	0.59793967	1.3818864	-2.5197558	1.0201696	7	-0.05797095	1.9077064	7.478209	Growth	-0.034902047	1.1485555	4.502338
N412G	N412G	412	412				-2.685032	-2.6701107	-0.31992975	-1.0860246	-2.9484565	-0.38031965	-0.2782938	7	-1.4811667	1.2368774	4.84856	Growth	-0.89175266	0.74467564	2.9191287
N412W	N412W	412	412				-2.7308707	-1.1210957	0.014097459	0.8008181	-2.5736556	1.2446506	0.7150683	7	-0.5215696	1.6399164	6.4284725	Growth	-0.3140167	0.98732966	3.8703322
N415K	N415K	415	415				-2.4858282	-2.4363995	-2.2973273	4.5509605	5.254846	2.4759855	2.5159795	7	1.0826025	3.415021	13.386883	Growth	0.6517927	2.0560508	8.059719
N415V	N415V	415	415				-0.15772273	-2.4850535	-0.09707874	0.5907332	0.5950706	0.7804643	0.8065178	7	0.0047043986	1.1670694	4.574912	Growth	0.0028323347	0.702647	2.7543762
N415Y	N415Y	415	415				0.08927161	3.111463	-2.4112527	-1.2996616	-2.717913	0.8105488	-2.0714064	7	-0.64127856	2.1074681	8.261275	Growth	-0.3860888	1.2688243	4.9737916
C417H	C417H	417	417				-0.38995296	-0.37903336	-0.44730496	-0.7352971	0.4979129	-2.6548827	-2.1496947	7	-0.8940362	1.1074653	4.341264	Growth	-0.5382643	0.66676164	2.6137056
C417I	C417I	417	417				-0.12770618	-0.044333447	-2.3364465	-2.7135146	1.1123835	-2.6776946	-0.43678766	7	-1.0320141	1.5266125	5.984321	Growth	-0.62133545	0.9191138	3.6029263
C417R	C417R	417	417				-0.28823632	-2.5728364	-0.19467127	-0.21826051	0.32958895	0.7696586	0.32533032	7	-0.26420382	1.0882952	4.2661176	Growth	-0.15906681	0.6552201	2.5684628
C417V	C417V	417	417				0.11713436	-2.5766497	0.02397256	-2.6243937	1.1505896	1.1995435	0.833063	7	-0.26810578	1.6580335	6.499491	Growth	-0.16141602	0.99823725	3.91309
I425Q	I425Q	425	425				0.87324005	-0.63482904	-2.042956	1.999691	1.325817	1.7695979	5.1317053	7	1.2031809	2.2519674	8.827712	Growth	0.72438824	1.3558217	5.3148212
I425T	I425T	425	425				0.04996442	-2.5396788	0.22124667	0.6310089	0.662531	0.7439946	-1.8918208	7	-0.30325055	1.3433367	5.26588	Growth	-0.18257532	0.8087706	3.1703808
G432D	G432D	432	432				-2.493532	-0.7948317	2.9675481	-2.0441968	5.100517	0.7006163	-1.5947521	7	0.26305267	2.8401742	11.133483	Growth	0.15837374	1.7099581	6.703036
G432Q	G432Q	432	432				-2.040803	-1.1174016	-2.3912795	1.2142988	-2.857648	0.22340018	-2.2141247	7	-1.3119367	1.5097661	5.9182835	Growth	-0.7898659	0.90897125	3.5631673
G432W	G432W	432	432				-1.352663	-2.5950775	-1.0129851	-2.7514744	-1.0596792	0.5128329	0.5543756	7	-1.1006672	1.3149047	5.1544266	Growth	-0.66266876	0.7916528	3.103279
I433L	I433L	433	433				-0.19286884	-0.5258798	0.46292472	-0.4312881	0.8289458	0.46553227	1.0085108	7	0.23083957	0.61400515	2.4069002	Growth	0.1389795	0.36966854	1.4491007
I433Y	I433Y	433	433				0.13350134	-0.1890108	-0.645932	0.14273767	0.34865242	0.9790466	-0.34594136	7	0.060436267	0.52683777	2.0652041	Growth	0.03638632	0.31718847	1.2433789
K443H	K443H	443	443				0.022362052	0.14005834	1.2343494	1.9088024	0.30344483	-2.4253895	1.096347	7	0.32571062	1.3917147	5.4555216	Growth	0.19609766	0.8378971	3.2845569
K443N	K443N	443	443				3.1997504	1.5014905	-0.4544488	-2.3201253	1.6413667	0.41276765	0.80296886	7	0.68339574	1.7474931	6.8501735	Growth	0.41144592	1.0520974	4.1242223
S444G	S444G	444	444				0.39105168	0.3031031	-2.383457	4.7611423	-2.609277	4.9307137	5.2528543	7	1.5208759	3.4427564	13.495605	Growth	0.91566	2.0727494	8.125177
S444Q	S444Q	444	444				0.973923	1.3213325	-2.208067	-2.4574807	0.288531	0.70694035	1.0152227	7	-0.05137115	1.5918771	6.2401586	Growth	-0.030928565	0.9584071	3.7569559
S446M	S446M	446	446				3.1378264	3.127199	-0.31130648	2.4561975	-2.6862578	2.6381202	1.3560734	7	1.3882645	2.170975	8.510222	Growth	0.8358199	1.3070593	5.1236725
K453A	K453A	453	453				0.5415035	-0.6133391	-0.114709385	0.27573627	2.13868	1.152336	0.7659944	7	0.59231454	0.8936183	3.5029838	Growth	0.35660946	0.5380127	2.1090097
K453Q	K453Q	453	453				3.1655245	-0.9782028	3.106273	1.2678716	1.0850827	-0.48691308	0.58815736	7	1.1068276	1.6030596	6.2839937	Growth	0.6663777	0.9651396	3.7833474
K453V	K453V	453	453				0.6296975	1.3135848	-0.47273412	1.0804031	1.0516557	0.55311793	0.6471481	7	0.68612474	0.58425486	2.2902792	Growth	0.41308892	0.35175705	1.3788877
K456A	K456A	456	456				0.06850813	-0.11696272	0.9299047	1.2766424	1.6960752	1.6212895	1.1736922	7	0.9498785	0.7164533	2.808497	Growth	0.5718848	0.4313486	1.6908865
K456T	K456T	456	456				3.178726	0.25362074	0.8205008	4.6578794	-2.4732556	-2.2716534	0.74040556	7	0.7008891	2.6116588	10.237702	Growth	0.42197797	1.5723778	6.163721
K467C	K467C	467	467				-2.6620195	0.82496506	0.51844007	-0.37084457	5.587922	1.6402316	5.174878	7	1.5305105	2.957211	11.592267	Growth	0.9214607	1.7804214	6.979252
K467H	K467H	467	467				0.18394224	0.3782311	-0.30291048	0.2858769	1.2707894	0.6904441	1.052306	7	0.50838274	0.5385427	2.1110873	Growth	0.30607742	0.32423553	1.2710032
K467P	K467P	467	467				0.38850296	-2.5240974	-0.1770435	-2.5847542	1.1570021	-2.561901	0.94762355	7	-0.7649525	1.7290757	6.777977	Growth	-0.46054804	1.041009	4.080755
K471F	K471F	471	471				0.3468025	0.24793103	0.5467072	1.6670583	-0.10159071	0.7462547	0.90427524	7	0.62249124	0.5674765	2.224508	Growth	0.37477767	0.34165546	1.3392894
